--
-- PostgreSQL database dump
--

\restrict qCvvEfOypBAoryGchAL1NvmLq0mt0h6htVMEEiRkvcYqO0GVcZ9j0T1w1HaWci1

-- Dumped from database version 16.13
-- Dumped by pg_dump version 16.13

SET statement_timeout = 0;
SET lock_timeout = 0;
SET idle_in_transaction_session_timeout = 0;
SET client_encoding = 'UTF8';
SET standard_conforming_strings = on;
SELECT pg_catalog.set_config('search_path', '', false);
SET check_function_bodies = false;
SET xmloption = content;
SET client_min_messages = warning;
SET row_security = off;

--
-- Name: dbo; Type: SCHEMA; Schema: -; Owner: -
--

CREATE SCHEMA dbo;


--
-- Name: accountpayments; Type: VIEW; Schema: dbo; Owner: -
--

CREATE VIEW dbo.accountpayments AS
 SELECT NULL::uuid AS id,
    NULL::uuid AS partnerid,
    NULL::numeric AS amount,
    NULL::text AS paymenttype,
    NULL::text AS state
  WHERE false;


--
-- Name: agents; Type: VIEW; Schema: dbo; Owner: -
--

CREATE VIEW dbo.agents AS
 SELECT NULL::uuid AS id,
    NULL::text AS name
  WHERE false;


SET default_tablespace = '';

SET default_table_access_method = heap;

--
-- Name: appointments; Type: TABLE; Schema: dbo; Owner: -
--

CREATE TABLE dbo.appointments (
    id uuid NOT NULL,
    name text NOT NULL,
    date timestamp without time zone NOT NULL,
    "time" text,
    datetimeappointment timestamp without time zone,
    dateappointmentreminder timestamp without time zone,
    timeexpected integer NOT NULL,
    note text,
    userid text,
    partnerid uuid NOT NULL,
    companyid uuid NOT NULL,
    dotkhamid uuid,
    doctorid uuid,
    state text,
    reason text,
    saleorderid uuid,
    isrepeatcustomer boolean NOT NULL,
    color text,
    createdbyid text,
    writebyid text,
    datecreated timestamp without time zone,
    lastupdated timestamp without time zone,
    leadid uuid,
    callid uuid,
    teamid uuid,
    lastdatereminder timestamp without time zone,
    confirmedid uuid,
    datetimearrived timestamp without time zone,
    datetimedismissed timestamp without time zone,
    datetimeseated timestamp without time zone,
    aptstate text,
    customerreceiptid uuid,
    customercarestatus integer,
    datedone timestamp without time zone,
    isnotreatment boolean NOT NULL,
    crmtaskid uuid,
    productid uuid
);


--
-- Name: COLUMN appointments.productid; Type: COMMENT; Schema: dbo; Owner: -
--

COMMENT ON COLUMN dbo.appointments.productid IS 'FK to dbo.products(id) — the service/product booked for this appointment';


--
-- Name: aspnetusers; Type: VIEW; Schema: dbo; Owner: -
--

CREATE VIEW dbo.aspnetusers AS
 SELECT NULL::text AS id,
    NULL::text AS name
  WHERE false;


--
-- Name: companies; Type: TABLE; Schema: dbo; Owner: -
--

CREATE TABLE dbo.companies (
    id uuid NOT NULL,
    name text NOT NULL,
    partnerid uuid NOT NULL,
    email text,
    phone text,
    periodlockdate timestamp without time zone,
    accountincomeid uuid,
    accountexpenseid uuid,
    logo text,
    active boolean NOT NULL,
    reportheader text,
    reportfooter text,
    notallowexportinventorynegative boolean NOT NULL,
    medicalfacilitycode text,
    createdbyid text,
    writebyid text,
    datecreated timestamp without time zone,
    lastupdated timestamp without time zone,
    isuppercasepartnername boolean NOT NULL,
    ishead boolean NOT NULL,
    paymentsmsvalidation boolean NOT NULL,
    paymentsmsvalidationtemplateid uuid,
    currencyid uuid,
    isconnectconfigmedicalprescription boolean NOT NULL,
    taxbankaccount text,
    taxbankname text,
    taxcode text,
    taxphone text,
    taxunitaddress text,
    taxunitname text,
    einvoiceaccountid uuid,
    einvoicetemplateid uuid,
    defaulthouseholdid uuid,
    revenueinvisibledate timestamp without time zone,
    parentid uuid,
    parentpath text
);


--
-- Name: company_bank_settings; Type: TABLE; Schema: dbo; Owner: -
--

CREATE TABLE dbo.company_bank_settings (
    id integer NOT NULL,
    bank_bin text NOT NULL,
    bank_number text NOT NULL,
    bank_account_name text NOT NULL,
    updated_at timestamp without time zone DEFAULT now()
);


--
-- Name: company_bank_settings_id_seq; Type: SEQUENCE; Schema: dbo; Owner: -
--

CREATE SEQUENCE dbo.company_bank_settings_id_seq
    AS integer
    START WITH 1
    INCREMENT BY 1
    NO MINVALUE
    NO MAXVALUE
    CACHE 1;


--
-- Name: company_bank_settings_id_seq; Type: SEQUENCE OWNED BY; Schema: dbo; Owner: -
--

ALTER SEQUENCE dbo.company_bank_settings_id_seq OWNED BY dbo.company_bank_settings.id;


--
-- Name: crmteams; Type: VIEW; Schema: dbo; Owner: -
--

CREATE VIEW dbo.crmteams AS
 SELECT NULL::uuid AS id,
    NULL::text AS name
  WHERE false;


--
-- Name: customerreceipts; Type: VIEW; Schema: dbo; Owner: -
--

CREATE VIEW dbo.customerreceipts AS
 SELECT NULL::uuid AS id,
    NULL::timestamp without time zone AS dateexamination
  WHERE false;


--
-- Name: customersources; Type: TABLE; Schema: dbo; Owner: -
--

CREATE TABLE dbo.customersources (
    id uuid DEFAULT gen_random_uuid() NOT NULL,
    name character varying(255) NOT NULL,
    type character varying(50) DEFAULT 'offline'::character varying,
    description text,
    is_active boolean DEFAULT true,
    created_at timestamp without time zone DEFAULT CURRENT_TIMESTAMP,
    updated_at timestamp without time zone DEFAULT CURRENT_TIMESTAMP
);


--
-- Name: dotkhams; Type: TABLE; Schema: dbo; Owner: -
--

CREATE TABLE dbo.dotkhams (
    id uuid NOT NULL,
    sequence integer,
    name text,
    saleorderid uuid,
    partnerid uuid,
    date timestamp without time zone,
    reason text,
    state text,
    companyid uuid,
    doctorid uuid,
    appointmentid uuid,
    assistantid uuid,
    accountinvoiceid uuid,
    createdbyid text,
    writebyid text,
    datecreated timestamp without time zone,
    lastupdated timestamp without time zone,
    note text,
    userid text,
    activitystatus text,
    assistantsecondaryid uuid,
    invoicestate text,
    paymentstate text,
    totalamount numeric,
    amountresidual numeric,
    isdeleted boolean
);


--
-- Name: dotkhamsteps; Type: TABLE; Schema: dbo; Owner: -
--

CREATE TABLE dbo.dotkhamsteps (
    id uuid NOT NULL,
    name text,
    productid uuid,
    salelineid uuid,
    saleorderid uuid,
    isdone boolean,
    "order" integer,
    numberoftimes integer,
    datecreated timestamp without time zone,
    lastupdated timestamp without time zone
);


--
-- Name: employee_location_scope; Type: TABLE; Schema: dbo; Owner: -
--

CREATE TABLE dbo.employee_location_scope (
    id uuid DEFAULT gen_random_uuid() NOT NULL,
    employee_id uuid NOT NULL,
    company_id uuid NOT NULL,
    datecreated timestamp without time zone DEFAULT now(),
    lastupdated timestamp without time zone DEFAULT now()
);


--
-- Name: employee_permissions; Type: TABLE; Schema: dbo; Owner: -
--

CREATE TABLE dbo.employee_permissions (
    id uuid DEFAULT gen_random_uuid() NOT NULL,
    employee_id uuid NOT NULL,
    group_id uuid NOT NULL,
    loc_scope text DEFAULT 'assigned'::text NOT NULL,
    datecreated timestamp without time zone DEFAULT now(),
    lastupdated timestamp without time zone DEFAULT now()
);


--
-- Name: partners; Type: TABLE; Schema: dbo; Owner: -
--

CREATE TABLE dbo.partners (
    id uuid NOT NULL,
    displayname text,
    name text NOT NULL,
    namenosign text,
    street text,
    phone text,
    email text,
    supplier boolean NOT NULL,
    customer boolean NOT NULL,
    isagent boolean NOT NULL,
    isinsurance boolean NOT NULL,
    companyid uuid,
    ref text,
    comment text,
    active boolean NOT NULL,
    employee boolean NOT NULL,
    gender text,
    jobtitle text,
    birthyear integer,
    birthmonth integer,
    birthday integer,
    medicalhistory text,
    citycode text,
    cityname text,
    districtcode text,
    districtname text,
    wardcode text,
    wardname text,
    barcode text,
    fax text,
    sourceid uuid,
    referraluserid text,
    note text,
    avatar text,
    zaloid text,
    date timestamp without time zone,
    titleid uuid,
    agentid uuid,
    weight numeric,
    healthinsurancecardnumber text,
    calendarlastnotifack timestamp without time zone,
    createdbyid text,
    writebyid text,
    datecreated timestamp without time zone,
    lastupdated timestamp without time zone,
    iscompany boolean NOT NULL,
    ishead boolean NOT NULL,
    hotline text,
    website text,
    countryid uuid,
    stateid uuid,
    type text,
    userid text,
    stageid uuid,
    sequencenumber integer,
    sequenceprefix text,
    birthdaycustomerstate integer,
    customerthankstate integer,
    emergencyphone text,
    lasttreatmentcompletedate timestamp without time zone,
    treatmentstatus text,
    taxcode text,
    unitaddress text,
    unitname text,
    customername text,
    invoicereceivingmethod text,
    isbusinessinvoice boolean NOT NULL,
    personaladdress text,
    personalname text,
    receiveremail text,
    receiverzalonumber text,
    personalidentitycard text,
    personaltaxcode text,
    citycodev2 text,
    citynamev2 text,
    identitynumber text,
    usedaddressv2 boolean,
    wardcodev2 text,
    wardnamev2 text,
    age integer,
    contactstatusid uuid,
    customerstatus text,
    marketingstaffid text,
    potentiallevel text,
    marketingteamid uuid,
    saleteamid uuid,
    isdeleted boolean NOT NULL,
    password_hash text,
    last_login timestamp without time zone,
    cskhid uuid,
    salestaffid uuid,
    isdoctor boolean DEFAULT false NOT NULL,
    isassistant boolean DEFAULT false NOT NULL,
    isreceptionist boolean DEFAULT false NOT NULL,
    startworkdate timestamp without time zone,
    wage numeric,
    allowance numeric,
    hrjobid uuid,
    face_subject_id text,
    face_registered_at timestamp without time zone
);


--
-- Name: employees; Type: VIEW; Schema: dbo; Owner: -
--

CREATE VIEW dbo.employees AS
 SELECT id,
    name,
    namenosign,
    ref,
    phone,
    email,
    avatar,
    isdoctor,
    isassistant,
    isreceptionist,
    active,
    jobtitle,
    companyid,
    hrjobid,
    wage,
    allowance,
    startworkdate,
    street AS address,
    NULL::text AS identitycard,
        CASE
            WHEN ((birthyear IS NOT NULL) AND (birthmonth IS NOT NULL) AND (birthday IS NOT NULL)) THEN (make_date(birthyear, birthmonth, birthday))::timestamp without time zone
            ELSE NULL::timestamp without time zone
        END AS birthday,
    NULL::numeric AS hourlywage,
    NULL::numeric AS leavepermonth,
    NULL::numeric AS regularhour,
    NULL::numeric AS overtimerate,
    NULL::numeric AS restdayrate,
    NULL::text AS enrollnumber,
    NULL::text AS medicalprescriptioncode,
    datecreated,
    lastupdated
   FROM dbo.partners
  WHERE (employee = true);


--
-- Name: feedback_attachments; Type: TABLE; Schema: dbo; Owner: -
--

CREATE TABLE dbo.feedback_attachments (
    id uuid DEFAULT gen_random_uuid() NOT NULL,
    message_id uuid NOT NULL,
    original_name text NOT NULL,
    stored_name text NOT NULL,
    mime_type text NOT NULL,
    size_bytes integer NOT NULL,
    url text NOT NULL,
    created_at timestamp without time zone DEFAULT now() NOT NULL
);


--
-- Name: feedback_messages; Type: TABLE; Schema: dbo; Owner: -
--

CREATE TABLE dbo.feedback_messages (
    id uuid DEFAULT gen_random_uuid() NOT NULL,
    thread_id uuid NOT NULL,
    author_id uuid,
    content text NOT NULL,
    created_at timestamp without time zone DEFAULT now() NOT NULL
);


--
-- Name: feedback_threads; Type: TABLE; Schema: dbo; Owner: -
--

CREATE TABLE dbo.feedback_threads (
    id uuid DEFAULT gen_random_uuid() NOT NULL,
    employee_id uuid NOT NULL,
    page_url text,
    page_path text,
    screen_size text,
    user_agent text,
    status character varying(50) DEFAULT 'pending'::character varying NOT NULL,
    created_at timestamp without time zone DEFAULT now() NOT NULL,
    updated_at timestamp without time zone DEFAULT now() NOT NULL,
    CONSTRAINT feedback_threads_status_check CHECK (((status)::text = ANY (ARRAY[('pending'::character varying)::text, ('in_progress'::character varying)::text, ('resolved'::character varying)::text, ('ignored'::character varying)::text])))
);


--
-- Name: group_permissions; Type: TABLE; Schema: dbo; Owner: -
--

CREATE TABLE dbo.group_permissions (
    id uuid DEFAULT gen_random_uuid() NOT NULL,
    group_id uuid NOT NULL,
    permission text NOT NULL
);


--
-- Name: hrjobs; Type: VIEW; Schema: dbo; Owner: -
--

CREATE VIEW dbo.hrjobs AS
 SELECT NULL::uuid AS id,
    NULL::text AS name
  WHERE false;


--
-- Name: monthlyplan_items; Type: TABLE; Schema: dbo; Owner: -
--

CREATE TABLE dbo.monthlyplan_items (
    id uuid DEFAULT gen_random_uuid() NOT NULL,
    plan_id uuid NOT NULL,
    invoice_id uuid NOT NULL,
    priority integer DEFAULT 0 NOT NULL,
    created_at timestamp without time zone DEFAULT now()
);


--
-- Name: monthlyplans; Type: TABLE; Schema: dbo; Owner: -
--

CREATE TABLE dbo.monthlyplans (
    id uuid DEFAULT gen_random_uuid() NOT NULL,
    customer_id uuid,
    company_id uuid,
    treatment_description text,
    total_amount numeric(12,2) NOT NULL,
    down_payment numeric(12,2) DEFAULT 0 NOT NULL,
    installment_amount numeric(12,2) NOT NULL,
    number_of_installments integer NOT NULL,
    start_date date NOT NULL,
    status character varying(50) DEFAULT 'active'::character varying,
    notes text,
    created_at timestamp without time zone DEFAULT CURRENT_TIMESTAMP,
    updated_at timestamp without time zone DEFAULT CURRENT_TIMESTAMP
);


--
-- Name: partnersources; Type: VIEW; Schema: dbo; Owner: -
--

CREATE VIEW dbo.partnersources AS
 SELECT NULL::uuid AS id,
    NULL::text AS name
  WHERE false;


--
-- Name: payment_allocations; Type: TABLE; Schema: dbo; Owner: -
--

CREATE TABLE dbo.payment_allocations (
    id uuid DEFAULT gen_random_uuid() NOT NULL,
    payment_id uuid NOT NULL,
    invoice_id uuid NOT NULL,
    allocated_amount numeric(15,2) DEFAULT 0 NOT NULL,
    created_at timestamp without time zone DEFAULT now(),
    dotkham_id uuid,
    CONSTRAINT chk_payment_allocation_target CHECK ((((invoice_id IS NOT NULL) AND (dotkham_id IS NULL)) OR ((invoice_id IS NULL) AND (dotkham_id IS NOT NULL)) OR ((invoice_id IS NULL) AND (dotkham_id IS NULL)))),
    CONSTRAINT payment_allocations_allocated_amount_check CHECK ((allocated_amount >= (0)::numeric))
);


--
-- Name: payment_proofs; Type: TABLE; Schema: dbo; Owner: -
--

CREATE TABLE dbo.payment_proofs (
    id integer NOT NULL,
    payment_id integer,
    proof_image text NOT NULL,
    qr_description text,
    qr_generated_at timestamp without time zone DEFAULT now(),
    created_at timestamp without time zone DEFAULT now()
);


--
-- Name: payment_proofs_id_seq; Type: SEQUENCE; Schema: dbo; Owner: -
--

CREATE SEQUENCE dbo.payment_proofs_id_seq
    AS integer
    START WITH 1
    INCREMENT BY 1
    NO MINVALUE
    NO MAXVALUE
    CACHE 1;


--
-- Name: payment_proofs_id_seq; Type: SEQUENCE OWNED BY; Schema: dbo; Owner: -
--

ALTER SEQUENCE dbo.payment_proofs_id_seq OWNED BY dbo.payment_proofs.id;


--
-- Name: payments; Type: TABLE; Schema: dbo; Owner: -
--

CREATE TABLE dbo.payments (
    id uuid DEFAULT gen_random_uuid() NOT NULL,
    customer_id uuid,
    service_id uuid,
    amount numeric DEFAULT 0,
    method text DEFAULT 'cash'::text,
    notes text,
    created_at timestamp without time zone DEFAULT now(),
    payment_date date,
    reference_code text,
    status character varying(20) DEFAULT 'posted'::character varying,
    deposit_used numeric(15,2) DEFAULT 0,
    cash_amount numeric(15,2) DEFAULT 0,
    bank_amount numeric(15,2) DEFAULT 0,
    receipt_number text,
    deposit_type character varying(20),
    CONSTRAINT chk_payments_deposit_type CHECK (((deposit_type IS NULL) OR ((deposit_type)::text = ANY (ARRAY[('deposit'::character varying)::text, ('refund'::character varying)::text, ('usage'::character varying)::text]))))
);


--
-- Name: permission_groups; Type: TABLE; Schema: dbo; Owner: -
--

CREATE TABLE dbo.permission_groups (
    id uuid DEFAULT gen_random_uuid() NOT NULL,
    name text NOT NULL,
    color text DEFAULT '#94A3B8'::text NOT NULL,
    description text,
    is_system boolean DEFAULT false NOT NULL,
    datecreated timestamp without time zone DEFAULT now(),
    lastupdated timestamp without time zone DEFAULT now()
);


--
-- Name: permission_overrides; Type: TABLE; Schema: dbo; Owner: -
--

CREATE TABLE dbo.permission_overrides (
    id uuid DEFAULT gen_random_uuid() NOT NULL,
    employee_id uuid NOT NULL,
    permission text NOT NULL,
    override_type text NOT NULL,
    datecreated timestamp without time zone DEFAULT now(),
    CONSTRAINT permission_overrides_override_type_check CHECK ((override_type = ANY (ARRAY['grant'::text, 'revoke'::text])))
);


--
-- Name: planinstallments; Type: TABLE; Schema: dbo; Owner: -
--

CREATE TABLE dbo.planinstallments (
    id uuid DEFAULT gen_random_uuid() NOT NULL,
    plan_id uuid,
    installment_number integer NOT NULL,
    due_date date NOT NULL,
    amount numeric(12,2) NOT NULL,
    status character varying(50) DEFAULT 'pending'::character varying,
    paid_date date,
    paid_amount numeric(12,2),
    created_at timestamp without time zone DEFAULT CURRENT_TIMESTAMP
);


--
-- Name: productcategories; Type: TABLE; Schema: dbo; Owner: -
--

CREATE TABLE dbo.productcategories (
    id uuid DEFAULT gen_random_uuid() NOT NULL,
    name text NOT NULL,
    completename text,
    parentid uuid,
    active boolean DEFAULT true NOT NULL,
    datecreated timestamp without time zone DEFAULT now(),
    lastupdated timestamp without time zone DEFAULT now()
);


--
-- Name: products; Type: TABLE; Schema: dbo; Owner: -
--

CREATE TABLE dbo.products (
    id uuid DEFAULT gen_random_uuid() NOT NULL,
    name text NOT NULL,
    namenosign text,
    defaultcode text,
    type text DEFAULT 'service'::text,
    type2 text DEFAULT 'service'::text,
    listprice numeric DEFAULT 0,
    saleprice numeric DEFAULT 0,
    purchaseprice numeric DEFAULT 0,
    laboprice numeric DEFAULT 0,
    categid uuid,
    uomid uuid,
    uomname text DEFAULT 'Lần'::text,
    companyid uuid,
    active boolean DEFAULT true NOT NULL,
    canorderlab boolean DEFAULT false NOT NULL,
    datecreated timestamp without time zone DEFAULT now(),
    lastupdated timestamp without time zone DEFAULT now()
);


--
-- Name: receipt_sequences; Type: TABLE; Schema: dbo; Owner: -
--

CREATE TABLE dbo.receipt_sequences (
    id integer NOT NULL,
    prefix character varying(10) DEFAULT 'TUKH'::character varying NOT NULL,
    year integer NOT NULL,
    last_number integer DEFAULT 0 NOT NULL
);


--
-- Name: receipt_sequences_id_seq; Type: SEQUENCE; Schema: dbo; Owner: -
--

CREATE SEQUENCE dbo.receipt_sequences_id_seq
    AS integer
    START WITH 1
    INCREMENT BY 1
    NO MINVALUE
    NO MAXVALUE
    CACHE 1;


--
-- Name: receipt_sequences_id_seq; Type: SEQUENCE OWNED BY; Schema: dbo; Owner: -
--

ALTER SEQUENCE dbo.receipt_sequences_id_seq OWNED BY dbo.receipt_sequences.id;


--
-- Name: saleorder_code_seq; Type: SEQUENCE; Schema: dbo; Owner: -
--

CREATE SEQUENCE dbo.saleorder_code_seq
    START WITH 1
    INCREMENT BY 1
    NO MINVALUE
    NO MAXVALUE
    CACHE 1;


--
-- Name: saleorderlines; Type: TABLE; Schema: dbo; Owner: -
--

CREATE TABLE dbo.saleorderlines (
    id uuid DEFAULT gen_random_uuid() NOT NULL,
    orderid uuid,
    productid uuid,
    productname text,
    pricetotal numeric DEFAULT 0,
    isdeleted boolean DEFAULT false,
    datecreated timestamp without time zone DEFAULT now()
);


--
-- Name: saleorders; Type: TABLE; Schema: dbo; Owner: -
--

CREATE TABLE dbo.saleorders (
    id uuid DEFAULT gen_random_uuid() NOT NULL,
    name text,
    partnerid uuid,
    companyid uuid,
    doctorid uuid,
    amounttotal numeric DEFAULT 0,
    residual numeric DEFAULT 0,
    totalpaid numeric DEFAULT 0,
    state text DEFAULT 'draft'::text,
    isdeleted boolean DEFAULT false,
    datecreated timestamp without time zone DEFAULT now(),
    assistantid uuid,
    quantity numeric DEFAULT 1,
    unit text DEFAULT 'răng'::text,
    dentalaideid uuid,
    datestart date,
    dateend date,
    notes text,
    code text
);


--
-- Name: systempreferences; Type: TABLE; Schema: dbo; Owner: -
--

CREATE TABLE dbo.systempreferences (
    id uuid DEFAULT gen_random_uuid() NOT NULL,
    key character varying(100) NOT NULL,
    value text,
    type character varying(50) DEFAULT 'string'::character varying,
    category character varying(100),
    description text,
    is_public boolean DEFAULT true,
    created_at timestamp without time zone DEFAULT CURRENT_TIMESTAMP,
    updated_at timestamp without time zone DEFAULT CURRENT_TIMESTAMP
);


--
-- Name: websitepages; Type: TABLE; Schema: dbo; Owner: -
--

CREATE TABLE dbo.websitepages (
    id uuid DEFAULT gen_random_uuid() NOT NULL,
    company_id uuid,
    title character varying(255) NOT NULL,
    slug character varying(255) NOT NULL,
    status character varying(50) DEFAULT 'draft'::character varying,
    content text,
    template character varying(100) DEFAULT 'default'::character varying,
    author character varying(255),
    seo jsonb DEFAULT '{"title": "", "ogImage": "", "keywords": [], "description": "", "canonicalUrl": ""}'::jsonb,
    views integer DEFAULT 0,
    created_at timestamp without time zone DEFAULT CURRENT_TIMESTAMP,
    updated_at timestamp without time zone DEFAULT CURRENT_TIMESTAMP
);


--
-- Name: company_bank_settings; Type: TABLE; Schema: public; Owner: -
--

CREATE TABLE public.company_bank_settings (
    id integer NOT NULL,
    bank_bin character varying(20) NOT NULL,
    bank_number character varying(50) NOT NULL,
    bank_account_name character varying(200) NOT NULL,
    updated_at timestamp without time zone DEFAULT now()
);


--
-- Name: company_bank_settings_id_seq; Type: SEQUENCE; Schema: public; Owner: -
--

CREATE SEQUENCE public.company_bank_settings_id_seq
    AS integer
    START WITH 1
    INCREMENT BY 1
    NO MINVALUE
    NO MAXVALUE
    CACHE 1;


--
-- Name: company_bank_settings_id_seq; Type: SEQUENCE OWNED BY; Schema: public; Owner: -
--

ALTER SEQUENCE public.company_bank_settings_id_seq OWNED BY public.company_bank_settings.id;


--
-- Name: payment_proofs; Type: TABLE; Schema: public; Owner: -
--

CREATE TABLE public.payment_proofs (
    id integer NOT NULL,
    payment_id integer,
    proof_image text NOT NULL,
    qr_description text,
    qr_generated_at timestamp without time zone DEFAULT now(),
    created_at timestamp without time zone DEFAULT now()
);


--
-- Name: payment_proofs_id_seq; Type: SEQUENCE; Schema: public; Owner: -
--

CREATE SEQUENCE public.payment_proofs_id_seq
    AS integer
    START WITH 1
    INCREMENT BY 1
    NO MINVALUE
    NO MAXVALUE
    CACHE 1;


--
-- Name: payment_proofs_id_seq; Type: SEQUENCE OWNED BY; Schema: public; Owner: -
--

ALTER SEQUENCE public.payment_proofs_id_seq OWNED BY public.payment_proofs.id;


--
-- Name: receipt_sequences; Type: TABLE; Schema: public; Owner: -
--

CREATE TABLE public.receipt_sequences (
    id integer NOT NULL,
    prefix character varying(10) DEFAULT 'TUKH'::character varying NOT NULL,
    year integer NOT NULL,
    last_number integer DEFAULT 0 NOT NULL
);


--
-- Name: receipt_sequences_id_seq; Type: SEQUENCE; Schema: public; Owner: -
--

CREATE SEQUENCE public.receipt_sequences_id_seq
    AS integer
    START WITH 1
    INCREMENT BY 1
    NO MINVALUE
    NO MAXVALUE
    CACHE 1;


--
-- Name: receipt_sequences_id_seq; Type: SEQUENCE OWNED BY; Schema: public; Owner: -
--

ALTER SEQUENCE public.receipt_sequences_id_seq OWNED BY public.receipt_sequences.id;


--
-- Name: company_bank_settings id; Type: DEFAULT; Schema: dbo; Owner: -
--

ALTER TABLE ONLY dbo.company_bank_settings ALTER COLUMN id SET DEFAULT nextval('dbo.company_bank_settings_id_seq'::regclass);


--
-- Name: payment_proofs id; Type: DEFAULT; Schema: dbo; Owner: -
--

ALTER TABLE ONLY dbo.payment_proofs ALTER COLUMN id SET DEFAULT nextval('dbo.payment_proofs_id_seq'::regclass);


--
-- Name: receipt_sequences id; Type: DEFAULT; Schema: dbo; Owner: -
--

ALTER TABLE ONLY dbo.receipt_sequences ALTER COLUMN id SET DEFAULT nextval('dbo.receipt_sequences_id_seq'::regclass);


--
-- Name: company_bank_settings id; Type: DEFAULT; Schema: public; Owner: -
--

ALTER TABLE ONLY public.company_bank_settings ALTER COLUMN id SET DEFAULT nextval('public.company_bank_settings_id_seq'::regclass);


--
-- Name: payment_proofs id; Type: DEFAULT; Schema: public; Owner: -
--

ALTER TABLE ONLY public.payment_proofs ALTER COLUMN id SET DEFAULT nextval('public.payment_proofs_id_seq'::regclass);


--
-- Name: receipt_sequences id; Type: DEFAULT; Schema: public; Owner: -
--

ALTER TABLE ONLY public.receipt_sequences ALTER COLUMN id SET DEFAULT nextval('public.receipt_sequences_id_seq'::regclass);


--
-- Data for Name: appointments; Type: TABLE DATA; Schema: dbo; Owner: -
--

COPY dbo.appointments (id, name, date, "time", datetimeappointment, dateappointmentreminder, timeexpected, note, userid, partnerid, companyid, dotkhamid, doctorid, state, reason, saleorderid, isrepeatcustomer, color, createdbyid, writebyid, datecreated, lastupdated, leadid, callid, teamid, lastdatereminder, confirmedid, datetimearrived, datetimedismissed, datetimeseated, aptstate, customerreceiptid, customercarestatus, datedone, isnotreatment, crmtaskid, productid) FROM stdin;
afb8d354-2743-46f8-a871-b03100222700	AP01541	2023-06-30 11:30:00	\N	\N	\N	60	\N	\N	1e9d5389-810b-436c-8dbb-b0310021f217	c6b4b453-d260-46d4-4fd9-08db24f7ae8e	\N	dbefd061-dbb0-44d7-8eed-afe3007a8017	done	\N	\N	f	0	b0eb3d9c-40f9-4840-aeae-87b63c24e64f	b0eb3d9c-40f9-4840-aeae-87b63c24e64f	2023-06-30 09:04:20.692868	2023-06-30 13:59:43.042274	\N	\N	\N	\N	\N	\N	\N	\N	\N	\N	\N	\N	f	\N	\N
2b8bab79-0bae-4595-acc2-b0310065cfd5	AP01556	2023-07-10 10:00:00	\N	\N	\N	60	MÀI SỨ	\N	1e9d5389-810b-436c-8dbb-b0310021f217	c6b4b453-d260-46d4-4fd9-08db24f7ae8e	\N	dbefd061-dbb0-44d7-8eed-afe3007a8017	done	\N	\N	f	3	661769c7-fe5d-4de0-97b3-12d129198ccc	661769c7-fe5d-4de0-97b3-12d129198ccc	2023-06-30 13:10:41.135866	2023-07-10 10:50:54.450781	\N	\N	\N	\N	\N	\N	\N	\N	\N	\N	\N	\N	f	\N	\N
c1cfa517-2392-4c46-a920-b03b00631ff4	AP01874	2023-07-13 10:30:00	\N	\N	\N	30	Thử Răng - Ý	\N	1e9d5389-810b-436c-8dbb-b0310021f217	c6b4b453-d260-46d4-4fd9-08db24f7ae8e	\N	dbefd061-dbb0-44d7-8eed-afe3007a8017	done	\N	\N	f	3	b0eb3d9c-40f9-4840-aeae-87b63c24e64f	b4ce78f5-c73f-4f36-888a-914287165026	2023-07-10 13:00:54.147205	2023-07-13 10:23:57.373806	\N	\N	\N	\N	\N	\N	\N	\N	\N	\N	\N	\N	f	\N	\N
6aee400c-78d0-4f84-8a51-b03e0043a62d	AP01992	2023-07-15 13:30:00	\N	\N	\N	30	GẮN KT - Ý 	\N	1e9d5389-810b-436c-8dbb-b0310021f217	c6b4b453-d260-46d4-4fd9-08db24f7ae8e	\N	dbefd061-dbb0-44d7-8eed-afe3007a8017	done	\N	\N	f	3	b4ce78f5-c73f-4f36-888a-914287165026	661769c7-fe5d-4de0-97b3-12d129198ccc	2023-07-13 11:06:18.177448	2023-07-15 15:04:12.066385	\N	\N	\N	\N	\N	\N	\N	\N	\N	\N	\N	\N	f	\N	\N
1d74e3c9-300c-493f-902e-b10b006baae0	AP18553	2024-02-04 10:00:00	\N	\N	\N	60	MCLD Sứ 4R - Quyên	\N	e9fd09c2-e3be-4c59-88e0-b1030040130f	b178d5ee-d9ac-477e-088e-08db9a4c4cf4	\N	6ac1a478-0568-4ec6-a3d6-b05b009de13d	done	\N	\N	t	4	8a553679-4de6-496c-8cf3-a25b09f124b4	8a553679-4de6-496c-8cf3-a25b09f124b4	2024-02-03 13:32:00.320007	2024-02-04 10:40:58.943243	\N	\N	\N	\N	\N	\N	\N	\N	\N	\N	\N	\N	f	\N	\N
757d5337-d5c3-4b62-8267-b10c00a2090d	AP18674	2024-02-05 17:30:00	\N	\N	\N	60	gắn sứ ( THU THÊM 3tr1) - quyên	\N	e9fd09c2-e3be-4c59-88e0-b1030040130f	b178d5ee-d9ac-477e-088e-08db9a4c4cf4	\N	6ac1a478-0568-4ec6-a3d6-b05b009de13d	done	\N	\N	t	4	8a553679-4de6-496c-8cf3-a25b09f124b4	8a553679-4de6-496c-8cf3-a25b09f124b4	2024-02-04 16:49:57.161136	2024-02-05 17:22:31.232896	\N	\N	\N	\N	\N	\N	\N	\N	\N	\N	\N	\N	f	\N	\N
74148cc5-9ef3-4098-a898-b1660089956a	AP30330	2024-05-20 17:00:00	\N	\N	\N	60	GDLCN - GMC - TRÂM	\N	a62414fe-b577-41a2-84d1-b14d008dc0c5	765f6593-2b19-4d06-cc8c-08dc4d479451	\N	b41477e0-8eed-4520-a41a-b145008c51b0	done	\N	\N	f	4	1301042d-f731-41ef-b3d4-4f075d59c711	aedc7e28-b6c1-44e0-a895-8524012c03e4	2024-05-04 15:20:55.604329	2024-05-20 16:20:00.521218	\N	\N	\N	\N	\N	\N	\N	\N	confirmed	89582f8e-8091-464b-89cd-b1760099cf9c	\N	\N	f	\N	\N
6ff9080a-94a5-486a-983b-b17400aa3f37	AP33050	2024-05-26 15:00:00	\N	\N	\N	60	Tư vấn niềng răng 	a5e29ed2-853c-4e2b-9fb6-0506732dbf1f	140d4c43-227b-4a1f-93e7-b17400aa26b1	cad65000-6ff3-47c7-cc8d-08dc4d479451	\N	fd67fda4-42ea-4f85-b100-b14c0090e6e4	done	\N	\N	f	2	a5e29ed2-853c-4e2b-9fb6-0506732dbf1f	34faeb06-ee46-4277-bb29-544c49a99771	2024-05-18 17:19:51.00757	2024-05-26 16:16:38.345804	\N	\N	\N	\N	\N	\N	\N	\N	confirmed	5bbc2e79-39a3-4c99-b7cd-b17c00893945	\N	\N	f	\N	\N
928bc3aa-8335-4b89-a0d4-b17600d100e4	AP33447	2024-07-03 10:15:00	\N	\N	\N	30	TĂNG LỰC  + NCR 36 - TRÂM	aedc7e28-b6c1-44e0-a895-8524012c03e4	a62414fe-b577-41a2-84d1-b14d008dc0c5	765f6593-2b19-4d06-cc8c-08dc4d479451	\N	b41477e0-8eed-4520-a41a-b145008c51b0	done	\N	\N	t	3	aedc7e28-b6c1-44e0-a895-8524012c03e4	aedc7e28-b6c1-44e0-a895-8524012c03e4	2024-05-20 19:40:57.503834	2024-07-03 11:17:35.966583	\N	\N	\N	\N	\N	\N	\N	\N	confirmed	780f765d-ccaa-4022-84b7-b1a20046c075	\N	\N	f	\N	\N
a252c884-95c9-4bbe-a690-b1770040eee6	AP33492	2024-05-21 15:00:00	\N	\N	\N	60	THỬ SỨ - THẢO 	2eb12148-bf3f-4694-8f3e-0a7db0815502	e2972973-56ed-4b6e-a411-b1760022319c	b178d5ee-d9ac-477e-088e-08db9a4c4cf4	\N	7f9f1030-20ea-4c23-84e6-b16000c1e144	done	\N	\N	t	3	2eb12148-bf3f-4694-8f3e-0a7db0815502	2eb12148-bf3f-4694-8f3e-0a7db0815502	2024-05-21 10:56:24.872658	2024-05-21 14:57:26.902845	\N	\N	\N	\N	\N	\N	\N	\N	confirmed	d11193ab-5820-409c-b3f7-b17700832296	\N	\N	f	\N	\N
5c53123a-ac62-41c1-86cc-b17700b17a85	AP33613	2024-05-22 15:00:00	\N	\N	\N	60	thử sứ - Thảo 	2eb12148-bf3f-4694-8f3e-0a7db0815502	e2972973-56ed-4b6e-a411-b1760022319c	b178d5ee-d9ac-477e-088e-08db9a4c4cf4	\N	7f9f1030-20ea-4c23-84e6-b16000c1e144	done	\N	\N	t	3	2eb12148-bf3f-4694-8f3e-0a7db0815502	2eb12148-bf3f-4694-8f3e-0a7db0815502	2024-05-21 17:46:10.787066	2024-05-22 15:31:31.792862	\N	\N	\N	\N	\N	\N	\N	\N	confirmed	a0964f45-8598-408d-a7ee-b178008c7ef1	\N	\N	f	\N	\N
88d73a48-4865-4298-bd0a-b18300b44518	AP35903	2024-06-06 09:00:00	\N	\N	\N	30	hàn răng - HA	34faeb06-ee46-4277-bb29-544c49a99771	140d4c43-227b-4a1f-93e7-b17400aa26b1	cad65000-6ff3-47c7-cc8d-08dc4d479451	\N	fd67fda4-42ea-4f85-b100-b14c0090e6e4	done	\N	\N	f	4	34faeb06-ee46-4277-bb29-544c49a99771	34faeb06-ee46-4277-bb29-544c49a99771	2024-06-02 17:56:20.558793	2024-06-06 09:23:52.492207	\N	\N	\N	\N	\N	\N	\N	\N	confirmed	204c7150-f03b-4657-91e6-b18700278430	\N	\N	f	\N	\N
242962af-d06f-4ef0-b01f-b187002d89d1	AP36504	2024-06-14 09:00:00	\N	\N	\N	60	hàn cứng	34faeb06-ee46-4277-bb29-544c49a99771	140d4c43-227b-4a1f-93e7-b17400aa26b1	cad65000-6ff3-47c7-cc8d-08dc4d479451	\N	fd67fda4-42ea-4f85-b100-b14c0090e6e4	done	\N	\N	t	3	34faeb06-ee46-4277-bb29-544c49a99771	34faeb06-ee46-4277-bb29-544c49a99771	2024-06-06 09:45:48.004534	2024-06-14 09:02:01.481562	\N	\N	\N	\N	\N	\N	\N	\N	confirmed	951fc075-e166-4e70-b7e5-b18f002183da	\N	\N	f	\N	\N
f8459096-6581-4a91-aecc-b193003bfa09	AP38645	2024-06-19 17:00:00	\N	\N	\N	60	ĐTT tiếp - Thảo 	2eb12148-bf3f-4694-8f3e-0a7db0815502	e2972973-56ed-4b6e-a411-b1760022319c	b178d5ee-d9ac-477e-088e-08db9a4c4cf4	\N	7f9f1030-20ea-4c23-84e6-b16000c1e144	done	\N	\N	t	3	2eb12148-bf3f-4694-8f3e-0a7db0815502	2eb12148-bf3f-4694-8f3e-0a7db0815502	2024-06-18 10:38:22.110416	2024-06-19 17:02:35.865098	\N	\N	\N	\N	\N	\N	\N	\N	confirmed	9ebd1570-8537-4705-b4d2-b19400a58227	\N	\N	f	\N	\N
a36c5aea-fb4c-4d51-a5b4-b1ce00a363f5	AP50542	2024-08-17 10:00:00	\N	\N	\N	60	kiểm tra răng - Thảo 	2eb12148-bf3f-4694-8f3e-0a7db0815502	e2972973-56ed-4b6e-a411-b1760022319c	b178d5ee-d9ac-477e-088e-08db9a4c4cf4	\N	7f9f1030-20ea-4c23-84e6-b16000c1e144	done	\N	\N	t	5	2eb12148-bf3f-4694-8f3e-0a7db0815502	2eb12148-bf3f-4694-8f3e-0a7db0815502	2024-08-16 16:54:53.188874	2024-08-17 09:48:08.186144	\N	\N	\N	\N	\N	\N	\N	\N	confirmed	9d272815-b40b-4429-b089-b1cf002e2e02	1	\N	f	\N	\N
4a68bc7f-a8bd-4cce-aaeb-b1ce00c77e5c	AP50594	2024-08-17 14:00:00	\N	\N	\N	60	KTQ - răng đau	34faeb06-ee46-4277-bb29-544c49a99771	80953c05-6320-4feb-b31e-b1ce00c73f79	cad65000-6ff3-47c7-cc8d-08dc4d479451	\N	f1abd11e-6309-4b5b-add9-b14c0090f199	done	\N	\N	t	4	34faeb06-ee46-4277-bb29-544c49a99771	34faeb06-ee46-4277-bb29-544c49a99771	2024-08-16 19:06:20.038095	2024-08-17 14:29:04.78601	\N	\N	\N	\N	\N	\N	\N	\N	confirmed	7bfa43c7-5786-4410-8e35-b1cf0079c456	1	\N	f	\N	\N
5c87e220-c758-4820-9abb-b1cf00acaebd	AP50781	2024-08-22 09:30:00	\N	\N	\N	60	lắp răng - Hải - oki	34faeb06-ee46-4277-bb29-544c49a99771	80953c05-6320-4feb-b31e-b1ce00c73f79	cad65000-6ff3-47c7-cc8d-08dc4d479451	\N	a3a0e8dc-6b40-468f-803b-b1cf0063ad84	done	\N	\N	f	3	34faeb06-ee46-4277-bb29-544c49a99771	34faeb06-ee46-4277-bb29-544c49a99771	2024-08-17 17:28:43.08065	2024-08-22 09:32:29.064524	\N	\N	\N	\N	\N	\N	\N	\N	confirmed	\N	1	\N	f	\N	\N
d2de1ab9-cb9a-450f-8e48-b1d000b917e4	AP51024	2024-08-23 09:30:00	\N	\N	\N	15	NHỔ RĂNG -QUYÊN 	2eb12148-bf3f-4694-8f3e-0a7db0815502	e9fd09c2-e3be-4c59-88e0-b1030040130f	b178d5ee-d9ac-477e-088e-08db9a4c4cf4	\N	ed346f4b-c27b-428f-8e46-b05b009de13d	done	\N	\N	t	3	2eb12148-bf3f-4694-8f3e-0a7db0815502	2eb12148-bf3f-4694-8f3e-0a7db0815502	2024-08-18 18:13:54.25239	2024-08-23 10:05:03.554092	\N	\N	\N	\N	\N	\N	\N	\N	confirmed	631b8aa0-8177-44d0-a1b9-b1d50032d3e8	1	\N	f	\N	\N
afe18863-2d89-44cd-b9c7-b1d5004fa20c	AP51996	2024-09-22 12:00:00	\N	\N	\N	30	mcld 12-21 - Quyên 	2eb12148-bf3f-4694-8f3e-0a7db0815502	e9fd09c2-e3be-4c59-88e0-b1030040130f	b178d5ee-d9ac-477e-088e-08db9a4c4cf4	\N	ed346f4b-c27b-428f-8e46-b05b009de13d	done	\N	\N	t	3	2eb12148-bf3f-4694-8f3e-0a7db0815502	2eb12148-bf3f-4694-8f3e-0a7db0815502	2024-08-23 11:49:56.094445	2024-09-22 10:22:43.112074	\N	\N	\N	\N	\N	\N	\N	\N	confirmed	d30e4386-4991-483c-a465-b1f30037ad9f	1	\N	f	\N	\N
acb61377-6741-4d71-bfeb-b1d5004fed83	AP51998	2024-08-24 16:00:00	\N	\N	\N	30	lắp răng	34faeb06-ee46-4277-bb29-544c49a99771	80953c05-6320-4feb-b31e-b1ce00c73f79	cad65000-6ff3-47c7-cc8d-08dc4d479451	\N	\N	done	\N	\N	t	3	34faeb06-ee46-4277-bb29-544c49a99771	34faeb06-ee46-4277-bb29-544c49a99771	2024-08-23 11:51:00.488768	2024-08-24 16:29:10.156198	\N	\N	\N	\N	\N	\N	\N	\N	confirmed	e878b8ea-9695-4216-9fec-b1d6009c53b3	1	\N	f	\N	\N
6848efe1-6816-4c78-a3f1-b1d600a8e110	AP52276	2024-08-26 17:00:00	\N	\N	\N	60	lắp R - oki	34faeb06-ee46-4277-bb29-544c49a99771	80953c05-6320-4feb-b31e-b1ce00c73f79	cad65000-6ff3-47c7-cc8d-08dc4d479451	\N	fd67fda4-42ea-4f85-b100-b14c0090e6e4	done	\N	\N	f	4	34faeb06-ee46-4277-bb29-544c49a99771	34faeb06-ee46-4277-bb29-544c49a99771	2024-08-24 17:14:52.211583	2024-08-26 16:45:43.580642	\N	\N	\N	\N	\N	\N	\N	\N	confirmed	\N	1	\N	f	\N	\N
5bf1d97b-cd86-48ef-97e4-b1f3004ae35f	AP57879	2024-10-06 11:00:00	\N	\N	\N	30	gắn răng - quyên	2eb12148-bf3f-4694-8f3e-0a7db0815502	e9fd09c2-e3be-4c59-88e0-b1030040130f	b178d5ee-d9ac-477e-088e-08db9a4c4cf4	\N	ed346f4b-c27b-428f-8e46-b05b009de13d	done	\N	\N	t	3	2eb12148-bf3f-4694-8f3e-0a7db0815502	2eb12148-bf3f-4694-8f3e-0a7db0815502	2024-09-22 11:32:39.569084	2024-10-06 10:24:18.371607	\N	\N	\N	\N	\N	\N	\N	\N	confirmed	bf477adf-d541-48db-b63d-b20100381d33	1	\N	f	\N	\N
6c821846-f45f-4ffb-857f-b217003b57af	AP65866	2024-10-28 18:00:00	\N	\N	\N	30	Tư vấn răng sứ	816d038b-856e-4227-9b19-9cac831fe139	7f38b288-2f0f-4caa-81ac-b217003b3c31	6861c928-0e13-4664-c781-08dcdfa45074	\N	\N	done	\N	\N	f	2	816d038b-856e-4227-9b19-9cac831fe139	557ae18c-c3b7-44a5-80b4-726395a545f6	2024-10-28 10:36:03.571989	2024-10-28 18:46:30.986562	\N	\N	\N	\N	\N	\N	\N	\N	confirmed	03951f27-4560-4914-a70c-b21700c20cea	1	\N	f	\N	\N
c8aad010-ef3d-456c-9579-b21800ddc89a	AP66262	2024-10-30 09:15:00	\N	\N	\N	30	MCLD -nthao	4849e001-51cb-47b5-864b-9bb0405cc376	7f38b288-2f0f-4caa-81ac-b217003b3c31	6861c928-0e13-4664-c781-08dcdfa45074	\N	c48e8550-f68f-4be5-89bb-b2110032b4e1	done	\N	\N	f	0	4849e001-51cb-47b5-864b-9bb0405cc376	557ae18c-c3b7-44a5-80b4-726395a545f6	2024-10-29 20:27:29.3627	2024-10-30 09:12:47.954217	\N	\N	\N	\N	\N	\N	\N	\N	confirmed	\N	1	\N	f	\N	\N
2a2d7e5b-e1b7-43d2-ad10-b219008458dd	AP66407	2024-11-01 10:00:00	\N	\N	\N	60	GẮN SỨ 11,12	45119c4a-ee11-4b5d-9df6-8d0fd9d7a25d	7f38b288-2f0f-4caa-81ac-b217003b3c31	6861c928-0e13-4664-c781-08dcdfa45074	\N	c48e8550-f68f-4be5-89bb-b2110032b4e1	done	\N	\N	f	4	45119c4a-ee11-4b5d-9df6-8d0fd9d7a25d	bd0a4290-cb99-4b8c-a00f-53c9375df455	2024-10-30 15:01:51.667589	2024-11-01 10:44:58.047625	\N	\N	\N	\N	\N	\N	\N	\N	confirmed	e6accf51-c9bb-4456-a8bf-b21b003dca01	1	\N	f	\N	\N
0f4de9e9-76bf-4bd5-bfec-b21c0032f9f6	AP66943	2024-11-04 12:00:00	\N	\N	\N	30	GIAO HÀM DUY TRÌ	45119c4a-ee11-4b5d-9df6-8d0fd9d7a25d	7f38b288-2f0f-4caa-81ac-b217003b3c31	6861c928-0e13-4664-c781-08dcdfa45074	\N	c48e8550-f68f-4be5-89bb-b2110032b4e1	done	\N	\N	f	4	45119c4a-ee11-4b5d-9df6-8d0fd9d7a25d	bd0a4290-cb99-4b8c-a00f-53c9375df455	2024-11-02 10:05:35.967616	2024-11-04 11:55:09.564703	\N	\N	\N	\N	\N	\N	\N	\N	confirmed	e9071ceb-2f64-4cc1-ab82-b21e00511160	1	\N	f	\N	\N
5123e7f4-328f-4216-9833-b2200099917c	AP68030	2024-11-18 11:00:00	\N	\N	\N	60	TRÁM R -NTHAO	557ae18c-c3b7-44a5-80b4-726395a545f6	7f38b288-2f0f-4caa-81ac-b217003b3c31	6861c928-0e13-4664-c781-08dcdfa45074	\N	c48e8550-f68f-4be5-89bb-b2110032b4e1	done	\N	\N	f	3	557ae18c-c3b7-44a5-80b4-726395a545f6	45119c4a-ee11-4b5d-9df6-8d0fd9d7a25d	2024-11-06 16:19:07.506575	2024-11-18 10:56:09.947502	\N	\N	\N	\N	\N	\N	\N	\N	confirmed	\N	1	\N	f	\N	\N
5614cce6-9e5a-4797-b440-944fbf0bfc58	Gắn sứ	2026-04-08 13:00:00	13:00	2026-04-08 13:00:00	\N	20	Gắn sứ	\N	10f79eec-0965-4397-aeeb-b35400ab5326	6861c928-0e13-4664-c781-08dcdfa45074	\N	c48e8550-f68f-4be5-89bb-b2110032b4e1	confirmed		\N	f	5	\N	\N	2026-04-07 23:59:00	2026-04-07 23:59:00	\N	\N	\N	\N	\N	\N	\N	\N	\N	\N	\N	\N	f	\N	\N
e4c6121a-7a0d-465a-9238-b24c003555b2	AP78800	2024-12-20 14:30:00	\N	\N	\N	60	kiểm tra làm lại răng sứ	34faeb06-ee46-4277-bb29-544c49a99771	c977958d-09c6-4067-8f4d-b24c00353bcf	cad65000-6ff3-47c7-cc8d-08dc4d479451	\N	\N	done	\N	\N	t	3	34faeb06-ee46-4277-bb29-544c49a99771	84e06356-f141-4c9f-be74-960ceb256379	2024-12-20 10:14:11.155287	2024-12-20 17:07:11.063741	\N	\N	\N	\N	\N	\N	\N	\N	confirmed	27fffd6f-73f5-481e-bd20-b24c00a6c49a	1	\N	f	\N	\N
ddc5fa73-fb96-4441-802d-b24d00a4f01a	AP79216	2025-03-18 14:00:00	\N	\N	\N	30	làm lại 8R Sứ HT	34faeb06-ee46-4277-bb29-544c49a99771	c977958d-09c6-4067-8f4d-b24c00353bcf	cad65000-6ff3-47c7-cc8d-08dc4d479451	\N	3c2a3bda-879f-48b7-8ee4-b266004978ea	done	\N	\N	f	4	34faeb06-ee46-4277-bb29-544c49a99771	34faeb06-ee46-4277-bb29-544c49a99771	2024-12-21 17:00:31.231493	2025-03-18 14:39:33.45913	\N	\N	\N	\N	\N	\N	\N	\N	\N	f82ac509-acad-4670-831b-b2a4007e389c	1	\N	f	\N	\N
0439daef-e23e-4b79-b7eb-b25f0077488b	AP83330	2025-01-08 12:00:00	\N	\N	\N	60	TV TRÁM	c727fe8c-bce6-4296-8836-647d6dd3fc6f	2da1bae8-d8e2-4a85-9da8-b25f0077382c	6861c928-0e13-4664-c781-08dcdfa45074	\N	c48e8550-f68f-4be5-89bb-b2110032b4e1	done	\N	\N	f	2	c727fe8c-bce6-4296-8836-647d6dd3fc6f	c727fe8c-bce6-4296-8836-647d6dd3fc6f	2025-01-08 14:14:17.850579	2025-01-08 14:14:21.838617	\N	\N	\N	\N	\N	\N	\N	\N	confirmed	fd39cac7-9da6-4861-8013-b25f00774d33	1	\N	f	\N	\N
0961721a-d34d-4672-9897-b25f009c5bcd	AP83391	2025-01-13 16:00:00	\N	\N	\N	60	TRÁM KT + SỨ 4R - THU THẢO	c727fe8c-bce6-4296-8836-647d6dd3fc6f	2da1bae8-d8e2-4a85-9da8-b25f0077382c	6861c928-0e13-4664-c781-08dcdfa45074	\N	c48e8550-f68f-4be5-89bb-b2110032b4e1	done	\N	\N	f	4	c727fe8c-bce6-4296-8836-647d6dd3fc6f	c727fe8c-bce6-4296-8836-647d6dd3fc6f	2025-01-08 16:29:17.054669	2025-01-13 13:23:26.207529	\N	\N	\N	\N	\N	\N	\N	\N	confirmed	60a1e94e-a25d-4a3e-9cba-b26400695061	1	\N	f	\N	\N
bfdd1f34-b13f-41cf-95ce-b2640092666c	AP84702	2025-01-16 14:00:00	\N	\N	\N	60	THỬ R-THU THẢO	c727fe8c-bce6-4296-8836-647d6dd3fc6f	2da1bae8-d8e2-4a85-9da8-b25f0077382c	6861c928-0e13-4664-c781-08dcdfa45074	\N	c48e8550-f68f-4be5-89bb-b2110032b4e1	done	\N	\N	f	4	c727fe8c-bce6-4296-8836-647d6dd3fc6f	c727fe8c-bce6-4296-8836-647d6dd3fc6f	2025-01-13 15:53:01.583911	2025-01-16 13:25:40.501819	\N	\N	\N	\N	\N	\N	\N	\N	confirmed	fb1fc568-0411-46c6-b3bc-b2670069edc0	1	\N	f	\N	\N
db6c2d9a-3438-443f-8702-b2670083c6d2	AP85507	2025-01-21 14:00:00	\N	\N	\N	60	THỬ R-THU THẢO	c727fe8c-bce6-4296-8836-647d6dd3fc6f	2da1bae8-d8e2-4a85-9da8-b25f0077382c	6861c928-0e13-4664-c781-08dcdfa45074	\N	c48e8550-f68f-4be5-89bb-b2110032b4e1	done	\N	\N	f	4	c727fe8c-bce6-4296-8836-647d6dd3fc6f	c727fe8c-bce6-4296-8836-647d6dd3fc6f	2025-01-16 14:59:47.045542	2025-01-21 13:31:45.735107	\N	\N	\N	\N	\N	\N	\N	\N	confirmed	2f4a9c4a-8294-4f26-ac82-b26c006b99bb	1	\N	f	\N	\N
9dd16fff-9b41-40b8-a934-b2a400a9c6dd	AP101112	2025-03-20 15:00:00	\N	\N	\N	60	lắp răng	34faeb06-ee46-4277-bb29-544c49a99771	c977958d-09c6-4067-8f4d-b24c00353bcf	cad65000-6ff3-47c7-cc8d-08dc4d479451	\N	3c2a3bda-879f-48b7-8ee4-b266004978ea	done	\N	\N	t	3	34faeb06-ee46-4277-bb29-544c49a99771	34faeb06-ee46-4277-bb29-544c49a99771	2025-03-18 17:18:08.308432	2025-03-20 16:13:38.590005	\N	\N	\N	\N	\N	\N	\N	\N	\N	\N	1	\N	f	\N	\N
7eeed08b-5c1f-449c-b084-b2b400a4cc19	AP105744	2025-04-08 15:00:00	\N	\N	\N	30	làm lại HĐ + ktra lại răng lâu r chưa tái khám - Ly ( TRANG )	aedc7e28-b6c1-44e0-a895-8524012c03e4	a62414fe-b577-41a2-84d1-b14d008dc0c5	765f6593-2b19-4d06-cc8c-08dc4d479451	\N	b41477e0-8eed-4520-a41a-b145008c51b0	done	\N	\N	t	5	aedc7e28-b6c1-44e0-a895-8524012c03e4	dce9b0d9-4a2f-4045-8606-472311a5ea63	2025-04-03 17:00:00.50797	2025-04-08 15:11:16.223547	\N	\N	\N	\N	\N	\N	\N	\N	confirmed	0c99f2e6-7bfa-46b8-a487-b2b90086ee6b	1	\N	f	\N	\N
eb33ae03-6a13-4fb0-a581-b2e8007b7909	AP122315	2025-05-25 13:30:00	\N	\N	\N	30	nhổ R sữa	34faeb06-ee46-4277-bb29-544c49a99771	0958759d-2985-4323-8807-b2e8007b4e9d	cad65000-6ff3-47c7-cc8d-08dc4d479451	\N	\N	done	\N	\N	f	4	34faeb06-ee46-4277-bb29-544c49a99771	34faeb06-ee46-4277-bb29-544c49a99771	2025-05-25 14:29:33.042761	2025-05-25 14:29:39.598271	\N	\N	\N	\N	\N	\N	\N	\N	\N	\N	1	\N	f	\N	\N
7671344e-c30a-417a-9c66-b2fe00c1e90b	AP130083	2025-06-20 16:00:00	\N	\N	\N	60	GẮN CÙI GIẢ + LẤY DẤU SỨ - Y	b4ce78f5-c73f-4f36-888a-914287165026	e669a2b7-9733-4ef6-9feb-b2fe0098a9f5	c6b4b453-d260-46d4-4fd9-08db24f7ae8e	\N	21360b9b-8e24-46e1-83a3-b1ef009a1911	done	\N	\N	f	7	b4ce78f5-c73f-4f36-888a-914287165026	b0eb3d9c-40f9-4840-aeae-87b63c24e64f	2025-06-16 18:46:00.352903	2025-06-21 11:33:22.281961	\N	\N	\N	\N	\N	\N	\N	\N	\N	cdec823e-71df-4553-8b8d-b30200834e19	1	\N	f	\N	\N
f59ba8c3-4151-4a68-9936-b30200b0bc80	AP131394	2025-06-25 16:10:00	\N	\N	\N	50	LẤY DẤU RĂNG SỨ-Ý	b4ce78f5-c73f-4f36-888a-914287165026	e669a2b7-9733-4ef6-9feb-b2fe0098a9f5	c6b4b453-d260-46d4-4fd9-08db24f7ae8e	\N	21360b9b-8e24-46e1-83a3-b1ef009a1911	done	\N	\N	f	4	b4ce78f5-c73f-4f36-888a-914287165026	db1910ec-5dda-46d7-9d88-5d963cd5aadd	2025-06-20 17:43:28.639259	2025-06-25 16:01:14.138888	\N	\N	\N	\N	\N	\N	\N	\N	confirmed	611b3ec5-e426-40df-befa-b3070094a79c	1	\N	f	\N	\N
daa17a00-4791-4ceb-99eb-b3070031030c	AP133002	2025-06-25 18:00:00	\N	\N	\N	60	DTT r25 - D  ( KHÁCH CHỈ ĐI DC 18H ) THU TIỀN  YCPT KIÊN  )	a3710d9f-eef0-420c-a03c-a983c701bb42	06364188-d7e1-421b-a409-b3030060b209	c6b4b453-d260-46d4-4fd9-08db24f7ae8e	\N	21360b9b-8e24-46e1-83a3-b1ef009a1911	done	\N	\N	f	7	a3710d9f-eef0-420c-a03c-a983c701bb42	a3710d9f-eef0-420c-a03c-a983c701bb42	2025-06-25 09:58:26.812458	2025-06-26 10:16:45.324748	\N	\N	\N	\N	\N	\N	\N	\N	\N	ba5c6cca-ce89-4b0b-9da4-b30700ac4b64	1	\N	f	\N	\N
0fc3120f-21f9-41d4-b770-b30700a440a1	AP133199	2025-06-28 15:40:00	\N	\N	\N	20	GẮN RĂNG - Ý	db1910ec-5dda-46d7-9d88-5d963cd5aadd	e669a2b7-9733-4ef6-9feb-b2fe0098a9f5	c6b4b453-d260-46d4-4fd9-08db24f7ae8e	\N	21360b9b-8e24-46e1-83a3-b1ef009a1911	done	\N	\N	f	3	db1910ec-5dda-46d7-9d88-5d963cd5aadd	db1910ec-5dda-46d7-9d88-5d963cd5aadd	2025-06-25 16:58:01.494301	2025-06-28 15:52:02.193893	\N	\N	\N	\N	\N	\N	\N	\N	confirmed	7d87903b-27c0-4707-9540-b30a009220ca	1	\N	f	\N	\N
53a3abb1-e031-4223-8dd9-b30700c42939	AP133247	2025-07-09 18:00:00	\N	\N	\N	10	TKT , MCLD 1 RĂNG  - D ( THU TIỀN )	db1910ec-5dda-46d7-9d88-5d963cd5aadd	06364188-d7e1-421b-a409-b3030060b209	c6b4b453-d260-46d4-4fd9-08db24f7ae8e	\N	21360b9b-8e24-46e1-83a3-b1ef009a1911	done	\N	\N	f	7	db1910ec-5dda-46d7-9d88-5d963cd5aadd	abb07db2-3cb6-4eae-b50f-0d191a86a38e	2025-06-25 18:54:12.026962	2025-07-10 09:48:17.911574	\N	\N	\N	\N	\N	\N	\N	\N	\N	24da995e-a775-477f-aa4a-b31500a55f3f	1	\N	f	\N	\N
281a0c39-cbc5-443a-b2f9-b30a00650910	AP133987	2025-06-30 18:00:00	\N	\N	\N	60	Tư vấn răng sứ	c0a08fa8-569c-4ac9-9f41-57089701b2f2	fa3f3aa0-2bc9-4656-8029-b30a0064edf2	6861c928-0e13-4664-c781-08dcdfa45074	\N	\N	done	\N	\N	f	2	c0a08fa8-569c-4ac9-9f41-57089701b2f2	9f14688a-8e2d-40e7-850d-19f1abae8b63	2025-06-28 13:07:51.520314	2025-06-30 18:14:58.363799	\N	\N	\N	\N	\N	\N	\N	\N	confirmed	83d32ff1-8a28-4b89-a184-b30c00b962fe	1	\N	f	\N	\N
8a4e7a17-b9b1-4fc5-b38b-b30a00a311ae	AP134123	2025-07-01 17:00:00	\N	\N	\N	60	gắn sứ-Ý ( LÊN LIỀN K ĐỢI)	db1910ec-5dda-46d7-9d88-5d963cd5aadd	e669a2b7-9733-4ef6-9feb-b2fe0098a9f5	c6b4b453-d260-46d4-4fd9-08db24f7ae8e	\N	21360b9b-8e24-46e1-83a3-b1ef009a1911	done	\N	\N	f	7	db1910ec-5dda-46d7-9d88-5d963cd5aadd	b4ce78f5-c73f-4f36-888a-914287165026	2025-06-28 16:53:42.97804	2025-07-02 10:54:18.532018	\N	\N	\N	\N	\N	\N	\N	\N	confirmed	cf7e1665-c08a-4f4d-a659-b30d00aa3626	1	\N	f	\N	\N
9a4df259-8237-49df-b0c0-b30a00a33b1b	AP134125	2025-07-01 18:00:00	\N	\N	\N	30	GẮN SỨ -Ý	db1910ec-5dda-46d7-9d88-5d963cd5aadd	e669a2b7-9733-4ef6-9feb-b2fe0098a9f5	c6b4b453-d260-46d4-4fd9-08db24f7ae8e	\N	21360b9b-8e24-46e1-83a3-b1ef009a1911	done	\N	\N	f	7	db1910ec-5dda-46d7-9d88-5d963cd5aadd	b4ce78f5-c73f-4f36-888a-914287165026	2025-06-28 16:54:18.327592	2025-07-02 10:55:20.579687	\N	\N	\N	\N	\N	\N	\N	\N	confirmed	9fdc38a7-91ec-4309-b5b8-b30d00aa3a22	1	\N	f	\N	\N
23fe50ae-4af1-437e-8e35-b3150099de54	AP138192	2025-07-09 17:30:00	\N	\N	\N	30	TKT , MCLD 1 RĂNG - D ( THU TIỀN )	a3710d9f-eef0-420c-a03c-a983c701bb42	06364188-d7e1-421b-a409-b3030060b209	c6b4b453-d260-46d4-4fd9-08db24f7ae8e	\N	21360b9b-8e24-46e1-83a3-b1ef009a1911	done	\N	\N	f	7	a3710d9f-eef0-420c-a03c-a983c701bb42	abb07db2-3cb6-4eae-b50f-0d191a86a38e	2025-07-09 16:20:13.078746	2025-07-10 09:47:58.077985	\N	\N	\N	\N	\N	\N	\N	\N	\N	75a9318e-afe9-457a-bdcb-b31500a55b0f	1	\N	f	\N	\N
989494cb-7735-4916-a123-b31500a6e016	AP138225	2025-07-09 14:00:00	\N	\N	\N	30	nhổ R sữa	34faeb06-ee46-4277-bb29-544c49a99771	0958759d-2985-4323-8807-b2e8007b4e9d	cad65000-6ff3-47c7-cc8d-08dc4d479451	\N	\N	done	\N	\N	f	4	34faeb06-ee46-4277-bb29-544c49a99771	34faeb06-ee46-4277-bb29-544c49a99771	2025-07-09 17:07:34.472183	2025-07-09 17:07:45.406608	\N	\N	\N	\N	\N	\N	\N	\N	\N	\N	1	\N	f	\N	\N
26953ee3-d1d7-49ea-9610-b31500c2f3bc	AP138285	2025-07-19 16:00:00	\N	\N	\N	60	GẮN R - D	db1910ec-5dda-46d7-9d88-5d963cd5aadd	06364188-d7e1-421b-a409-b3030060b209	c6b4b453-d260-46d4-4fd9-08db24f7ae8e	\N	21360b9b-8e24-46e1-83a3-b1ef009a1911	done	\N	\N	f	7	db1910ec-5dda-46d7-9d88-5d963cd5aadd	0908329c-0d8c-40de-81c1-4dcd4ccbeac2	2025-07-09 18:49:47.929755	2025-07-20 09:54:56.633087	\N	\N	\N	\N	\N	\N	\N	\N	\N	e2ef9556-af4b-47df-9084-b31f009423f4	1	\N	f	\N	\N
803d07ad-9b37-456d-9aa4-b32100a2723c	AP142471	2025-08-16 14:00:00	\N	\N	\N	30	NR 1 chân răng - d ( đã xin bác 17 )	6d527434-519a-46b9-848a-6085a9543d08	06364188-d7e1-421b-a409-b3030060b209	c6b4b453-d260-46d4-4fd9-08db24f7ae8e	\N	90e19070-f750-415b-ba52-b05f002e9438	done	dl	\N	f	7	6d527434-519a-46b9-848a-6085a9543d08	abb07db2-3cb6-4eae-b50f-0d191a86a38e	2025-07-21 16:51:26.918859	2025-08-17 09:41:45.533902	\N	\N	\N	\N	\N	\N	\N	\N	\N	\N	1	\N	f	\N	\N
2473e7b6-5e02-49b9-acf7-b32300c06535	AP143209	2025-07-23 18:40:00	\N	\N	\N	60	Nhổ r sữa	34faeb06-ee46-4277-bb29-544c49a99771	0958759d-2985-4323-8807-b2e8007b4e9d	cad65000-6ff3-47c7-cc8d-08dc4d479451	\N	f03fce3f-d90e-4194-a28f-b1d400752590	done	\N	\N	f	4	34faeb06-ee46-4277-bb29-544c49a99771	34faeb06-ee46-4277-bb29-544c49a99771	2025-07-23 18:40:29.402177	2025-07-23 18:40:34.814788	\N	\N	\N	\N	\N	\N	\N	\N	confirmed	\N	1	\N	f	\N	\N
e3cd7d03-1b53-42fa-91bf-b326004ab926	AP144056	2025-08-06 13:30:00	\N	\N	\N	180	TRÁM TÁI TẠO R33 (CẨM TIÊN ĐÃ THU PHÍ )+ MCLD SỨ 8R - THU THẢO	9f14688a-8e2d-40e7-850d-19f1abae8b63	fa3f3aa0-2bc9-4656-8029-b30a0064edf2	6861c928-0e13-4664-c781-08dcdfa45074	\N	c48e8550-f68f-4be5-89bb-b2110032b4e1	done	\N	\N	f	4	9f14688a-8e2d-40e7-850d-19f1abae8b63	f879eaed-e8df-4b2f-91ae-e0409eabb639	2025-07-26 11:32:03.540673	2025-08-06 13:59:53.270466	\N	\N	\N	\N	\N	\N	\N	\N	confirmed	\N	1	\N	f	\N	\N
8688f161-9e4b-4508-a2f4-b334001cbdbe	AP148845	2025-08-12 16:30:00	\N	\N	\N	30	thử sứ-thu thảo	f879eaed-e8df-4b2f-91ae-e0409eabb639	fa3f3aa0-2bc9-4656-8029-b30a0064edf2	6861c928-0e13-4664-c781-08dcdfa45074	\N	c48e8550-f68f-4be5-89bb-b2110032b4e1	done	\N	\N	f	3	f879eaed-e8df-4b2f-91ae-e0409eabb639	f879eaed-e8df-4b2f-91ae-e0409eabb639	2025-08-09 08:44:38.607007	2025-08-12 17:25:58.310323	\N	\N	\N	\N	\N	\N	\N	\N	confirmed	\N	1	\N	f	\N	\N
ef90bda2-c171-4ecd-a14c-b33700bac7e4	AP150346	2025-08-21 09:00:00	\N	\N	\N	60	GẮN R- THU THẢO 	9f14688a-8e2d-40e7-850d-19f1abae8b63	fa3f3aa0-2bc9-4656-8029-b30a0064edf2	6861c928-0e13-4664-c781-08dcdfa45074	\N	c48e8550-f68f-4be5-89bb-b2110032b4e1	done	\N	\N	f	3	9f14688a-8e2d-40e7-850d-19f1abae8b63	557ae18c-c3b7-44a5-80b4-726395a545f6	2025-08-12 18:20:02.890168	2025-08-21 10:09:54.314493	\N	\N	\N	\N	\N	\N	\N	\N	confirmed	5a3663ba-c31b-463d-abda-b340003428ae	1	\N	f	\N	\N
b6ac573f-c796-42c1-b058-b34a004fb7a6	AP156703	2025-08-31 10:30:00	\N	\N	\N	30	NN R26- QUỲNH NHƯ	14901ece-9fd9-4f5a-8921-423ca8c120dc	804e1102-7e0f-42b6-8158-b342003f49b5	6861c928-0e13-4664-c781-08dcdfa45074	\N	c48e8550-f68f-4be5-89bb-b2110032b4e1	done	\N	\N	f	3	14901ece-9fd9-4f5a-8921-423ca8c120dc	14901ece-9fd9-4f5a-8921-423ca8c120dc	2025-08-31 11:50:14.525933	2025-08-31 11:50:17.756936	\N	\N	\N	\N	\N	\N	\N	\N	confirmed	\N	1	\N	f	\N	\N
c633842e-567c-468e-a438-b34a004fe8a8	AP156704	2025-09-07 09:30:00	\N	\N	\N	15	NN R26-QUỲNH NHƯ	14901ece-9fd9-4f5a-8921-423ca8c120dc	804e1102-7e0f-42b6-8158-b342003f49b5	6861c928-0e13-4664-c781-08dcdfa45074	\N	c48e8550-f68f-4be5-89bb-b2110032b4e1	done	\N	\N	f	3	14901ece-9fd9-4f5a-8921-423ca8c120dc	557ae18c-c3b7-44a5-80b4-726395a545f6	2025-08-31 11:50:56.346491	2025-09-07 10:02:45.670597	\N	\N	\N	\N	\N	\N	\N	\N	confirmed	768a6148-6357-4bb6-89b4-b3510032325d	1	\N	f	\N	\N
12210a09-4905-42c1-9170-b34d00426636	AP157206	2025-09-03 13:00:00	\N	\N	\N	60	Tư vấn điều trị tủy 	628be5fe-ecec-4919-829e-871dfb5006ef	4da68ebf-0e77-4f33-a5f3-b34d00423c10	cad65000-6ff3-47c7-cc8d-08dc4d479451	\N	f03fce3f-d90e-4194-a28f-b1d400752590	done	\N	\N	f	2	628be5fe-ecec-4919-829e-871dfb5006ef	34faeb06-ee46-4277-bb29-544c49a99771	2025-09-03 11:01:45.140782	2025-09-03 14:24:26.729663	\N	\N	\N	\N	\N	\N	\N	\N	\N	\N	1	\N	f	\N	\N
e500faaa-6575-4bb8-9fa9-b34d00959d22	AP157362	2025-09-07 16:00:00	\N	\N	\N	60	đtt tiếp	34faeb06-ee46-4277-bb29-544c49a99771	4da68ebf-0e77-4f33-a5f3-b34d00423c10	cad65000-6ff3-47c7-cc8d-08dc4d479451	\N	f03fce3f-d90e-4194-a28f-b1d400752590	done	\N	\N	t	3	34faeb06-ee46-4277-bb29-544c49a99771	34faeb06-ee46-4277-bb29-544c49a99771	2025-09-03 16:04:43.63085	2025-09-07 16:14:33.724941	\N	\N	\N	\N	\N	\N	\N	\N	confirmed	\N	1	\N	f	\N	\N
0867f431-fe61-4b21-af58-b351006c57be	AP158949	2025-09-14 10:10:00	\N	\N	\N	60	NN-  QUỲNH NHƯ ( TG 1 TIẾNG BÁO VỚI BA BÉ)	14901ece-9fd9-4f5a-8921-423ca8c120dc	804e1102-7e0f-42b6-8158-b342003f49b5	6861c928-0e13-4664-c781-08dcdfa45074	\N	c48e8550-f68f-4be5-89bb-b2110032b4e1	done	\N	\N	f	3	14901ece-9fd9-4f5a-8921-423ca8c120dc	f879eaed-e8df-4b2f-91ae-e0409eabb639	2025-09-07 13:34:27.832407	2025-09-14 10:12:53.152949	\N	\N	\N	\N	\N	\N	\N	\N	confirmed	b0b0c9d2-a345-4f6d-865a-b3580034fa41	1	\N	f	\N	\N
079be370-c250-4182-9bed-b35100b46280	AP159102	2025-11-10 14:00:00	\N	\N	\N	60	hàn tủy 	34faeb06-ee46-4277-bb29-544c49a99771	4da68ebf-0e77-4f33-a5f3-b34d00423c10	cad65000-6ff3-47c7-cc8d-08dc4d479451	\N	f03fce3f-d90e-4194-a28f-b1d400752590	done	\N	\N	t	3	34faeb06-ee46-4277-bb29-544c49a99771	519b9e4b-9949-4422-bacc-6f17c1f4031e	2025-09-07 17:56:45.650626	2025-11-10 13:55:29.734138	\N	\N	\N	\N	\N	\N	\N	\N	confirmed	e056eda4-c73b-43fa-9619-b39100721e7f	1	\N	f	\N	\N
e7e1f32a-8e49-4d17-911d-b35400ab7f8d	AP160220	2025-09-12 13:30:54	\N	\N	\N	60	Tư vấn niềng răng 	816d038b-856e-4227-9b19-9cac831fe139	10f79eec-0965-4397-aeeb-b35400ab5326	765f6593-2b19-4d06-cc8c-08dc4d479451	\N	\N	done	\N	\N	f	2	816d038b-856e-4227-9b19-9cac831fe139	dce9b0d9-4a2f-4045-8606-472311a5ea63	2025-09-10 17:24:24.361224	2025-09-12 15:30:17.459032	\N	\N	\N	\N	\N	\N	\N	\N	\N	80a6cbea-2ff5-4876-a34c-b356008c27d0	1	\N	f	\N	\N
4dd874ab-ec17-48f7-a8d9-b356009b3e05	AP160936	2025-09-12 16:24:00	\N	\N	\N	60	GẮN MẮC CÀI -V-KHÁNH	dce9b0d9-4a2f-4045-8606-472311a5ea63	10f79eec-0965-4397-aeeb-b35400ab5326	765f6593-2b19-4d06-cc8c-08dc4d479451	\N	afde36ab-1eca-4281-b8e4-b1930033a9c6	done	\N	\N	t	4	dce9b0d9-4a2f-4045-8606-472311a5ea63	dce9b0d9-4a2f-4045-8606-472311a5ea63	2025-09-12 16:25:13.189826	2025-09-12 16:25:16.809673	\N	\N	\N	\N	\N	\N	\N	\N	confirmed	\N	1	\N	f	\N	\N
f9765187-e9c4-4db5-b5df-b35600ba214d	AP161003	2025-10-20 16:10:00	\N	\N	\N	20	TĂNG LỰC  -V-KHÁNH-LY	dce9b0d9-4a2f-4045-8606-472311a5ea63	10f79eec-0965-4397-aeeb-b35400ab5326	765f6593-2b19-4d06-cc8c-08dc4d479451	\N	afde36ab-1eca-4281-b8e4-b1930033a9c6	done	\N	\N	t	3	dce9b0d9-4a2f-4045-8606-472311a5ea63	07133b25-d559-419c-ae04-ddb4545df960	2025-09-12 18:17:40.73442	2025-10-20 16:42:06.606605	\N	\N	\N	\N	\N	\N	\N	\N	confirmed	94b250c4-3be6-43e3-827e-b37c009fe19b	1	\N	f	\N	\N
81084ac8-27ef-4412-9a9d-b3580064e0fd	AP161657	2025-09-20 10:00:00	\N	\N	\N	15	TKT- QUỲNH NHƯ	14901ece-9fd9-4f5a-8921-423ca8c120dc	804e1102-7e0f-42b6-8158-b342003f49b5	6861c928-0e13-4664-c781-08dcdfa45074	\N	c48e8550-f68f-4be5-89bb-b2110032b4e1	done	\N	\N	f	3	14901ece-9fd9-4f5a-8921-423ca8c120dc	f879eaed-e8df-4b2f-91ae-e0409eabb639	2025-09-14 13:07:17.322705	2025-09-20 10:13:55.209741	\N	\N	\N	\N	\N	\N	\N	\N	confirmed	df257813-806c-4fd8-b2a5-b35e003542fd	1	\N	f	\N	\N
009c5e5a-b33a-4d91-af5a-b366007b028b	AP166864	2025-10-01 15:00:00	\N	\N	\N	60	CHỬA TUỶ R47-DƯƠNG	47f96103-8fad-4d6e-ba79-9eb01eaa5451	281f07e9-1916-4f3f-95d7-b3660060ccaa	f0f6361e-b99d-4ac7-4108-08dd8159c64a	\N	494dd94b-0f5c-4037-a183-b2d5004495bc	done	\N	\N	f	5	47f96103-8fad-4d6e-ba79-9eb01eaa5451	47f96103-8fad-4d6e-ba79-9eb01eaa5451	2025-09-28 14:27:51.927655	2025-10-01 15:00:56.251834	\N	\N	\N	\N	\N	\N	\N	\N	confirmed	82afa4da-5089-49db-b3f6-b369008417e5	1	\N	f	\N	\N
870ce075-782b-4934-86de-b36900900919	AP167962	2025-10-15 14:15:00	\N	\N	\N	45	TBOT - DƯƠNG (45P)	47f96103-8fad-4d6e-ba79-9eb01eaa5451	281f07e9-1916-4f3f-95d7-b3660060ccaa	f0f6361e-b99d-4ac7-4108-08dd8159c64a	\N	494dd94b-0f5c-4037-a183-b2d5004495bc	done	\N	\N	f	5	47f96103-8fad-4d6e-ba79-9eb01eaa5451	47f96103-8fad-4d6e-ba79-9eb01eaa5451	2025-10-01 15:44:25.043418	2025-10-15 14:20:35.877851	\N	\N	\N	\N	\N	\N	\N	\N	confirmed	0d0ea1d2-c4b3-4d95-9383-b37700790373	1	\N	f	\N	\N
cc1d154f-6778-4b8e-94a2-b36d008a81b3	AP169485	2025-10-05 15:00:00	\N	\N	\N	60	nhổ R sữa 	34faeb06-ee46-4277-bb29-544c49a99771	0958759d-2985-4323-8807-b2e8007b4e9d	cad65000-6ff3-47c7-cc8d-08dc4d479451	\N	f03fce3f-d90e-4194-a28f-b1d400752590	done	\N	\N	f	4	34faeb06-ee46-4277-bb29-544c49a99771	34faeb06-ee46-4277-bb29-544c49a99771	2025-10-05 15:24:17.234515	2025-10-05 15:24:21.537298	\N	\N	\N	\N	\N	\N	\N	\N	confirmed	\N	1	\N	f	\N	\N
e5d639d9-4f1e-4682-a9d2-b377008835a8	AP173401	2025-10-22 16:00:00	\N	\N	\N	60	Trám KT R47 - Dương	47f96103-8fad-4d6e-ba79-9eb01eaa5451	281f07e9-1916-4f3f-95d7-b3660060ccaa	f0f6361e-b99d-4ac7-4108-08dd8159c64a	\N	494dd94b-0f5c-4037-a183-b2d5004495bc	done	\N	\N	f	5	47f96103-8fad-4d6e-ba79-9eb01eaa5451	d67346f6-837e-499d-8e8f-0eea533fcd4c	2025-10-15 15:15:55.440198	2025-10-22 16:06:25.818254	\N	\N	\N	\N	\N	\N	\N	\N	confirmed	57db3583-3a72-41d4-b4bd-b37e009614df	1	\N	f	\N	\N
3467deae-2c82-46cc-89f2-b37800216e02	AP173558	2025-10-16 09:00:00	\N	\N	\N	60	tư vấn niềng răng 	2b860551-c401-48a3-ac11-4286e01fca87	fd51b881-a221-4469-9c28-b37800215caa	f0f6361e-b99d-4ac7-4108-08dd8159c64a	\N	\N	done	\N	\N	f	2	2b860551-c401-48a3-ac11-4286e01fca87	2d2c75ee-b087-468d-b848-51ea016b28b9	2025-10-16 09:01:42.835359	2025-10-16 09:57:42.779219	\N	\N	\N	\N	\N	\N	\N	\N	confirmed	8768abab-2a83-4a21-896f-b3780030cf6e	1	\N	f	\N	\N
e4af3433-c8e6-45ff-bb11-b37c00b28a72	AP175345	2026-01-15 14:55:00	\N	\N	\N	15	TĂNG LỰC-V-KHÁNH-K-LY	07133b25-d559-419c-ae04-ddb4545df960	10f79eec-0965-4397-aeeb-b35400ab5326	765f6593-2b19-4d06-cc8c-08dc4d479451	\N	afde36ab-1eca-4281-b8e4-b1930033a9c6	done	\N	\N	t	3	07133b25-d559-419c-ae04-ddb4545df960	07133b25-d559-419c-ae04-ddb4545df960	2025-10-20 17:50:02.830148	2026-01-15 15:21:51.274208	\N	\N	\N	\N	\N	\N	\N	\N	confirmed	58fade68-2f11-49c4-8b91-b3d30089d687	1	\N	f	\N	\N
8a47e9f3-c983-47fa-8fbd-b37e00a6485d	AP176045	2025-11-19 16:00:00	\N	\N	\N	60	ĐẶT CHỐT SỢI-D (đã tt chốt sợi)	d67346f6-837e-499d-8e8f-0eea533fcd4c	281f07e9-1916-4f3f-95d7-b3660060ccaa	f0f6361e-b99d-4ac7-4108-08dd8159c64a	\N	494dd94b-0f5c-4037-a183-b2d5004495bc	done	\N	\N	f	5	d67346f6-837e-499d-8e8f-0eea533fcd4c	47f96103-8fad-4d6e-ba79-9eb01eaa5451	2025-10-22 17:05:25.000752	2025-11-19 16:00:41.843611	\N	\N	\N	\N	\N	\N	\N	\N	confirmed	6641083a-855e-4b4b-bca2-b39a00948191	1	\N	f	\N	\N
d45fde8f-5394-4557-8b9b-b38a00624e8f	AP180453	2025-12-01 09:00:00	\N	\N	\N	30	TĂNG LỰC + GẮN MC R7 + DÁN CL - DƯƠNG -	47f96103-8fad-4d6e-ba79-9eb01eaa5451	3dc647ea-698d-4038-94e6-b38a0022baa8	f0f6361e-b99d-4ac7-4108-08dd8159c64a	\N	cab2a199-ae6f-4746-8d8f-b3690092e93c	done	\N	\N	t	1	47f96103-8fad-4d6e-ba79-9eb01eaa5451	47f96103-8fad-4d6e-ba79-9eb01eaa5451	2025-11-03 12:57:55.463737	2025-12-02 09:47:10.288098	\N	\N	\N	\N	\N	\N	\N	\N	confirmed	cd418fc9-2178-42c1-a647-b3a60021014d	1	\N	f	\N	\N
deaa2889-230f-4eb0-a858-b38b0030813a	AP180711	2025-11-24 10:30:00	\N	\N	\N	60	Kiểm tra răng sâu đến tủy để Điều trị tuỷ - Uyên ( CDDV -2tr)	47f96103-8fad-4d6e-ba79-9eb01eaa5451	fd51b881-a221-4469-9c28-b37800215caa	f0f6361e-b99d-4ac7-4108-08dd8159c64a	\N	494dd94b-0f5c-4037-a183-b2d5004495bc	done	\N	\N	f	5	47f96103-8fad-4d6e-ba79-9eb01eaa5451	47f96103-8fad-4d6e-ba79-9eb01eaa5451	2025-11-04 09:56:36.03275	2025-11-24 11:00:13.876672	\N	\N	\N	\N	\N	\N	\N	\N	confirmed	d8d88c84-fac2-42d9-a99c-b39f0041fb26	1	\N	f	\N	\N
ed913f1f-92a8-4424-8e12-b38c006a67f2	AP181225	2025-11-20 14:00:00	\N	\N	\N	20	NR DƯ- THẢO  (đg)	de5ceb25-27e1-44cd-8529-19cacbbdec40	a7640271-7120-4917-904c-b388003ba146	b178d5ee-d9ac-477e-088e-08db9a4c4cf4	\N	43190b77-570b-4557-b470-b33e00663454	done	\N	\N	t	0	de5ceb25-27e1-44cd-8529-19cacbbdec40	de5ceb25-27e1-44cd-8529-19cacbbdec40	2025-11-05 13:27:24.751385	2025-11-20 13:50:06.911442	\N	\N	\N	\N	\N	\N	\N	\N	confirmed	9b40fe72-fdc2-452b-8b18-b39b0070a41e	1	\N	f	\N	\N
46097468-8779-493b-b058-b38d0042445c	AP181555	2025-11-08 10:00:00	\N	\N	\N	60	GẮN MẮC CÀI-LY-TRANG 	aedc7e28-b6c1-44e0-a895-8524012c03e4	a918ec28-0fdd-4671-8744-b38800685e88	765f6593-2b19-4d06-cc8c-08dc4d479451	\N	afde36ab-1eca-4281-b8e4-b1930033a9c6	done	\N	\N	t	4	aedc7e28-b6c1-44e0-a895-8524012c03e4	07133b25-d559-419c-ae04-ddb4545df960	2025-11-06 11:01:16.254357	2025-11-08 09:52:58.330985	\N	\N	\N	\N	\N	\N	\N	\N	confirmed	a89d944f-fa34-42f6-861a-b38f002f820e	1	\N	f	\N	\N
06c6dc4c-b842-4f08-8abe-b38f006dfcb8	AP182371	2025-12-06 11:00:00	\N	\N	\N	15	TĂNG LỰC-TH-TRANG (GỬI 50K ĐÁNH GIÁ GG)	07133b25-d559-419c-ae04-ddb4545df960	a918ec28-0fdd-4671-8744-b38800685e88	765f6593-2b19-4d06-cc8c-08dc4d479451	\N	afde36ab-1eca-4281-b8e4-b1930033a9c6	done	\N	\N	t	3	07133b25-d559-419c-ae04-ddb4545df960	faab7710-1535-48bd-a868-a1bd2daf863d	2025-11-08 13:40:27.065546	2025-12-06 11:23:49.107725	\N	\N	\N	\N	\N	\N	\N	\N	confirmed	dda287d9-de5d-4979-925a-b3ab004875a0	1	\N	f	\N	\N
e7e0690a-3e58-4ed3-84ae-b395005978df	AP184657	2025-12-12 17:45:00	\N	\N	\N	30	TĂNG LỰC+GMC HD-TV- TRANG	07133b25-d559-419c-ae04-ddb4545df960	a5a89433-420a-40dd-801c-b39000b34540	765f6593-2b19-4d06-cc8c-08dc4d479451	\N	afde36ab-1eca-4281-b8e4-b1930033a9c6	done	\N	\N	t	5	07133b25-d559-419c-ae04-ddb4545df960	07133b25-d559-419c-ae04-ddb4545df960	2025-11-14 12:25:45.488124	2025-12-12 17:07:36.911726	\N	\N	\N	\N	\N	\N	\N	\N	confirmed	33aee882-f1ce-496e-8b2e-b3b100a6e2cc	1	\N	f	\N	\N
1d5063dd-003d-4352-80c3-b395006c7f51	AP184686	2025-11-14 13:34:00	\N	\N	\N	60	GMC- TR- TRANG	07133b25-d559-419c-ae04-ddb4545df960	a5a89433-420a-40dd-801c-b39000b34540	765f6593-2b19-4d06-cc8c-08dc4d479451	\N	afde36ab-1eca-4281-b8e4-b1930033a9c6	done	\N	\N	f	4	07133b25-d559-419c-ae04-ddb4545df960	07133b25-d559-419c-ae04-ddb4545df960	2025-11-14 13:35:01.604124	2025-11-14 13:35:29.980439	\N	\N	\N	\N	\N	\N	\N	\N	confirmed	a69c41a2-d1c1-4ed3-ac95-b395006ca08b	1	\N	f	\N	\N
885a5ff1-9830-41c5-9421-b94542177035	Bọc răng sứ	2026-04-08 17:00:00	17:00	2026-04-08 17:00:00	\N	15	Bọc răng sứ	\N	7f38b288-2f0f-4caa-81ac-b217003b3c31	c6b4b453-d260-46d4-4fd9-08db24f7ae8e	\N	dbefd061-dbb0-44d7-8eed-afe3007a8017	scheduled		\N	f	1	\N	\N	2026-04-07 23:59:00	2026-04-07 23:59:00	\N	\N	\N	\N	\N	\N	\N	\N	\N	\N	\N	\N	f	\N	\N
fee66077-af45-4b97-ad1d-b39b007cb5bf	AP187067	2025-11-28 11:30:00	\N	\N	\N	60	TĂNG LỰC  - THẢO (đg)	de5ceb25-27e1-44cd-8529-19cacbbdec40	a7640271-7120-4917-904c-b388003ba146	b178d5ee-d9ac-477e-088e-08db9a4c4cf4	\N	43190b77-570b-4557-b470-b33e00663454	done	\N	\N	f	0	de5ceb25-27e1-44cd-8529-19cacbbdec40	de5ceb25-27e1-44cd-8529-19cacbbdec40	2025-11-20 14:34:03.303559	2025-11-28 11:10:59.540826	\N	\N	\N	\N	\N	\N	\N	\N	confirmed	0accda69-4e6b-44ba-b135-b3a30044efc7	1	\N	f	\N	\N
eef581d8-6fce-4255-9de2-b39f0054bb81	AP188527	2025-12-27 11:30:00	\N	\N	\N	20	TRÁM KT - UYÊN -	47f96103-8fad-4d6e-ba79-9eb01eaa5451	fd51b881-a221-4469-9c28-b37800215caa	f0f6361e-b99d-4ac7-4108-08dd8159c64a	\N	494dd94b-0f5c-4037-a183-b2d5004495bc	done	\N	\N	t	5	47f96103-8fad-4d6e-ba79-9eb01eaa5451	47f96103-8fad-4d6e-ba79-9eb01eaa5451	2025-11-24 12:08:30.083858	2025-12-27 11:16:56.537076	\N	\N	\N	\N	\N	\N	\N	\N	confirmed	f7127c16-c19b-461a-8e75-b3c000469224	1	\N	f	\N	\N
4f12d454-32ce-4a3f-894a-b3a300bb30e2	AP190358	2025-12-09 13:30:00	\N	\N	\N	30	nhổ răng 14,44 GLMC47   - THẢO  	de5ceb25-27e1-44cd-8529-19cacbbdec40	a7640271-7120-4917-904c-b388003ba146	b178d5ee-d9ac-477e-088e-08db9a4c4cf4	\N	43190b77-570b-4557-b470-b33e00663454	done	\N	\N	f	0	de5ceb25-27e1-44cd-8529-19cacbbdec40	de5ceb25-27e1-44cd-8529-19cacbbdec40	2025-11-28 18:21:32.484668	2025-12-09 13:16:26.333415	\N	\N	\N	\N	\N	\N	\N	\N	confirmed	43dc91e5-05e3-4879-97cf-b3ae0067643f	1	\N	f	\N	\N
f372873c-2fa6-48ad-8b79-b3a60038d46f	AP191207	2025-12-31 09:00:00	\N	\N	\N	30	Tăng lực _ D-o -	47f96103-8fad-4d6e-ba79-9eb01eaa5451	3dc647ea-698d-4038-94e6-b38a0022baa8	f0f6361e-b99d-4ac7-4108-08dd8159c64a	\N	cab2a199-ae6f-4746-8d8f-b3690092e93c	done	\N	\N	t	1	47f96103-8fad-4d6e-ba79-9eb01eaa5451	47f96103-8fad-4d6e-ba79-9eb01eaa5451	2025-12-01 10:26:54.662273	2026-01-04 18:25:16.894368	\N	\N	\N	\N	\N	\N	\N	\N	confirmed	391c9679-b6c2-4405-9421-b3c40021cf87	1	\N	f	\N	\N
6789a04a-e121-41fe-82d9-b3a6005c8378	AP191278	2025-12-01 14:00:00	\N	\N	\N	15	KTRA CHẶN LƯỠI - D	47f96103-8fad-4d6e-ba79-9eb01eaa5451	3dc647ea-698d-4038-94e6-b38a0022baa8	f0f6361e-b99d-4ac7-4108-08dd8159c64a	\N	cab2a199-ae6f-4746-8d8f-b3690092e93c	done	\N	\N	f	1	47f96103-8fad-4d6e-ba79-9eb01eaa5451	47f96103-8fad-4d6e-ba79-9eb01eaa5451	2025-12-01 12:36:49.894515	2025-12-02 09:46:00.319432	\N	\N	\N	\N	\N	\N	\N	\N	confirmed	\N	1	\N	f	\N	\N
5ecf95ef-2064-4fd2-a1be-b3ab004f5c08	AP193181	2026-01-03 14:45:00	\N	\N	\N	15	TĂNG LỰC-V-TRANG	07133b25-d559-419c-ae04-ddb4545df960	a918ec28-0fdd-4671-8744-b38800685e88	765f6593-2b19-4d06-cc8c-08dc4d479451	\N	afde36ab-1eca-4281-b8e4-b1930033a9c6	done	\N	\N	t	3	07133b25-d559-419c-ae04-ddb4545df960	07133b25-d559-419c-ae04-ddb4545df960	2025-12-06 11:48:56.346875	2026-01-03 14:38:30.0324	\N	\N	\N	\N	\N	\N	\N	\N	confirmed	6c9e6910-049b-4be6-b46c-b3c7007dee20	1	\N	f	\N	\N
b47c4f57-4d37-478e-b251-b3ad007cb77d	AP194138	2025-12-16 10:00:00	\N	\N	\N	60	Tư vấn niềng răng - Ý	c0a08fa8-569c-4ac9-9f41-57089701b2f2	250c1ff6-8b5e-4bc6-9ac3-b3ad007ca9b0	c6b4b453-d260-46d4-4fd9-08db24f7ae8e	\N	\N	done	dl	\N	f	7	c0a08fa8-569c-4ac9-9f41-57089701b2f2	b4ce78f5-c73f-4f36-888a-914287165026	2025-12-08 14:34:04.78869	2025-12-17 17:47:31.366302	\N	\N	\N	\N	\N	\N	\N	\N	confirmed	\N	1	\N	f	\N	\N
70126983-afc4-4633-bbb8-b3ae00790894	AP194534	2025-12-24 13:00:00	\N	\N	\N	60	NR24,34- THẢO  đg 	de5ceb25-27e1-44cd-8529-19cacbbdec40	a7640271-7120-4917-904c-b388003ba146	b178d5ee-d9ac-477e-088e-08db9a4c4cf4	\N	43190b77-570b-4557-b470-b33e00663454	done	\N	\N	t	0	de5ceb25-27e1-44cd-8529-19cacbbdec40	de5ceb25-27e1-44cd-8529-19cacbbdec40	2025-12-09 14:20:40.171693	2025-12-24 13:05:21.310253	\N	\N	\N	\N	\N	\N	\N	\N	confirmed	717edeac-7bb0-419d-b3fd-b3bd006458e7	1	\N	f	\N	\N
2de8b558-4f94-4e30-bd1e-b3b100b794ef	AP195834	2026-01-10 11:00:00	\N	\N	\N	15	TĂNG LỰC-TR-TRANG	07133b25-d559-419c-ae04-ddb4545df960	a5a89433-420a-40dd-801c-b39000b34540	765f6593-2b19-4d06-cc8c-08dc4d479451	\N	afde36ab-1eca-4281-b8e4-b1930033a9c6	done	\N	\N	t	3	07133b25-d559-419c-ae04-ddb4545df960	07133b25-d559-419c-ae04-ddb4545df960	2025-12-12 18:08:24.048512	2026-01-10 11:07:50.339169	\N	\N	\N	\N	\N	\N	\N	\N	confirmed	e23e4387-dca4-4e48-9436-b3ce0044120e	1	\N	f	\N	\N
b1604f08-8952-4bec-8fd8-b3b20042eeb2	AP195987	2025-12-13 16:00:00	\N	\N	\N	60	Tư vấn niềng răng 	816d038b-856e-4227-9b19-9cac831fe139	c928ee81-c3c1-4f56-9d0c-b3b20042e2db	c6b4b453-d260-46d4-4fd9-08db24f7ae8e	\N	\N	done	\N	\N	f	7	816d038b-856e-4227-9b19-9cac831fe139	b4ce78f5-c73f-4f36-888a-914287165026	2025-12-13 11:03:41.60756	2025-12-17 17:43:24.842846	\N	\N	\N	\N	\N	\N	\N	\N	confirmed	8dd144d6-7c63-49cd-ba06-b3b200945add	1	\N	f	\N	\N
6241b9f2-649b-4c83-a6c0-b3b300660955	AP196620	2025-12-15 10:00:00	\N	\N	\N	60	Tư vấn niềng răng	c0a08fa8-569c-4ac9-9f41-57089701b2f2	79d56f7b-0572-424f-aa97-b3b30065fa75	f0f6361e-b99d-4ac7-4108-08dd8159c64a	\N	\N	done	\N	\N	f	2	c0a08fa8-569c-4ac9-9f41-57089701b2f2	47f96103-8fad-4d6e-ba79-9eb01eaa5451	2025-12-14 13:11:30.202979	2025-12-15 10:25:23.032215	\N	\N	\N	\N	\N	\N	\N	\N	confirmed	1c9ac141-5190-4129-aba1-b3b4003868f0	1	\N	f	\N	\N
2894db7f-220d-4a25-8506-b3b4005291c6	AP197097	2025-12-15 13:00:00	\N	\N	\N	60	Cvr+ GDL + GMC KLTC - Uyên ( đưa HĐ)	47f96103-8fad-4d6e-ba79-9eb01eaa5451	79d56f7b-0572-424f-aa97-b3b30065fa75	f0f6361e-b99d-4ac7-4108-08dd8159c64a	\N	cab2a199-ae6f-4746-8d8f-b3690092e93c	done	\N	\N	f	1	47f96103-8fad-4d6e-ba79-9eb01eaa5451	47f96103-8fad-4d6e-ba79-9eb01eaa5451	2025-12-15 12:00:37.565924	2025-12-15 13:52:07.699871	\N	\N	\N	\N	\N	\N	\N	\N	confirmed	5db12ad0-3031-4fbb-b5f7-b3b4007131aa	1	\N	f	\N	\N
56ff5e36-2f58-46c1-83a1-b3b500463b2f	AP197469	2025-12-30 11:00:00	\N	\N	\N	60	CHỮA TỦY R47 - Y ko bắt máy	b4ce78f5-c73f-4f36-888a-914287165026	250c1ff6-8b5e-4bc6-9ac3-b3ad007ca9b0	c6b4b453-d260-46d4-4fd9-08db24f7ae8e	\N	21360b9b-8e24-46e1-83a3-b1ef009a1911	done	\N	\N	f	7	b4ce78f5-c73f-4f36-888a-914287165026	b4ce78f5-c73f-4f36-888a-914287165026	2025-12-16 11:15:42.236934	2026-01-02 12:20:12.893378	\N	\N	\N	\N	\N	\N	\N	\N	confirmed	e28f889c-478d-4edf-8069-b3c30044a4e8	1	\N	f	\N	\N
8cbcc50b-2090-4f43-a728-b3ba004e0157	AP199481	2025-12-27 13:30:00	\N	\N	\N	60	gmc -nga (dg)	b5ebc1bc-f9a0-4923-9253-71a7e688428e	498c13ed-3f68-4c4f-b461-b28b003c173e	b178d5ee-d9ac-477e-088e-08db9a4c4cf4	\N	43190b77-570b-4557-b470-b33e00663454	done	\N	\N	f	4	b5ebc1bc-f9a0-4923-9253-71a7e688428e	de5ceb25-27e1-44cd-8529-19cacbbdec40	2025-12-21 11:44:00.503349	2025-12-27 14:03:00.03369	\N	\N	\N	\N	\N	\N	\N	\N	confirmed	fc893acc-ed5a-4ee3-b023-b3c000742dff	1	\N	f	\N	\N
7b11340c-e16c-482e-a436-b3bd007527cf	AP200814	2026-01-21 14:30:00	\N	\N	\N	30	TĂNG LỰC  - THẢO dg	de5ceb25-27e1-44cd-8529-19cacbbdec40	a7640271-7120-4917-904c-b388003ba146	b178d5ee-d9ac-477e-088e-08db9a4c4cf4	\N	43190b77-570b-4557-b470-b33e00663454	done	\N	\N	f	0	de5ceb25-27e1-44cd-8529-19cacbbdec40	de5ceb25-27e1-44cd-8529-19cacbbdec40	2025-12-24 14:06:33.009282	2026-01-21 14:34:31.509319	\N	\N	\N	\N	\N	\N	\N	\N	confirmed	7599154d-384b-4185-bec2-b3d9007cd6af	1	\N	f	\N	\N
5a7ae0a4-e470-42ce-977f-b3c000c8d868	AP202251	2026-01-10 15:20:00	\N	\N	\N	20	NR - NGA (đến 14h45 đợi bác )	de5ceb25-27e1-44cd-8529-19cacbbdec40	498c13ed-3f68-4c4f-b461-b28b003c173e	b178d5ee-d9ac-477e-088e-08db9a4c4cf4	\N	7f9f1030-20ea-4c23-84e6-b16000c1e144	done	\N	\N	f	5	de5ceb25-27e1-44cd-8529-19cacbbdec40	de5ceb25-27e1-44cd-8529-19cacbbdec40	2025-12-27 19:11:15.330476	2026-01-10 14:58:45.581072	\N	\N	\N	\N	\N	\N	\N	\N	confirmed	8e4e7660-330f-4661-86b0-b3ce00837eaa	1	\N	f	\N	\N
abfed2b4-307c-4c75-bb29-b3c3005f54f5	AP203236	2026-01-13 09:00:00	\N	\N	\N	20	TKT - Y	b4ce78f5-c73f-4f36-888a-914287165026	250c1ff6-8b5e-4bc6-9ac3-b3ad007ca9b0	c6b4b453-d260-46d4-4fd9-08db24f7ae8e	\N	21360b9b-8e24-46e1-83a3-b1ef009a1911	done	\N	\N	f	7	b4ce78f5-c73f-4f36-888a-914287165026	b4ce78f5-c73f-4f36-888a-914287165026	2025-12-30 12:47:05.562112	2026-01-15 16:11:57.192181	\N	\N	\N	\N	\N	\N	\N	\N	confirmed	9fa2f1de-ec18-403b-a75b-b3d10022248d	1	\N	f	\N	\N
b9e93122-4705-4dd7-82af-b3c4002fe487	AP203528	2026-02-03 09:00:00	\N	\N	\N	30	TĂNG LỰC - D--	b85bc72b-ed58-45ff-8b45-35f12a53d409	3dc647ea-698d-4038-94e6-b38a0022baa8	f0f6361e-b99d-4ac7-4108-08dd8159c64a	\N	cab2a199-ae6f-4746-8d8f-b3690092e93c	done	\N	\N	t	1	b85bc72b-ed58-45ff-8b45-35f12a53d409	47f96103-8fad-4d6e-ba79-9eb01eaa5451	2025-12-31 09:54:22.317936	2026-02-05 10:02:56.397709	\N	\N	\N	\N	\N	\N	\N	\N	confirmed	a9be1a8e-de8b-4dfe-bc7b-b3e6001f886b	1	\N	f	\N	\N
5355152c-d75c-410b-8741-b3ca002c7a4f	AP205624	2026-01-06 14:00:00	\N	\N	\N	60	ktra răng - phụ tá làm xong (nhờ bác ktra )	b5ebc1bc-f9a0-4923-9253-71a7e688428e	498c13ed-3f68-4c4f-b461-b28b003c173e	b178d5ee-d9ac-477e-088e-08db9a4c4cf4	\N	7f9f1030-20ea-4c23-84e6-b16000c1e144	done	\N	\N	f	5	b5ebc1bc-f9a0-4923-9253-71a7e688428e	de5ceb25-27e1-44cd-8529-19cacbbdec40	2026-01-06 09:41:56.317561	2026-01-06 16:01:54.841669	\N	\N	\N	\N	\N	\N	\N	\N	confirmed	d99aa8f3-103d-427f-9d68-b3ca0094d6f3	1	\N	f	\N	\N
17deeea2-0bd4-4cd3-a9e5-b3ce004eed3f	AP207435	2026-02-10 14:10:00	\N	\N	\N	15	TĂNG LỰC-V-TRANG-TV-LY	07133b25-d559-419c-ae04-ddb4545df960	a5a89433-420a-40dd-801c-b39000b34540	765f6593-2b19-4d06-cc8c-08dc4d479451	\N	afde36ab-1eca-4281-b8e4-b1930033a9c6	done	\N	\N	t	3	07133b25-d559-419c-ae04-ddb4545df960	07133b25-d559-419c-ae04-ddb4545df960	2026-01-10 11:47:21.808763	2026-02-10 13:40:44.396578	\N	\N	\N	\N	\N	\N	\N	\N	confirmed	ebefc543-0455-4f41-9852-b3ed006e10e9	1	\N	f	\N	\N
be49668a-85ab-42bb-88cf-b3ce008b27da	AP207561	2026-01-29 12:30:00	\N	\N	\N	20	TĂNG LỰC  - NGA dg	de5ceb25-27e1-44cd-8529-19cacbbdec40	498c13ed-3f68-4c4f-b461-b28b003c173e	b178d5ee-d9ac-477e-088e-08db9a4c4cf4	\N	7f9f1030-20ea-4c23-84e6-b16000c1e144	done	bận	\N	t	5	de5ceb25-27e1-44cd-8529-19cacbbdec40	de5ceb25-27e1-44cd-8529-19cacbbdec40	2026-01-10 15:26:39.017316	2026-01-29 13:52:03.973849	\N	\N	\N	\N	\N	\N	\N	\N	confirmed	63fb4512-6149-4ea8-849d-b3e100712d2d	1	\N	f	\N	\N
ee6581ab-d067-424d-8792-b3d00095e8e6	AP208562	2026-01-12 16:30:00	\N	\N	\N	30	Tư vấn niềng răng 	816d038b-856e-4227-9b19-9cac831fe139	b2262736-c7f4-4072-a67f-b3d00095dcf1	b178d5ee-d9ac-477e-088e-08db9a4c4cf4	\N	\N	done	\N	\N	f	2	816d038b-856e-4227-9b19-9cac831fe139	de5ceb25-27e1-44cd-8529-19cacbbdec40	2026-01-12 16:05:48.284233	2026-01-12 16:47:46.932795	\N	\N	\N	\N	\N	\N	\N	\N	confirmed	b30149f9-4244-4fc8-af5e-b3d000a17054	1	\N	f	\N	\N
14572225-a83f-4037-9080-b3d000b8623f	AP208696	2026-01-15 14:00:00	\N	\N	\N	60	gmc - quyên(knm)	de5ceb25-27e1-44cd-8529-19cacbbdec40	b2262736-c7f4-4072-a67f-b3d00095dcf1	b178d5ee-d9ac-477e-088e-08db9a4c4cf4	\N	6ac1a478-0568-4ec6-a3d6-b05b009de13d	done	\N	\N	f	4	de5ceb25-27e1-44cd-8529-19cacbbdec40	de5ceb25-27e1-44cd-8529-19cacbbdec40	2026-01-12 18:11:19.24858	2026-01-15 13:59:07.737904	\N	\N	\N	\N	\N	\N	\N	\N	confirmed	\N	1	\N	f	\N	\N
33ef8e79-4f1e-4059-8327-b3d10089dfe5	AP209028	2026-01-16 13:30:00	\N	\N	\N	15	Tăng lực - Uyên - TTG -	47f96103-8fad-4d6e-ba79-9eb01eaa5451	79d56f7b-0572-424f-aa97-b3b30065fa75	f0f6361e-b99d-4ac7-4108-08dd8159c64a	\N	cab2a199-ae6f-4746-8d8f-b3690092e93c	done	\N	\N	f	1	47f96103-8fad-4d6e-ba79-9eb01eaa5451	47f96103-8fad-4d6e-ba79-9eb01eaa5451	2026-01-13 15:21:59.161826	2026-01-16 13:49:13.785027	\N	\N	\N	\N	\N	\N	\N	\N	confirmed	c57d3679-d66c-4f63-897f-b3d4007065d1	1	\N	f	\N	\N
005a11ad-c3fa-49a0-bff2-b3d300c2bce7	AP210080	2026-02-11 13:20:00	\N	\N	\N	10	TL - QUYÊN đg (thu tg trước)	de5ceb25-27e1-44cd-8529-19cacbbdec40	b2262736-c7f4-4072-a67f-b3d00095dcf1	b178d5ee-d9ac-477e-088e-08db9a4c4cf4	\N	6ac1a478-0568-4ec6-a3d6-b05b009de13d	done	\N	\N	f	3	de5ceb25-27e1-44cd-8529-19cacbbdec40	de5ceb25-27e1-44cd-8529-19cacbbdec40	2026-01-15 18:49:01.141499	2026-02-11 13:45:56.853843	\N	\N	\N	\N	\N	\N	\N	\N	confirmed	5fcc238c-1e5f-4eb2-b983-b3ee006f7f11	1	\N	f	\N	\N
adf765c7-2bbf-42d2-8c6d-b3d900a5efa2	AP212589	2026-01-22 10:00:00	\N	\N	\N	60	Tư  vấn niềng răng	c0a08fa8-569c-4ac9-9f41-57089701b2f2	45fe0ac9-60cf-499a-81ed-b3d900a5e292	765f6593-2b19-4d06-cc8c-08dc4d479451	\N	\N	done	\N	\N	f	2	c0a08fa8-569c-4ac9-9f41-57089701b2f2	07133b25-d559-419c-ae04-ddb4545df960	2026-01-21 17:04:09.283147	2026-01-22 09:35:44.247001	\N	\N	\N	\N	\N	\N	\N	\N	confirmed	106e8356-5448-441c-abd4-b3da002ac62a	1	\N	f	\N	\N
118e5f38-c46f-478d-bf68-b3db002caef3	AP213160	2026-01-24 14:00:00	\N	\N	\N	60	GẮN MẮC CÀI-LY-TRANG 	aedc7e28-b6c1-44e0-a895-8524012c03e4	45fe0ac9-60cf-499a-81ed-b3d900a5e292	765f6593-2b19-4d06-cc8c-08dc4d479451	\N	0b8e06d1-d517-4207-a8c0-b1f7002d7476	done	\N	\N	t	4	aedc7e28-b6c1-44e0-a895-8524012c03e4	07133b25-d559-419c-ae04-ddb4545df960	2026-01-23 09:42:41.237864	2026-01-24 14:16:48.31005	\N	\N	\N	\N	\N	\N	\N	\N	confirmed	df1f52e5-4dad-475e-aa1e-b3dc0077f8be	1	\N	f	\N	\N
a42475e9-52b6-4234-86c1-b3db007936dd	AP213308	2026-01-23 17:30:00	\N	\N	\N	30	Tư vấn niềng răng 	816d038b-856e-4227-9b19-9cac831fe139	541bd083-7b08-4b7a-9517-b3db007928c7	f0f6361e-b99d-4ac7-4108-08dd8159c64a	\N	\N	done	\N	\N	f	2	816d038b-856e-4227-9b19-9cac831fe139	d67346f6-837e-499d-8e8f-0eea533fcd4c	2026-01-23 14:21:19.668777	2026-01-23 18:40:12.28747	\N	\N	\N	\N	\N	\N	\N	\N	confirmed	80f19069-93d7-48c1-b311-b3db00c05108	1	\N	f	\N	\N
330d0954-ae68-410f-a7ee-b3dd008c831f	AP214236	2026-01-27 10:00:00	\N	\N	\N	20	CVRL2-LY-TRANG ( ZALO)	aedc7e28-b6c1-44e0-a895-8524012c03e4	45fe0ac9-60cf-499a-81ed-b3d900a5e292	765f6593-2b19-4d06-cc8c-08dc4d479451	\N	9968161f-e735-448b-9adb-b14f0038c98e	done	\N	\N	t	3	aedc7e28-b6c1-44e0-a895-8524012c03e4	07133b25-d559-419c-ae04-ddb4545df960	2026-01-25 15:31:35.353969	2026-01-27 10:10:25.534542	\N	\N	\N	\N	\N	\N	\N	\N	confirmed	b4641fd1-674e-4097-9577-b3df00344d2a	1	\N	f	\N	\N
bcee18f4-2dd8-4764-9371-b3dd00c2d7cb	AP214408	2026-01-27 17:30:00	\N	\N	\N	60	CVR + trám + GDL + GDL TĐ -Uyên	47f96103-8fad-4d6e-ba79-9eb01eaa5451	541bd083-7b08-4b7a-9517-b3db007928c7	f0f6361e-b99d-4ac7-4108-08dd8159c64a	\N	cab2a199-ae6f-4746-8d8f-b3690092e93c	done	\N	\N	f	1	47f96103-8fad-4d6e-ba79-9eb01eaa5451	47f96103-8fad-4d6e-ba79-9eb01eaa5451	2026-01-25 18:49:24.08794	2026-01-27 17:03:59.488695	\N	\N	\N	\N	\N	\N	\N	\N	confirmed	6ae34b4f-db54-46c7-8ca3-b3df00a5e406	1	\N	f	\N	\N
cee9a298-5efd-4433-a7a3-b3e5002739ef	AP217201	2026-02-07 16:15:00	\N	\N	\N	15	TĂNG LỰC-TV-TRANG	aedc7e28-b6c1-44e0-a895-8524012c03e4	a918ec28-0fdd-4671-8744-b38800685e88	765f6593-2b19-4d06-cc8c-08dc4d479451	\N	afde36ab-1eca-4281-b8e4-b1930033a9c6	done	\N	\N	t	3	aedc7e28-b6c1-44e0-a895-8524012c03e4	07133b25-d559-419c-ae04-ddb4545df960	2026-02-02 09:22:49.116523	2026-02-07 16:09:51.678025	\N	\N	\N	\N	\N	\N	\N	\N	confirmed	a0a04e34-8336-435c-95a2-b3ea00970602	1	\N	f	\N	\N
2902066d-bfd8-40cc-99bd-b3e70045fbef	AP218268	2026-02-05 15:00:00	\N	\N	\N	60	tư vấn niềng răng	f228b5c0-e26b-4825-bd80-08393b2a44e7	34f9945d-a2b3-4a7b-bbc5-b3e70045e958	6861c928-0e13-4664-c781-08dcdfa45074	\N	\N	done	\N	\N	f	2	f228b5c0-e26b-4825-bd80-08393b2a44e7	14901ece-9fd9-4f5a-8921-423ca8c120dc	2026-02-04 11:14:48.264964	2026-02-05 16:24:34.958577	\N	\N	\N	\N	\N	\N	\N	\N	confirmed	6f105875-7d9f-44ad-8c57-b3e8009b1119	1	\N	f	\N	\N
dabe091b-2559-4a29-b765-b3fb008e0593	AP223319	2026-02-24 17:30:00	\N	\N	\N	30	GMC MỚI- HOÀNG LAN	\N	34f9945d-a2b3-4a7b-bbc5-b3e70045e958	6861c928-0e13-4664-c781-08dcdfa45074	\N	\N	done	\N	\N	f	4	\N	\N	\N	\N	\N	\N	\N	\N	\N	\N	\N	\N	\N	\N	\N	\N	f	\N	\N
3acacb1f-a379-4d04-824d-b3fc0027734a	AP223506	2026-02-25 14:00:00	\N	\N	\N	15	TĂNG LỰC - UYÊN -	\N	79d56f7b-0572-424f-aa97-b3b30065fa75	f0f6361e-b99d-4ac7-4108-08dd8159c64a	\N	cab2a199-ae6f-4746-8d8f-b3690092e93c	done	\N	\N	t	1	\N	\N	\N	\N	\N	\N	\N	\N	\N	\N	\N	\N	\N	\N	\N	\N	f	\N	\N
2589233a-6cb3-40b7-86ff-b405008d0618	AP228047	2026-03-06 17:15:00	\N	\N	\N	45	TĂNG LỰC + GMCHD + Kt răng trám bị nhức - UYÊN ( PHÚC) -	\N	541bd083-7b08-4b7a-9517-b3db007928c7	f0f6361e-b99d-4ac7-4108-08dd8159c64a	\N	cab2a199-ae6f-4746-8d8f-b3690092e93c	done	\N	\N	t	1	\N	\N	\N	\N	\N	\N	\N	\N	\N	\N	\N	\N	\N	\N	\N	\N	f	\N	\N
2938296a-5128-47ae-94ca-b40500a364e5	AP228122	2026-03-08 10:00:00	\N	\N	\N	60	GDLCN + MCKL - PL 	\N	c928ee81-c3c1-4f56-9d0c-b3b20042e2db	c6b4b453-d260-46d4-4fd9-08db24f7ae8e	\N	21360b9b-8e24-46e1-83a3-b1ef009a1911	done	\N	\N	f	1	\N	\N	\N	\N	\N	\N	\N	\N	\N	\N	\N	\N	\N	\N	\N	\N	f	\N	\N
301c4504-3e9b-456e-bbf8-b4090031c432	AP230057	2026-03-10 13:00:00	\N	\N	\N	5	GMC HD	\N	34f9945d-a2b3-4a7b-bbc5-b3e70045e958	6861c928-0e13-4664-c781-08dcdfa45074	\N	\N	done	\N	\N	f	4	\N	\N	\N	\N	\N	\N	\N	\N	\N	\N	\N	\N	\N	\N	\N	\N	f	\N	\N
88cb3c06-6c30-4db2-bfe7-b40300378061	AP226729	2026-03-11 09:30:00	\N	\N	\N	30	NHỜ BS KTRA R TRÁM BỊ NHỨC NHIỀU - UYÊN 	\N	fd51b881-a221-4469-9c28-b37800215caa	f0f6361e-b99d-4ac7-4108-08dd8159c64a	\N	494dd94b-0f5c-4037-a183-b2d5004495bc	done	\N	\N	t	5	\N	\N	\N	\N	\N	\N	\N	\N	\N	\N	\N	\N	\N	\N	\N	\N	f	\N	\N
b685f177-1d28-442d-853b-b40900b0e789	AP230469	2026-03-11 18:00:00	\N	\N	\N	60	CDC  - PL  	\N	c928ee81-c3c1-4f56-9d0c-b3b20042e2db	c6b4b453-d260-46d4-4fd9-08db24f7ae8e	\N	\N	done	\N	\N	f	0	\N	\N	\N	\N	\N	\N	\N	\N	\N	\N	\N	\N	\N	\N	\N	\N	f	\N	\N
95651a3a-2d01-4768-96ef-b4040055f0d1	AP227383	2026-03-12 13:00:00	\N	\N	\N	30	GMC 1 SỔ HT-TH-TRANG	\N	45fe0ac9-60cf-499a-81ed-b3d900a5e292	765f6593-2b19-4d06-cc8c-08dc4d479451	\N	0b8e06d1-d517-4207-a8c0-b1f7002d7476	done	\N	\N	t	5	\N	\N	\N	\N	\N	\N	\N	\N	\N	\N	\N	\N	\N	\N	\N	\N	f	\N	\N
56cec849-dd8f-4b4b-982d-b40c00569757	AP231904	2026-03-13 13:00:00	\N	\N	\N	15	GMCR - UYÊN	\N	541bd083-7b08-4b7a-9517-b3db007928c7	f0f6361e-b99d-4ac7-4108-08dd8159c64a	\N	\N	done	\N	\N	t	6	\N	\N	\N	\N	\N	\N	\N	\N	\N	\N	\N	\N	\N	\N	\N	\N	f	\N	\N
b3a410ad-5051-4839-8518-b412004b9f6b	AP235011	2026-03-19 17:40:00	\N	\N	\N	10	KIỂM TRA RĂNG BỊ ĐAU - PL	\N	c928ee81-c3c1-4f56-9d0c-b3b20042e2db	c6b4b453-d260-46d4-4fd9-08db24f7ae8e	\N	21360b9b-8e24-46e1-83a3-b1ef009a1911	done	\N	\N	f	7	\N	\N	\N	\N	\N	\N	\N	\N	\N	\N	\N	\N	\N	\N	\N	\N	f	\N	\N
0455be7a-bfd6-477f-9be2-b413008d3eb3	AP235538	2026-03-20 17:00:00	\N	\N	\N	10	smc- NGA 	\N	498c13ed-3f68-4c4f-b461-b28b003c173e	b178d5ee-d9ac-477e-088e-08db9a4c4cf4	\N	\N	done	\N	\N	f	6	\N	\N	\N	\N	\N	\N	\N	\N	\N	\N	\N	\N	\N	\N	\N	\N	f	\N	\N
c80f0337-5cc8-491a-8506-b412007c621d	AP235101	2026-03-23 18:00:00	\N	\N	\N	10	TĂNG LỰC - QUYÊN (thu tg trước) (knm)	\N	b2262736-c7f4-4072-a67f-b3d00095dcf1	b178d5ee-d9ac-477e-088e-08db9a4c4cf4	\N	6ac1a478-0568-4ec6-a3d6-b05b009de13d	done	\N	\N	f	3	\N	\N	\N	\N	\N	\N	\N	\N	\N	\N	\N	\N	\N	\N	\N	\N	f	\N	\N
1491ca3e-3492-4aca-89a1-6c8103bfbe23	Lịch sáng 8h	2026-04-07 08:00:00	08:00	2026-04-07 08:00:00	\N	45	\N	\N	1e9d5389-810b-436c-8dbb-b0310021f217	765f6593-2b19-4d06-cc8c-08dc4d479451	\N	afde36ab-1eca-4281-b8e4-b1930033a9c6	confirmed	\N	\N	f	\N	\N	\N	2026-04-07 14:03:05.764834	2026-04-07 14:03:05.764834	\N	\N	\N	\N	\N	\N	\N	\N	\N	\N	\N	\N	f	\N	\N
0aba1eba-57bb-4aac-b6f2-ca9f0a8f3ca0	Lịch 9h	2026-04-07 09:00:00	09:00	2026-04-07 09:00:00	\N	60	\N	\N	e9fd09c2-e3be-4c59-88e0-b1030040130f	765f6593-2b19-4d06-cc8c-08dc4d479451	\N	afde36ab-1eca-4281-b8e4-b1930033a9c6	arrived	\N	\N	f	\N	\N	\N	2026-04-07 14:03:05.764834	2026-04-07 14:03:05.764834	\N	\N	\N	\N	\N	\N	\N	\N	\N	\N	\N	\N	f	\N	\N
3af20ccc-5f50-4840-8cac-b9d847a16b63	Lịch 10h nhổ	2026-04-07 10:00:00	10:00	2026-04-07 10:00:00	\N	90	Nhổ răng khôn	\N	a62414fe-b577-41a2-84d1-b14d008dc0c5	765f6593-2b19-4d06-cc8c-08dc4d479451	\N	b41477e0-8eed-4520-a41a-b145008c51b0	done	\N	\N	f	\N	\N	\N	2026-04-07 14:03:05.764834	2026-04-07 14:03:05.764834	\N	\N	\N	\N	\N	\N	\N	\N	\N	\N	\N	\N	f	\N	\N
c674827a-bb00-48a2-8b4d-5d4fb62ab1ee	Lịch 11h	2026-04-07 11:00:00	11:00	2026-04-07 11:00:00	\N	30	\N	\N	140d4c43-227b-4a1f-93e7-b17400aa26b1	765f6593-2b19-4d06-cc8c-08dc4d479451	\N	0b8e06d1-d517-4207-a8c0-b1f7002d7476	confirmed	\N	\N	f	\N	\N	\N	2026-04-07 14:03:05.764834	2026-04-07 14:03:05.764834	\N	\N	\N	\N	\N	\N	\N	\N	\N	\N	\N	\N	f	\N	\N
523490a3-ef11-404a-8ff3-f04c10e0b842	Lịch 8h30	2026-04-07 08:30:00	08:30	2026-04-07 08:30:00	\N	60	Tẩy trắng	\N	e2972973-56ed-4b6e-a411-b1760022319c	c6b4b453-d260-46d4-4fd9-08db24f7ae8e	\N	21360b9b-8e24-46e1-83a3-b1ef009a1911	arrived	\N	\N	f	\N	\N	\N	2026-04-07 14:03:05.764834	2026-04-07 14:03:05.764834	\N	\N	\N	\N	\N	\N	\N	\N	\N	\N	\N	\N	f	\N	\N
e96ae487-5f3a-484d-a017-779673980133	Lịch 10h	2026-04-07 10:00:00	10:00	2026-04-07 10:00:00	\N	45	\N	\N	e9fd09c2-e3be-4c59-88e0-b1030040130f	c6b4b453-d260-46d4-4fd9-08db24f7ae8e	\N	dbefd061-dbb0-44d7-8eed-afe3007a8017	confirmed	\N	\N	f	\N	\N	\N	2026-04-07 14:03:05.764834	2026-04-07 14:03:05.764834	\N	\N	\N	\N	\N	\N	\N	\N	\N	\N	\N	\N	f	\N	\N
5a6da6ff-1dff-45f5-94be-adbe02967de7	Lịch 9h	2026-04-07 09:00:00	09:00	2026-04-07 09:00:00	\N	60	\N	\N	140d4c43-227b-4a1f-93e7-b17400aa26b1	f0f6361e-b99d-4ac7-4108-08dd8159c64a	\N	cab2a199-ae6f-4746-8d8f-b3690092e93c	confirmed	\N	\N	f	\N	\N	\N	2026-04-07 14:03:05.764834	2026-04-07 14:03:05.764834	\N	\N	\N	\N	\N	\N	\N	\N	\N	\N	\N	\N	f	\N	\N
a2d59849-a3cd-421e-ae2d-dd4eea87fa0c	Lịch 10h30 hủy	2026-04-07 10:30:00	10:30	2026-04-07 10:30:00	\N	45	Khách hủy	\N	a62414fe-b577-41a2-84d1-b14d008dc0c5	f0f6361e-b99d-4ac7-4108-08dd8159c64a	\N	494dd94b-0f5c-4037-a183-b2d5004495bc	cancelled	\N	\N	f	\N	\N	\N	2026-04-07 14:03:05.764834	2026-04-07 14:03:05.764834	\N	\N	\N	\N	\N	\N	\N	\N	\N	\N	\N	\N	f	\N	\N
d01f2caa-2301-4e18-98c9-93d5ac6729b6	Lịch 8h	2026-04-07 08:00:00	08:00	2026-04-07 08:00:00	\N	60	Niềng răng check	\N	1e9d5389-810b-436c-8dbb-b0310021f217	b178d5ee-d9ac-477e-088e-08db9a4c4cf4	\N	c48e8550-f68f-4be5-89bb-b2110032b4e1	arrived	\N	\N	f	\N	\N	\N	2026-04-07 14:03:05.764834	2026-04-07 14:03:05.764834	\N	\N	\N	\N	\N	\N	\N	\N	\N	\N	\N	\N	f	\N	\N
92da01c6-d5b3-4276-b6f1-9e27e6097e61	Lịch 10h	2026-04-07 10:00:00	10:00	2026-04-07 10:00:00	\N	45	\N	\N	e9fd09c2-e3be-4c59-88e0-b1030040130f	b178d5ee-d9ac-477e-088e-08db9a4c4cf4	\N	c48e8550-f68f-4be5-89bb-b2110032b4e1	in-progress	\N	\N	f	\N	\N	\N	2026-04-07 14:03:05.764834	2026-04-07 14:03:05.764834	\N	\N	\N	\N	\N	\N	\N	\N	\N	\N	\N	\N	f	\N	\N
57c4b0e3-9c0e-4311-a7eb-88bcb0de1b06	Lịch 8h30	2026-04-07 08:30:00	08:30	2026-04-07 08:30:00	\N	60	\N	\N	a62414fe-b577-41a2-84d1-b14d008dc0c5	cad65000-6ff3-47c7-cc8d-08dc4d479451	\N	90e19070-f750-415b-ba52-b05f002e9438	arrived	\N	\N	f	\N	\N	\N	2026-04-07 14:03:05.764834	2026-04-07 14:03:05.764834	\N	\N	\N	\N	\N	\N	\N	\N	\N	\N	\N	\N	f	\N	\N
e3a441c6-7b7c-4fb6-8805-6e3a667457f7	Lịch 11h	2026-04-07 11:00:00	11:00	2026-04-07 11:00:00	\N	120	Bọc răng sứ	\N	e2972973-56ed-4b6e-a411-b1760022319c	cad65000-6ff3-47c7-cc8d-08dc4d479451	\N	90e19070-f750-415b-ba52-b05f002e9438	confirmed	\N	\N	f	\N	\N	\N	2026-04-07 14:03:05.764834	2026-04-07 14:03:05.764834	\N	\N	\N	\N	\N	\N	\N	\N	\N	\N	\N	\N	f	\N	\N
b4cee5e1-b41c-4b4e-a226-37f6e4a49725	Lịch 14h	2026-04-07 14:00:00	14:00	2026-04-07 14:00:00	\N	30	Trám răng	\N	1e9d5389-810b-436c-8dbb-b0310021f217	c6b4b453-d260-46d4-4fd9-08db24f7ae8e	\N	21360b9b-8e24-46e1-83a3-b1ef009a1911	in Examination	\N	\N	f	\N	\N	\N	2026-04-07 14:03:05.764834	2026-04-07 14:45:34.159705	\N	\N	\N	\N	\N	\N	\N	\N	in Examination	\N	\N	\N	f	\N	\N
ec7fc6db-8e2b-4449-a639-b222b4f65ead	Lịch 13h	2026-04-07 13:00:00	13:00	2026-04-07 13:00:00	\N	60	\N	\N	e2972973-56ed-4b6e-a411-b1760022319c	f0f6361e-b99d-4ac7-4108-08dd8159c64a	\N	cab2a199-ae6f-4746-8d8f-b3690092e93c	done	\N	\N	f	\N	\N	\N	2026-04-07 14:03:05.764834	2026-04-07 14:45:36.728203	\N	\N	\N	\N	\N	\N	\N	\N	done	\N	\N	\N	f	\N	\N
52eb878e-9ac8-432e-8ecc-5ce96d45316a	Lịch 14h	2026-04-07 14:00:00	14:00	2026-04-07 14:00:00	\N	30	Lấy cao răng	\N	140d4c43-227b-4a1f-93e7-b17400aa26b1	b178d5ee-d9ac-477e-088e-08db9a4c4cf4	\N	c48e8550-f68f-4be5-89bb-b2110032b4e1	arrived	\N	\N	f	\N	\N	\N	2026-04-07 14:03:05.764834	2026-04-07 14:45:49.61827	\N	\N	\N	\N	\N	\N	\N	\N	arrived	\N	\N	\N	f	\N	\N
99242841-4135-4ee5-b88c-39ef4c06bcff	Gắn sứ	2026-04-08 08:00:00	08:00	2026-04-08 08:00:00	\N	60	Gắn sứ	\N	45fe0ac9-60cf-499a-81ed-b3d900a5e292	cad65000-6ff3-47c7-cc8d-08dc4d479451	\N	fd67fda4-42ea-4f85-b100-b14c0090e6e4	scheduled		\N	f	6	\N	\N	2026-04-07 23:59:00	2026-04-07 23:59:00	\N	\N	\N	\N	\N	\N	\N	\N	\N	\N	\N	\N	f	\N	\N
8920d69b-477f-44ef-8b6a-96f8bec5854f	Lấy dấu răng	2026-04-08 09:00:00	09:00	2026-04-08 09:00:00	\N	45	Lấy dấu răng	\N	1e9d5389-810b-436c-8dbb-b0310021f217	cad65000-6ff3-47c7-cc8d-08dc4d479451	\N	f03fce3f-d90e-4194-a28f-b1d400752590	scheduled		\N	f	4	\N	\N	2026-04-07 23:59:00	2026-04-07 23:59:00	\N	\N	\N	\N	\N	\N	\N	\N	\N	\N	\N	\N	f	\N	\N
8012724b-80e5-4f12-a789-f9d822b660a2	Gắn mão sứ	2026-04-08 11:00:00	11:00	2026-04-08 11:00:00	\N	20	Gắn mão sứ	\N	34f9945d-a2b3-4a7b-bbc5-b3e70045e958	f0f6361e-b99d-4ac7-4108-08dd8159c64a	\N	cab2a199-ae6f-4746-8d8f-b3690092e93c	scheduled		\N	f	5	\N	\N	2026-04-07 23:59:00	2026-04-07 23:59:00	\N	\N	\N	\N	\N	\N	\N	\N	\N	\N	\N	\N	f	\N	\N
68643bb6-360e-49cb-8b39-8d0cd9d2f781	Bọc răng sứ	2026-04-09 11:00:00	11:00	2026-04-09 11:00:00	\N	15	Bọc răng sứ	\N	80953c05-6320-4feb-b31e-b1ce00c73f79	cad65000-6ff3-47c7-cc8d-08dc4d479451	\N	f03fce3f-d90e-4194-a28f-b1d400752590	scheduled		\N	f	4	\N	\N	2026-04-07 23:59:00	2026-04-07 23:59:00	\N	\N	\N	\N	\N	\N	\N	\N	\N	\N	\N	\N	f	\N	\N
e635b7fd-935e-416d-9605-221427483cde	Trám KT	2026-04-09 13:00:00	13:00	2026-04-09 13:00:00	\N	30	Trám KT	\N	34f9945d-a2b3-4a7b-bbc5-b3e70045e958	b178d5ee-d9ac-477e-088e-08db9a4c4cf4	\N	ed346f4b-c27b-428f-8e46-b05b009de13d	confirmed		\N	f	5	\N	\N	2026-04-07 23:59:00	2026-04-07 23:59:00	\N	\N	\N	\N	\N	\N	\N	\N	\N	\N	\N	\N	f	\N	\N
5e4acb90-d5eb-4046-b803-01481885d0b6	MCLD sứ	2026-04-09 14:00:00	14:00	2026-04-09 14:00:00	\N	20	MCLD sứ	\N	a62414fe-b577-41a2-84d1-b14d008dc0c5	f0f6361e-b99d-4ac7-4108-08dd8159c64a	\N	cab2a199-ae6f-4746-8d8f-b3690092e93c	confirmed		\N	f	1	\N	\N	2026-04-07 23:59:00	2026-04-07 23:59:00	\N	\N	\N	\N	\N	\N	\N	\N	\N	\N	\N	\N	f	\N	\N
77f6971f-b689-46be-b3fe-a1f841f8db49	Kiểm tra răng	2026-04-09 17:00:00	17:00	2026-04-09 17:00:00	\N	60	Kiểm tra răng	\N	0958759d-2985-4323-8807-b2e8007b4e9d	cad65000-6ff3-47c7-cc8d-08dc4d479451	\N	3c2a3bda-879f-48b7-8ee4-b266004978ea	scheduled		\N	f	2	\N	\N	2026-04-07 23:59:00	2026-04-07 23:59:00	\N	\N	\N	\N	\N	\N	\N	\N	\N	\N	\N	\N	f	\N	\N
e2df44cd-9347-403f-ab5d-8a84557bc9f5	Nắn chỉnh răng	2026-04-10 09:00:00	09:00	2026-04-10 09:00:00	\N	20	Nắn chỉnh răng	\N	0958759d-2985-4323-8807-b2e8007b4e9d	c6b4b453-d260-46d4-4fd9-08db24f7ae8e	\N	90e19070-f750-415b-ba52-b05f002e9438	confirmed		\N	f	6	\N	\N	2026-04-07 23:59:00	2026-04-07 23:59:00	\N	\N	\N	\N	\N	\N	\N	\N	\N	\N	\N	\N	f	\N	\N
81e418a3-1fa7-409c-891e-9d01fc91e54c	MCLD sứ	2026-04-10 11:00:00	11:00	2026-04-10 11:00:00	\N	20	MCLD sứ	\N	2da1bae8-d8e2-4a85-9da8-b25f0077382c	765f6593-2b19-4d06-cc8c-08dc4d479451	\N	0b8e06d1-d517-4207-a8c0-b1f7002d7476	confirmed		\N	f	2	\N	\N	2026-04-07 23:59:00	2026-04-07 23:59:00	\N	\N	\N	\N	\N	\N	\N	\N	\N	\N	\N	\N	f	\N	\N
f285785a-ae4b-45c2-b944-b4b8dd005b4c	Gỡ mắc cài cũ	2026-04-10 13:00:00	13:00	2026-04-10 13:00:00	\N	60	Gỡ mắc cài cũ	\N	34f9945d-a2b3-4a7b-bbc5-b3e70045e958	c6b4b453-d260-46d4-4fd9-08db24f7ae8e	\N	21360b9b-8e24-46e1-83a3-b1ef009a1911	scheduled		\N	f	4	\N	\N	2026-04-07 23:59:00	2026-04-07 23:59:00	\N	\N	\N	\N	\N	\N	\N	\N	\N	\N	\N	\N	f	\N	\N
e5527f94-4e31-4076-bce0-8005cf1797d3	Bọc răng sứ	2026-04-10 14:00:00	14:00	2026-04-10 14:00:00	\N	60	Bọc răng sứ	\N	10f79eec-0965-4397-aeeb-b35400ab5326	cad65000-6ff3-47c7-cc8d-08dc4d479451	\N	a3a0e8dc-6b40-468f-803b-b1cf0063ad84	confirmed		\N	f	5	\N	\N	2026-04-07 23:59:00	2026-04-07 23:59:00	\N	\N	\N	\N	\N	\N	\N	\N	\N	\N	\N	\N	f	\N	\N
8cf59361-878d-44a7-9cde-b4bb807722f1	Thử sứ	2026-04-10 18:00:00	18:00	2026-04-10 18:00:00	\N	20	Thử sứ	\N	250c1ff6-8b5e-4bc6-9ac3-b3ad007ca9b0	cad65000-6ff3-47c7-cc8d-08dc4d479451	\N	f1abd11e-6309-4b5b-add9-b14c0090f199	scheduled		\N	f	7	\N	\N	2026-04-07 23:59:00	2026-04-07 23:59:00	\N	\N	\N	\N	\N	\N	\N	\N	\N	\N	\N	\N	f	\N	\N
c09f355f-2062-4f12-995f-e63b83556ba3	MCLD sứ	2026-04-11 08:00:00	08:00	2026-04-11 08:00:00	\N	60	MCLD sứ	\N	e9fd09c2-e3be-4c59-88e0-b1030040130f	6861c928-0e13-4664-c781-08dcdfa45074	\N	c48e8550-f68f-4be5-89bb-b2110032b4e1	scheduled		\N	f	5	\N	\N	2026-04-07 23:59:00	2026-04-07 23:59:00	\N	\N	\N	\N	\N	\N	\N	\N	\N	\N	\N	\N	f	\N	\N
f80ac8db-74ce-466e-aba8-080b34e44af6	Gắn mão sứ	2026-04-11 13:00:00	13:00	2026-04-11 13:00:00	\N	30	Gắn mão sứ	\N	a62414fe-b577-41a2-84d1-b14d008dc0c5	f0f6361e-b99d-4ac7-4108-08dd8159c64a	\N	cab2a199-ae6f-4746-8d8f-b3690092e93c	scheduled		\N	f	2	\N	\N	2026-04-07 23:59:00	2026-04-07 23:59:00	\N	\N	\N	\N	\N	\N	\N	\N	\N	\N	\N	\N	f	\N	\N
747f7d3c-4e34-4f0f-ad0a-fab067a89129	MCLD sứ	2026-04-11 16:00:00	16:00	2026-04-11 16:00:00	\N	15	MCLD sứ	\N	45fe0ac9-60cf-499a-81ed-b3d900a5e292	b178d5ee-d9ac-477e-088e-08db9a4c4cf4	\N	ed346f4b-c27b-428f-8e46-b05b009de13d	confirmed		\N	f	2	\N	\N	2026-04-07 23:59:00	2026-04-07 23:59:00	\N	\N	\N	\N	\N	\N	\N	\N	\N	\N	\N	\N	f	\N	\N
b3e1cc09-39e4-4ae5-86f1-1bb4ef0417f5	Thử sứ	2026-04-11 17:00:00	17:00	2026-04-11 17:00:00	\N	30	Thử sứ	\N	a5a89433-420a-40dd-801c-b39000b34540	765f6593-2b19-4d06-cc8c-08dc4d479451	\N	b41477e0-8eed-4520-a41a-b145008c51b0	scheduled		\N	f	3	\N	\N	2026-04-07 23:59:00	2026-04-07 23:59:00	\N	\N	\N	\N	\N	\N	\N	\N	\N	\N	\N	\N	f	\N	\N
8664f3a6-4205-45d6-a8d9-9a9303669460	Trám KT	2026-04-11 18:00:00	18:00	2026-04-11 18:00:00	\N	30	Trám KT	\N	541bd083-7b08-4b7a-9517-b3db007928c7	b178d5ee-d9ac-477e-088e-08db9a4c4cf4	\N	43190b77-570b-4557-b470-b33e00663454	scheduled		\N	f	0	\N	\N	2026-04-07 23:59:00	2026-04-07 23:59:00	\N	\N	\N	\N	\N	\N	\N	\N	\N	\N	\N	\N	f	\N	\N
122ea9b0-5b99-47fe-96e0-a234ec5dde52	Tư vấn niềng răng	2026-04-12 09:00:00	09:00	2026-04-12 09:00:00	\N	60	Tư vấn niềng răng	\N	80953c05-6320-4feb-b31e-b1ce00c73f79	b178d5ee-d9ac-477e-088e-08db9a4c4cf4	\N	6ac1a478-0568-4ec6-a3d6-b05b009de13d	scheduled		\N	f	2	\N	\N	2026-04-07 23:59:00	2026-04-07 23:59:00	\N	\N	\N	\N	\N	\N	\N	\N	\N	\N	\N	\N	f	\N	\N
a86738de-d86e-474b-aa47-22094b25e924	Cạo vôi răng	2026-04-12 17:00:00	17:00	2026-04-12 17:00:00	\N	45	Cạo vôi răng	\N	1e9d5389-810b-436c-8dbb-b0310021f217	c6b4b453-d260-46d4-4fd9-08db24f7ae8e	\N	90e19070-f750-415b-ba52-b05f002e9438	confirmed		\N	f	7	\N	\N	2026-04-07 23:59:00	2026-04-07 23:59:00	\N	\N	\N	\N	\N	\N	\N	\N	\N	\N	\N	\N	f	\N	\N
f990a1a4-2ad6-4e4e-9905-b1a400ff1731	AP42238	2024-07-07 10:00:00	\N	\N	\N	60	Tư vấn niềng răng 	816d038b-856e-4227-9b19-9cac831fe139	90edb637-1d32-4280-8088-b1a400ff0073	c6b4b453-d260-46d4-4fd9-08db24f7ae8e	\N	\N	done	\N	\N	f	2	816d038b-856e-4227-9b19-9cac831fe139	b4ce78f5-c73f-4f36-888a-914287165026	2024-07-05 22:28:45.385	2024-07-07 11:12:31.461	\N	\N	\N	\N	\N	\N	\N	\N	confirmed	406091d9-135f-42cd-a401-b1a600455b9b	1	\N	f	\N	\N
cbdf92f8-22d4-4f0f-a5fc-b1a6007609d9	AP42568	2024-07-10 16:00:00	\N	\N	\N	60	GÓI DLCN , GẮN MCKL - TA ( NHẮC HẸN 15H30 )	a3710d9f-eef0-420c-a03c-a983c701bb42	90edb637-1d32-4280-8088-b1a400ff0073	c6b4b453-d260-46d4-4fd9-08db24f7ae8e	\N	eade2d78-8ff1-491b-bdd3-afe30077c406	done	\N	\N	f	4	a3710d9f-eef0-420c-a03c-a983c701bb42	6d527434-519a-46b9-848a-6085a9543d08	2024-07-07 14:09:45.896	2024-07-10 15:58:01.386	\N	\N	\N	\N	\N	\N	\N	\N	confirmed	5d03c121-f406-4167-b23e-b1a90093c5bf	1	\N	f	\N	\N
22216364-2720-44cd-9a8a-b1aa010f3429	AP43408	2024-07-12 17:30:00	\N	\N	\N	15	KIỂM TRA MC - TA ( bạn muốn 1 phụ tá cứng lm cho bạn )	a3710d9f-eef0-420c-a03c-a983c701bb42	90edb637-1d32-4280-8088-b1a400ff0073	c6b4b453-d260-46d4-4fd9-08db24f7ae8e	\N	eade2d78-8ff1-491b-bdd3-afe30077c406	done	\N	\N	f	0	a3710d9f-eef0-420c-a03c-a983c701bb42	34415705-72f4-4762-b67e-440aa834e6f6	2024-07-11 23:27:25.36	2024-07-12 17:46:51.463	\N	\N	\N	\N	\N	\N	\N	\N	confirmed	a348aca6-d5e7-4f18-98fc-b1ab00b1aa2e	1	\N	f	\N	\N
4c44c4a7-8e01-4ae8-8b4f-c9fad476a408	Trám KT	2026-04-12 11:00:00	11:00	2026-04-12 11:00:00	\N	60	Trám KT	\N	250c1ff6-8b5e-4bc6-9ac3-b3ad007ca9b0	b178d5ee-d9ac-477e-088e-08db9a4c4cf4	\N	43190b77-570b-4557-b470-b33e00663454	arrived		\N	f	4	\N	\N	2026-04-07 23:59:00	2026-04-12 11:13:10.42552	\N	\N	\N	\N	\N	\N	\N	\N	arrived	\N	\N	\N	f	\N	\N
88a55822-9956-4151-bf08-aae347ff516a	AP235539	2026-04-09 00:00:00	08:00	\N	\N	30	Duration: 30 min\nType: Khách mới	\N	9903aa61-2c3d-4750-9531-024cefb97070	c6b4b453-d260-46d4-4fd9-08db24f7ae8e	\N	dbefd061-dbb0-44d7-8eed-afe3007a8017	scheduled	\N	\N	f	1	\N	\N	2026-04-09 08:04:40.915217	2026-04-09 14:18:14.260711	\N	\N	\N	\N	\N	\N	\N	\N	scheduled	\N	\N	\N	f	\N	\N
5305c818-73ab-4b70-abed-f7c7da1968d1	Hàn răng	2026-04-09 00:00:00	08:00	2026-04-09 08:00:00	\N	30	Duration: 30 min\nType: Khách mới\nHàn răng	\N	fa3f3aa0-2bc9-4656-8029-b30a0064edf2	f0f6361e-b99d-4ac7-4108-08dd8159c64a	\N	494dd94b-0f5c-4037-a183-b2d5004495bc	arrived		\N	f	1	\N	\N	2026-04-07 23:59:00	2026-04-09 14:31:48.26751	\N	\N	\N	\N	\N	\N	\N	\N	arrived	\N	\N	\N	f	\N	\N
7447f664-0ede-4b52-b396-b1ac0028ffe8	AP43620	2024-07-13 10:00:00	\N	\N	\N	15	GẮN MC RỚT - TA  ( BẠN MUỐN BS GẮN CHO BẠN TẠI 2 LẦN QUA PHỤ TÁ GẮN VỀ RỚT LIỀN )	a3710d9f-eef0-420c-a03c-a983c701bb42	90edb637-1d32-4280-8088-b1a400ff0073	c6b4b453-d260-46d4-4fd9-08db24f7ae8e	\N	eade2d78-8ff1-491b-bdd3-afe30077c406	done	\N	\N	t	7	a3710d9f-eef0-420c-a03c-a983c701bb42	7b8c7865-d342-45a0-ac9a-b5139db0db46	2024-07-13 09:29:16.506	2024-07-14 09:28:00.974	\N	\N	\N	\N	\N	\N	\N	\N	confirmed	922b796f-45c2-42f3-9820-b1ac003a83a0	1	\N	f	\N	\N
d86f92d5-40b1-4035-b619-b1ae002d489f	AP44008	2024-07-31 13:30:00	\N	\N	\N	60	TRÁM RĂNG - TA ( VC SN ) ( xếp cho bạn 1 bạn nữ trám chắc tay nhẹ nhàng )	a3710d9f-eef0-420c-a03c-a983c701bb42	90edb637-1d32-4280-8088-b1a400ff0073	c6b4b453-d260-46d4-4fd9-08db24f7ae8e	\N	eade2d78-8ff1-491b-bdd3-afe30077c406	done	\N	\N	f	7	a3710d9f-eef0-420c-a03c-a983c701bb42	7b8c7865-d342-45a0-ac9a-b5139db0db46	2024-07-15 09:44:52.372	2024-08-01 10:00:52.527	\N	\N	\N	\N	\N	\N	\N	\N	confirmed	a402a734-9ba6-4a0f-b3d2-b1be00af8b8f	1	\N	f	\N	\N
ac5293e0-eaac-4529-b35c-b1c000a77b39	AP47727	2024-08-02 17:30:00	\N	\N	\N	15	KIỂM TRA RANG , CHINH DC - TA ( YC BS )	a3710d9f-eef0-420c-a03c-a983c701bb42	90edb637-1d32-4280-8088-b1a400ff0073	c6b4b453-d260-46d4-4fd9-08db24f7ae8e	\N	eade2d78-8ff1-491b-bdd3-afe30077c406	done	\N	\N	f	7	a3710d9f-eef0-420c-a03c-a983c701bb42	7b8c7865-d342-45a0-ac9a-b5139db0db46	2024-08-02 17:09:46.854	2024-08-03 10:59:27.587	\N	\N	\N	\N	\N	\N	\N	\N	confirmed	\N	1	\N	f	\N	\N
003eee1a-d894-426f-b359-b1a900cc960d	AP43245	2024-08-07 15:00:00	\N	\N	\N	15	TĂNG LỰC-TA	b4ce78f5-c73f-4f36-888a-914287165026	90edb637-1d32-4280-8088-b1a400ff0073	c6b4b453-d260-46d4-4fd9-08db24f7ae8e	\N	eade2d78-8ff1-491b-bdd3-afe30077c406	done	\N	\N	f	7	b4ce78f5-c73f-4f36-888a-914287165026	7b8c7865-d342-45a0-ac9a-b5139db0db46	2024-07-10 19:24:52.519	2024-08-08 09:18:38.61	\N	\N	\N	\N	\N	\N	\N	\N	confirmed	2d89675c-26be-472b-ae27-b1c5007ed0d9	1	\N	f	\N	\N
1da59ffc-b516-4612-bd6e-b1db00402e74	AP53045	2024-08-30 18:15:00	\N	\N	\N	15	CHỈNH DC - Ý (YC BS)	a3710d9f-eef0-420c-a03c-a983c701bb42	90edb637-1d32-4280-8088-b1a400ff0073	c6b4b453-d260-46d4-4fd9-08db24f7ae8e	\N	eade2d78-8ff1-491b-bdd3-afe30077c406	done	\N	\N	f	3	a3710d9f-eef0-420c-a03c-a983c701bb42	41c1f825-9462-49a1-974a-3ce9b05342e9	2024-08-29 10:53:40.654	2024-08-30 18:35:36.841	\N	\N	\N	\N	\N	\N	\N	\N	confirmed	25d57c00-1925-4418-ae2c-b1dc00bf0e56	1	\N	f	\N	\N
0d1ca92a-e1bb-4848-81a0-b1c5008ced86	AP48747	2024-09-05 15:00:00	\N	\N	\N	10	TĂNG LỰC - TA	34415705-72f4-4762-b67e-440aa834e6f6	90edb637-1d32-4280-8088-b1a400ff0073	c6b4b453-d260-46d4-4fd9-08db24f7ae8e	\N	eade2d78-8ff1-491b-bdd3-afe30077c406	done	\N	\N	t	7	34415705-72f4-4762-b67e-440aa834e6f6	7b8c7865-d342-45a0-ac9a-b5139db0db46	2024-08-07 15:33:06.15	2024-09-06 11:09:00.145	\N	\N	\N	\N	\N	\N	\N	\N	\N	90ad7e37-eecb-4144-9c34-b1e200a5cf6d	1	\N	f	\N	\N
c6f4b063-2d2f-4468-ad1a-b1e600cea4dc	AP55284	2024-09-11 09:20:00	\N	\N	\N	10	CHỈNH DC-TA ( auto  bs )	34415705-72f4-4762-b67e-440aa834e6f6	90edb637-1d32-4280-8088-b1a400ff0073	c6b4b453-d260-46d4-4fd9-08db24f7ae8e	\N	eade2d78-8ff1-491b-bdd3-afe30077c406	done	\N	\N	f	3	34415705-72f4-4762-b67e-440aa834e6f6	6d527434-519a-46b9-848a-6085a9543d08	2024-09-09 19:32:22.062	2024-09-11 09:32:22.06	\N	\N	\N	\N	\N	\N	\N	\N	confirmed	1292492b-12f2-494e-875c-b1e80029d954	1	\N	f	\N	\N
642ad355-74c6-45de-ab66-80035103b5a6	Gỡ mắc cài cũ	2026-04-12 14:00:00	14:00	2026-04-12 14:00:00	\N	20	Gỡ mắc cài cũ	\N	3dc647ea-698d-4038-94e6-b38a0022baa8	765f6593-2b19-4d06-cc8c-08dc4d479451	\N	0b8e06d1-d517-4207-a8c0-b1f7002d7476	arrived		\N	f	3	\N	\N	2026-04-07 23:59:00	2026-04-12 11:13:15.907969	\N	\N	\N	\N	\N	\N	\N	\N	arrived	\N	\N	\N	f	\N	\N
c894e20a-6599-4937-8106-0a7317f42047	Kiểm tra răng	2026-04-12 18:00:00	18:00	2026-04-12 18:00:00	\N	15	Kiểm tra răng	\N	45fe0ac9-60cf-499a-81ed-b3d900a5e292	cad65000-6ff3-47c7-cc8d-08dc4d479451	\N	f03fce3f-d90e-4194-a28f-b1d400752590	in Examination		\N	f	3	\N	\N	2026-04-07 23:59:00	2026-04-12 15:48:34.138704	\N	\N	\N	\N	\N	\N	\N	\N	in Examination	\N	\N	\N	f	\N	\N
7c46fb59-2f48-40aa-98d3-b1f00056b9b6	AP57310	2024-09-19 15:20:00	\N	\N	\N	10	CHỈNH DC - TA ( AUTO BS 0	a3710d9f-eef0-420c-a03c-a983c701bb42	90edb637-1d32-4280-8088-b1a400ff0073	c6b4b453-d260-46d4-4fd9-08db24f7ae8e	\N	eade2d78-8ff1-491b-bdd3-afe30077c406	done	\N	\N	f	3	a3710d9f-eef0-420c-a03c-a983c701bb42	a3710d9f-eef0-420c-a03c-a983c701bb42	2024-09-19 12:15:45.458	2024-09-19 19:11:09.353	\N	\N	\N	\N	\N	\N	\N	\N	confirmed	\N	1	\N	f	\N	\N
d83bfe64-d6b7-4833-98db-b1e200c2b2bd	AP54341	2024-10-01 16:00:00	\N	\N	\N	10	TĂNG LỰC - TA	6d527434-519a-46b9-848a-6085a9543d08	90edb637-1d32-4280-8088-b1a400ff0073	c6b4b453-d260-46d4-4fd9-08db24f7ae8e	\N	eade2d78-8ff1-491b-bdd3-afe30077c406	done	\N	\N	t	3	6d527434-519a-46b9-848a-6085a9543d08	34415705-72f4-4762-b67e-440aa834e6f6	2024-09-05 18:48:52.466	2024-10-01 16:36:17.545	\N	\N	\N	\N	\N	\N	\N	\N	confirmed	5dcacb64-5307-43e8-b48d-b1fc009e488b	1	\N	f	\N	\N
83e7b8e5-80fd-4b55-9444-b1fc00a7fec1	AP59728	2024-10-29 18:00:00	\N	\N	\N	10	TĂNG LỰC - TA	34415705-72f4-4762-b67e-440aa834e6f6	90edb637-1d32-4280-8088-b1a400ff0073	c6b4b453-d260-46d4-4fd9-08db24f7ae8e	\N	eade2d78-8ff1-491b-bdd3-afe30077c406	done	\N	\N	t	7	34415705-72f4-4762-b67e-440aa834e6f6	34415705-72f4-4762-b67e-440aa834e6f6	2024-10-01 17:11:39.095	2024-10-30 12:49:40.754	\N	\N	\N	\N	\N	\N	\N	\N	confirmed	a39c06a0-7ebb-418a-9392-b2180087d710	1	\N	f	\N	\N
ac1ce6f6-2ff5-4f6f-8c32-b2180092749d	AP66182	2024-11-27 16:00:00	\N	\N	\N	10	TL - TA (in hóa đơn trả góp gửi bạn)	b4ce78f5-c73f-4f36-888a-914287165026	90edb637-1d32-4280-8088-b1a400ff0073	c6b4b453-d260-46d4-4fd9-08db24f7ae8e	\N	eade2d78-8ff1-491b-bdd3-afe30077c406	done	\N	\N	f	7	b4ce78f5-c73f-4f36-888a-914287165026	7b8c7865-d342-45a0-ac9a-b5139db0db46	2024-10-29 15:53:13.695	2024-11-28 17:16:59.443	\N	\N	\N	\N	\N	\N	\N	\N	\N	087ad0df-68c6-462e-bb38-b23500a536ae	1	\N	f	\N	\N
99048e8a-5caf-4197-bd68-b23500b5b365	AP73326	2024-12-27 13:30:00	\N	\N	\N	30	TĂNG LỰC + HẠ NK TRÁNH CHÌA HD - TA( 30P)	b4ce78f5-c73f-4f36-888a-914287165026	90edb637-1d32-4280-8088-b1a400ff0073	c6b4b453-d260-46d4-4fd9-08db24f7ae8e	\N	eade2d78-8ff1-491b-bdd3-afe30077c406	done	\N	\N	f	7	b4ce78f5-c73f-4f36-888a-914287165026	7b8c7865-d342-45a0-ac9a-b5139db0db46	2024-11-27 18:01:33.134	2024-12-29 09:42:55.415	\N	\N	\N	\N	\N	\N	\N	\N	\N	f472c0ba-ae35-4b4c-8514-b2530073cb69	1	\N	f	\N	\N
d80f65b2-7f75-490d-bb5d-b253007e5ace	AP80535	2025-01-24 14:00:00	\N	\N	\N	30	TĂNG LỰC - TA 	9b351cc8-5a0b-4fd8-a262-2890923ddb52	90edb637-1d32-4280-8088-b1a400ff0073	c6b4b453-d260-46d4-4fd9-08db24f7ae8e	\N	eade2d78-8ff1-491b-bdd3-afe30077c406	done	\N	\N	t	4	9b351cc8-5a0b-4fd8-a262-2890923ddb52	9b351cc8-5a0b-4fd8-a262-2890923ddb52	2024-12-27 14:40:02.604	2025-01-24 14:17:19.167	\N	\N	\N	\N	\N	\N	\N	\N	confirmed	c7ea80de-71f9-4cc1-8ce6-b26f00781d03	1	\N	f	\N	\N
d8977e6a-3e45-48fa-bd11-b26f007f59f9	AP87586	2025-02-21 14:45:00	\N	\N	\N	10	TL - TA	9b351cc8-5a0b-4fd8-a262-2890923ddb52	90edb637-1d32-4280-8088-b1a400ff0073	c6b4b453-d260-46d4-4fd9-08db24f7ae8e	\N	eade2d78-8ff1-491b-bdd3-afe30077c406	done	\N	\N	f	3	9b351cc8-5a0b-4fd8-a262-2890923ddb52	9b351cc8-5a0b-4fd8-a262-2890923ddb52	2025-01-24 14:43:40.35	2025-02-21 13:44:14.423	\N	\N	\N	\N	\N	\N	\N	\N	confirmed	9a92a6b5-8710-4e15-8b03-b28b006f0722	1	\N	f	\N	\N
f5bcae6e-052e-4c66-aaea-b29a009cbfa6	AP97818	2025-04-04 15:30:00	\N	\N	\N	10	TĂNG LỰC + ĐEO TLH - TA	ec24a7fb-2196-41f1-82f0-b5d0551cb59b	90edb637-1d32-4280-8088-b1a400ff0073	c6b4b453-d260-46d4-4fd9-08db24f7ae8e	\N	eade2d78-8ff1-491b-bdd3-afe30077c406	done	\N	\N	f	7	ec24a7fb-2196-41f1-82f0-b5d0551cb59b	abb07db2-3cb6-4eae-b50f-0d191a86a38e	2025-03-08 16:30:42.257	2025-04-05 09:14:38.114	\N	\N	\N	\N	\N	\N	\N	\N	\N	ef89597f-88da-49bf-bb59-b2b500954b31	1	\N	f	\N	\N
7f83f8c5-0876-40ad-ae5f-b2bf008b51e4	AP108909	2025-04-15 15:00:00	\N	\N	\N	10	GMC RỚT - TA	6d527434-519a-46b9-848a-6085a9543d08	90edb637-1d32-4280-8088-b1a400ff0073	c6b4b453-d260-46d4-4fd9-08db24f7ae8e	\N	\N	done	\N	\N	f	7	6d527434-519a-46b9-848a-6085a9543d08	9b351cc8-5a0b-4fd8-a262-2890923ddb52	2025-04-14 15:27:14.89	2025-04-16 14:55:06.032	\N	\N	\N	\N	\N	\N	\N	\N	confirmed	e437084a-e246-45b8-8b66-b2c00095716f	1	\N	f	\N	\N
97c4916a-39b3-4d6e-8c72-b2c10048c48d	AP109425	2025-04-17 15:00:00	\N	\N	\N	10	GMC RỚT - PL	6d527434-519a-46b9-848a-6085a9543d08	90edb637-1d32-4280-8088-b1a400ff0073	c6b4b453-d260-46d4-4fd9-08db24f7ae8e	\N	\N	done	\N	\N	f	7	6d527434-519a-46b9-848a-6085a9543d08	abb07db2-3cb6-4eae-b50f-0d191a86a38e	2025-04-16 11:24:56.364	2025-04-18 11:02:57.469	\N	\N	\N	\N	\N	\N	\N	\N	\N	6f2e4dbe-b857-4d3f-ad72-b2c20082b2be	1	\N	f	\N	\N
c1cdda4e-c7c2-437a-81f9-b2cc008209a7	AP112936	2025-05-06 15:00:00	\N	\N	\N	30	TĂNG LỰC + CẮM 2 VIS HD - HÂN (ĐÃ BÁO BỆNH NHÂN ĐI QUẬN 10) BS.03	6d527434-519a-46b9-848a-6085a9543d08	90edb637-1d32-4280-8088-b1a400ff0073	f0f6361e-b99d-4ac7-4108-08dd8159c64a	\N	\N	done	\N	\N	f	4	6d527434-519a-46b9-848a-6085a9543d08	47f96103-8fad-4d6e-ba79-9eb01eaa5451	2025-04-27 14:53:27.168	2025-05-06 16:10:00.595	\N	\N	\N	\N	\N	\N	\N	\N	confirmed	90bd47b6-3170-42de-bf12-b2d500971088	1	\N	f	\N	\N
123dc221-dea7-42c4-881e-b2d700492036	AP115904	2025-05-08 15:00:00	\N	\N	\N	60	CHỈNH NK - HÂN	47f96103-8fad-4d6e-ba79-9eb01eaa5451	90edb637-1d32-4280-8088-b1a400ff0073	f0f6361e-b99d-4ac7-4108-08dd8159c64a	\N	eade2d78-8ff1-491b-bdd3-afe30077c406	done	\N	\N	f	3	47f96103-8fad-4d6e-ba79-9eb01eaa5451	47f96103-8fad-4d6e-ba79-9eb01eaa5451	2025-05-08 11:26:14.579	2025-05-08 16:14:41.827	\N	\N	\N	\N	\N	\N	\N	\N	confirmed	36b3133e-0b2f-4949-8690-b2d700985a19	1	\N	f	\N	\N
48a380c9-151f-4f34-a86c-b2d500aae4a7	AP115404	2025-06-07 15:30:00	\N	\N	\N	15	TĂNG LỰC + MÀI KẼ - HÂN 	47f96103-8fad-4d6e-ba79-9eb01eaa5451	90edb637-1d32-4280-8088-b1a400ff0073	f0f6361e-b99d-4ac7-4108-08dd8159c64a	\N	\N	cancel	D	\N	f	4	47f96103-8fad-4d6e-ba79-9eb01eaa5451	47f96103-8fad-4d6e-ba79-9eb01eaa5451	2025-05-06 17:22:12.182	2025-06-07 16:46:54.053	\N	\N	\N	\N	\N	\N	\N	\N	confirmed	\N	1	\N	f	\N	\N
6bc2c555-8bbe-43f8-8c9c-b2f500883262	AP126667	2025-06-11 17:15:00	\N	\N	\N	15	Tăng lực + MÀI KẼ - LY 	7669ebf9-cb82-4d83-80c9-79d8415d664d	90edb637-1d32-4280-8088-b1a400ff0073	f0f6361e-b99d-4ac7-4108-08dd8159c64a	\N	eade2d78-8ff1-491b-bdd3-afe30077c406	done	\N	\N	f	3	7669ebf9-cb82-4d83-80c9-79d8415d664d	47f96103-8fad-4d6e-ba79-9eb01eaa5451	2025-06-07 15:15:52.646	2025-06-11 18:00:51.408	\N	\N	\N	\N	\N	\N	\N	\N	confirmed	\N	1	\N	f	\N	\N
e07d87ba-3bcd-4e7b-90d0-b2f900c13bf7	AP128250	2025-07-10 15:30:00	\N	\N	\N	15	TĂNG LỰC - HÂN 	47f96103-8fad-4d6e-ba79-9eb01eaa5451	90edb637-1d32-4280-8088-b1a400ff0073	f0f6361e-b99d-4ac7-4108-08dd8159c64a	\N	eade2d78-8ff1-491b-bdd3-afe30077c406	done	\N	\N	t	3	47f96103-8fad-4d6e-ba79-9eb01eaa5451	47f96103-8fad-4d6e-ba79-9eb01eaa5451	2025-06-11 18:43:32.66	2025-07-10 15:20:55.924	\N	\N	\N	\N	\N	\N	\N	\N	confirmed	\N	1	\N	f	\N	\N
d6a404a4-f1fc-402c-b7e1-b3160097483a	AP138549	2025-08-08 11:45:00	\N	\N	\N	15	TĂNG LỰC - HÂN 	47f96103-8fad-4d6e-ba79-9eb01eaa5451	90edb637-1d32-4280-8088-b1a400ff0073	f0f6361e-b99d-4ac7-4108-08dd8159c64a	\N	eade2d78-8ff1-491b-bdd3-afe30077c406	confirmed	\N	\N	t	3	47f96103-8fad-4d6e-ba79-9eb01eaa5451	b45ec157-435e-4898-b9ce-116aee98a5a2	2025-07-10 16:10:48.085	2025-08-07 10:35:14.832	\N	\N	\N	\N	\N	\N	\N	\N	confirmed	\N	1	\N	f	\N	\N
25dd1d94-b4d3-4548-babc-b3320085174e	AP148321	2025-09-04 11:45:00	\N	\N	\N	15	TĂNG LỰC - TRÂM 	47f96103-8fad-4d6e-ba79-9eb01eaa5451	90edb637-1d32-4280-8088-b1a400ff0073	f0f6361e-b99d-4ac7-4108-08dd8159c64a	\N	eade2d78-8ff1-491b-bdd3-afe30077c406	confirmed	\N	\N	t	3	47f96103-8fad-4d6e-ba79-9eb01eaa5451	47f96103-8fad-4d6e-ba79-9eb01eaa5451	2025-08-07 15:04:34.178	2025-08-07 15:04:34.178	\N	\N	\N	\N	\N	\N	\N	\N	confirmed	\N	1	\N	f	\N	\N
10df94f7-05b3-4341-a3fc-b34f007ecf7c	AP158148	2025-09-10 16:00:00	\N	\N	\N	15	TĂNG LỰC - TRÂM	47f96103-8fad-4d6e-ba79-9eb01eaa5451	90edb637-1d32-4280-8088-b1a400ff0073	f0f6361e-b99d-4ac7-4108-08dd8159c64a	\N	eade2d78-8ff1-491b-bdd3-afe30077c406	done	\N	\N	f	3	47f96103-8fad-4d6e-ba79-9eb01eaa5451	2d2c75ee-b087-468d-b848-51ea016b28b9	2025-09-05 14:41:42.172	2025-09-10 18:17:44.609	\N	\N	\N	\N	\N	\N	\N	\N	confirmed	19f2cbc1-d190-4665-aac0-b35400ba258b	1	\N	f	\N	\N
8bd4aca9-0f0b-45cd-be79-b35400c33628	AP160278	2025-10-03 18:15:00	\N	\N	\N	15	TĂNG LỰC - DƯƠNG	47f96103-8fad-4d6e-ba79-9eb01eaa5451	90edb637-1d32-4280-8088-b1a400ff0073	f0f6361e-b99d-4ac7-4108-08dd8159c64a	\N	eade2d78-8ff1-491b-bdd3-afe30077c406	done	\N	\N	f	3	47f96103-8fad-4d6e-ba79-9eb01eaa5451	47f96103-8fad-4d6e-ba79-9eb01eaa5451	2025-09-10 18:50:44.611	2025-10-03 18:10:25.681	\N	\N	\N	\N	\N	\N	\N	\N	confirmed	89844950-c201-4eb1-a733-b36b00b82372	1	\N	f	\N	\N
b10d9b20-acab-4224-8bff-b36b00c50447	AP168767	2025-11-04 15:15:00	\N	\N	\N	15	TĂNG LỰC - D	47f96103-8fad-4d6e-ba79-9eb01eaa5451	90edb637-1d32-4280-8088-b1a400ff0073	f0f6361e-b99d-4ac7-4108-08dd8159c64a	\N	eade2d78-8ff1-491b-bdd3-afe30077c406	done	\N	\N	t	3	47f96103-8fad-4d6e-ba79-9eb01eaa5451	47f96103-8fad-4d6e-ba79-9eb01eaa5451	2025-10-03 18:57:18.953	2025-11-04 16:04:13.534	\N	\N	\N	\N	\N	\N	\N	\N	confirmed	c13f6b66-db23-45f3-ab8c-b38b009579d6	1	\N	f	\N	\N
5496d6be-dc27-4214-b1b9-b397005f7625	AP185520	2025-11-18 18:00:00	\N	\N	\N	15	CVR - DƯƠNG	d67346f6-837e-499d-8e8f-0eea533fcd4c	90edb637-1d32-4280-8088-b1a400ff0073	f0f6361e-b99d-4ac7-4108-08dd8159c64a	\N	\N	done	\N	\N	f	6	d67346f6-837e-499d-8e8f-0eea533fcd4c	47f96103-8fad-4d6e-ba79-9eb01eaa5451	2025-11-16 12:47:33.881	2025-11-18 18:43:26.059	\N	\N	\N	\N	\N	\N	\N	\N	confirmed	8ad41418-f8c2-4f64-b73e-b39900c1341d	1	\N	f	\N	\N
ec69e67c-f40c-4a64-921b-b38b00a08151	AP180935	2025-12-05 13:30:00	\N	\N	\N	45	Tăng lực + chụp pano+TC - D (45p) -	47f96103-8fad-4d6e-ba79-9eb01eaa5451	90edb637-1d32-4280-8088-b1a400ff0073	f0f6361e-b99d-4ac7-4108-08dd8159c64a	\N	eade2d78-8ff1-491b-bdd3-afe30077c406	done	\N	\N	t	4	47f96103-8fad-4d6e-ba79-9eb01eaa5451	b85bc72b-ed58-45ff-8b45-35f12a53d409	2025-11-04 16:44:22.881	2025-12-05 14:03:55.093	\N	\N	\N	\N	\N	\N	\N	\N	confirmed	965146b4-84a0-411a-8f28-b3aa00746e9b	1	\N	f	\N	\N
c4749f26-f310-4b8e-8f98-b3aa008af366	AP192874	2026-01-03 16:00:00	\N	\N	\N	15	TĂNG LỰC -D -	47f96103-8fad-4d6e-ba79-9eb01eaa5451	90edb637-1d32-4280-8088-b1a400ff0073	f0f6361e-b99d-4ac7-4108-08dd8159c64a	\N	eade2d78-8ff1-491b-bdd3-afe30077c406	done	\N	\N	t	3	47f96103-8fad-4d6e-ba79-9eb01eaa5451	47f96103-8fad-4d6e-ba79-9eb01eaa5451	2025-12-05 15:25:54.259	2026-01-03 16:38:16.34	\N	\N	\N	\N	\N	\N	\N	\N	confirmed	6127d29a-3555-4ab6-a8f3-b3c7009ed3a8	1	\N	f	\N	\N
f99ea53c-c0cd-4e5f-8863-b3c700aedee7	AP204545	2026-02-03 16:00:00	\N	\N	\N	15	TĂNG LỰC - D --	47f96103-8fad-4d6e-ba79-9eb01eaa5451	90edb637-1d32-4280-8088-b1a400ff0073	f0f6361e-b99d-4ac7-4108-08dd8159c64a	\N	eade2d78-8ff1-491b-bdd3-afe30077c406	done	\N	\N	t	3	47f96103-8fad-4d6e-ba79-9eb01eaa5451	47f96103-8fad-4d6e-ba79-9eb01eaa5451	2026-01-03 17:36:41.089	2026-02-05 11:32:21.084	\N	\N	\N	\N	\N	\N	\N	\N	confirmed	66d38703-13c1-4f5d-97e2-b3e60096a46d	1	\N	f	\N	\N
c3a9e0ec-6ce6-47a9-9d86-b3e600a160ea	AP217991	2026-03-10 17:30:00	\N	2026-03-10 17:30:00	\N	15	TĂNG LỰC - D --	\N	90edb637-1d32-4280-8088-b1a400ff0073	f0f6361e-b99d-4ac7-4108-08dd8159c64a	\N	eade2d78-8ff1-491b-bdd3-afe30077c406	done	\N	\N	t	3	47f96103-8fad-4d6e-ba79-9eb01eaa5451	47f96103-8fad-4d6e-ba79-9eb01eaa5451	2026-02-03 16:47:33.684	2026-02-05 11:32:14.945	\N	\N	\N	\N	\N	\N	\N	\N	confirmed	\N	1	\N	f	\N	\N
3ae03572-8072-46b5-8dbf-b40900b6ad53	AP230484	2026-04-06 17:00:00	\N	2026-04-06 17:00:00	\N	15	TĂNG LỰC- D-	\N	90edb637-1d32-4280-8088-b1a400ff0073	f0f6361e-b99d-4ac7-4108-08dd8159c64a	\N	eade2d78-8ff1-491b-bdd3-afe30077c406	confirmed	\N	\N	t	3	\N	\N	\N	\N	\N	\N	\N	\N	\N	\N	\N	\N	confirmed	\N	\N	\N	f	\N	\N
2b5502c5-c77e-4c37-90ee-b42900332f22	AP245961	2026-04-11 17:30:00	\N	2026-04-11 17:30:00	\N	15	TĂNG LỰC - D ( NHỜ BS KHÁC HỖ TRỢ DO BN CHỈ RÃNH ĐC HNAY MÚN TK ) 	\N	90edb637-1d32-4280-8088-b1a400ff0073	f0f6361e-b99d-4ac7-4108-08dd8159c64a	\N	eade2d78-8ff1-491b-bdd3-afe30077c406	confirmed	\N	\N	f	3	\N	\N	\N	\N	\N	\N	\N	\N	\N	\N	\N	\N	confirmed	\N	\N	\N	f	\N	\N
9329f448-d48d-4f56-aa9e-b3e8003d4ea1	AP218762	2026-03-05 13:10:00	\N	\N	\N	10	TLUC - NH	b4ce78f5-c73f-4f36-888a-914287165026	cd985f43-2f12-4d6d-b1b8-b23000efbac3	c6b4b453-d260-46d4-4fd9-08db24f7ae8e	\N	93104983-a296-436d-8e3e-b20100c12a82	confirmed	\N	\N	f	3	b4ce78f5-c73f-4f36-888a-914287165026	b4ce78f5-c73f-4f36-888a-914287165026	2026-02-05 10:43:12.75	2026-02-05 10:43:12.75	\N	\N	\N	\N	\N	\N	\N	\N	confirmed	\N	1	\N	f	\N	\N
dfbc29db-668b-4b8b-a36a-b3d30045a6ad	AP209762	2026-02-05 11:00:00	\N	\N	\N	10	TLUC-NH nhắc 10h40 	b4ce78f5-c73f-4f36-888a-914287165026	cd985f43-2f12-4d6d-b1b8-b23000efbac3	c6b4b453-d260-46d4-4fd9-08db24f7ae8e	\N	93104983-a296-436d-8e3e-b20100c12a82	done	\N	\N	f	7	b4ce78f5-c73f-4f36-888a-914287165026	b4ce78f5-c73f-4f36-888a-914287165026	2026-01-15 11:13:35.51	2026-02-06 13:36:15.504	\N	\N	\N	\N	\N	\N	\N	\N	confirmed	6793fd34-d62e-4a1f-b512-b3e80036d684	1	\N	f	\N	\N
3b8eba16-f00a-40a7-a5f6-b3be00412fd2	AP201062	2026-01-15 11:00:00	\N	\N	\N	10	TL - NH	b4ce78f5-c73f-4f36-888a-914287165026	cd985f43-2f12-4d6d-b1b8-b23000efbac3	c6b4b453-d260-46d4-4fd9-08db24f7ae8e	\N	93104983-a296-436d-8e3e-b20100c12a82	done	\N	\N	f	7	b4ce78f5-c73f-4f36-888a-914287165026	b4ce78f5-c73f-4f36-888a-914287165026	2025-12-25 10:57:20.272	2026-01-16 10:06:08.516	\N	\N	\N	\N	\N	\N	\N	\N	confirmed	82f92f48-c25e-46a4-a061-b3d3003ca7bd	1	\N	f	\N	\N
0837f9d1-e13a-4bd0-b7e0-b3a900b74b3d	AP192611	2025-12-25 10:40:00	\N	\N	\N	10	TL - NH	b4ce78f5-c73f-4f36-888a-914287165026	cd985f43-2f12-4d6d-b1b8-b23000efbac3	c6b4b453-d260-46d4-4fd9-08db24f7ae8e	\N	93104983-a296-436d-8e3e-b20100c12a82	done	\N	\N	f	7	b4ce78f5-c73f-4f36-888a-914287165026	b4ce78f5-c73f-4f36-888a-914287165026	2025-12-04 18:07:21.16	2025-12-26 09:17:40.039	\N	\N	\N	\N	\N	\N	\N	\N	confirmed	29b3882f-51ea-4c89-8398-b3be0038dc5c	1	\N	f	\N	\N
7519ffd5-a85c-43e3-acab-b3940039ea97	AP184181	2025-12-04 17:15:00	\N	\N	\N	15	TL - NH	b4ce78f5-c73f-4f36-888a-914287165026	cd985f43-2f12-4d6d-b1b8-b23000efbac3	c6b4b453-d260-46d4-4fd9-08db24f7ae8e	\N	93104983-a296-436d-8e3e-b20100c12a82	done	\N	\N	f	7	b4ce78f5-c73f-4f36-888a-914287165026	b4ce78f5-c73f-4f36-888a-914287165026	2025-11-13 10:30:52.024	2025-12-05 10:52:15.915	\N	\N	\N	\N	\N	\N	\N	\N	confirmed	c7af36ac-be44-4b83-9dfc-b3a900ac8647	1	\N	f	\N	\N
2f335dc0-72cb-476c-9782-b37f00717803	AP176313	2025-11-13 09:40:00	\N	\N	\N	10	TĂNG LỰC - NH	b4ce78f5-c73f-4f36-888a-914287165026	cd985f43-2f12-4d6d-b1b8-b23000efbac3	c6b4b453-d260-46d4-4fd9-08db24f7ae8e	\N	93104983-a296-436d-8e3e-b20100c12a82	done	\N	\N	f	7	b4ce78f5-c73f-4f36-888a-914287165026	b4ce78f5-c73f-4f36-888a-914287165026	2025-10-23 13:53:07.636	2025-11-14 10:07:09.098	\N	\N	\N	\N	\N	\N	\N	\N	confirmed	9925dfd4-2877-4671-b1a0-b394002de1a1	1	\N	f	\N	\N
80dd3427-be11-472a-a22d-b36700ab25d1	AP167346	2025-10-23 13:00:00	\N	\N	\N	15	TL - NH	b4ce78f5-c73f-4f36-888a-914287165026	cd985f43-2f12-4d6d-b1b8-b23000efbac3	c6b4b453-d260-46d4-4fd9-08db24f7ae8e	\N	93104983-a296-436d-8e3e-b20100c12a82	done	\N	\N	f	7	b4ce78f5-c73f-4f36-888a-914287165026	b4ce78f5-c73f-4f36-888a-914287165026	2025-09-29 17:23:07.786	2025-10-24 15:54:04.368	\N	\N	\N	\N	\N	\N	\N	\N	confirmed	eea4bb27-be06-4465-acc3-b37f0067a531	1	\N	f	\N	\N
034dc318-3c94-49ca-b8e8-b37300927fca	AP171724	2025-10-11 17:10:00	\N	\N	\N	10	GẮN MC RỚT - N	6d527434-519a-46b9-848a-6085a9543d08	cd985f43-2f12-4d6d-b1b8-b23000efbac3	c6b4b453-d260-46d4-4fd9-08db24f7ae8e	\N	\N	done	\N	\N	f	7	6d527434-519a-46b9-848a-6085a9543d08	0908329c-0d8c-40de-81c1-4dcd4ccbeac2	2025-10-11 15:53:23.23	2025-10-12 09:38:49.379	\N	\N	\N	\N	\N	\N	\N	\N	confirmed	3578e095-725b-4043-aa4c-b37300a4ee04	1	\N	f	\N	\N
09c2d2e3-f3d4-49cb-9ec2-b34d004b84ad	AP157223	2025-09-29 17:00:00	\N	\N	\N	15	TL - NH	b4ce78f5-c73f-4f36-888a-914287165026	cd985f43-2f12-4d6d-b1b8-b23000efbac3	c6b4b453-d260-46d4-4fd9-08db24f7ae8e	\N	93104983-a296-436d-8e3e-b20100c12a82	done	\N	\N	f	7	b4ce78f5-c73f-4f36-888a-914287165026	b4ce78f5-c73f-4f36-888a-914287165026	2025-09-03 11:34:57.218	2025-10-01 09:34:05.801	\N	\N	\N	\N	\N	\N	\N	\N	confirmed	d976773e-a559-467b-b7c7-b36700a471cc	1	\N	f	\N	\N
a6366ac0-3275-483a-85ae-b3380041bec7	AP150506	2025-09-03 10:50:00	\N	\N	\N	10	TĂNG LỰC - NHUNG	b4ce78f5-c73f-4f36-888a-914287165026	cd985f43-2f12-4d6d-b1b8-b23000efbac3	c6b4b453-d260-46d4-4fd9-08db24f7ae8e	\N	93104983-a296-436d-8e3e-b20100c12a82	done	\N	\N	f	7	b4ce78f5-c73f-4f36-888a-914287165026	0908329c-0d8c-40de-81c1-4dcd4ccbeac2	2025-08-13 10:59:22.262	2025-09-04 09:16:12.437	\N	\N	\N	\N	\N	\N	\N	\N	\N	d90ab706-5121-453d-9ea9-b34d00423a20	1	\N	f	\N	\N
5f99036b-4831-4448-9419-b3460025bef5	AP155376	2025-08-27 14:00:00	\N	\N	\N	10	GẮN LẠI CHUN - N 	6d527434-519a-46b9-848a-6085a9543d08	cd985f43-2f12-4d6d-b1b8-b23000efbac3	c6b4b453-d260-46d4-4fd9-08db24f7ae8e	\N	\N	done	\N	\N	f	7	6d527434-519a-46b9-848a-6085a9543d08	0908329c-0d8c-40de-81c1-4dcd4ccbeac2	2025-08-27 09:17:25.724	2025-08-29 10:19:00.208	\N	\N	\N	\N	\N	\N	\N	\N	\N	\N	1	\N	f	\N	\N
49518fe1-026f-46fb-b207-b32300ae47db	AP143171	2025-08-13 13:50:00	\N	\N	\N	10	TĂNG LỰC - NHUNG	41c1f825-9462-49a1-974a-3ce9b05342e9	cd985f43-2f12-4d6d-b1b8-b23000efbac3	c6b4b453-d260-46d4-4fd9-08db24f7ae8e	\N	93104983-a296-436d-8e3e-b20100c12a82	done	\N	\N	f	7	41c1f825-9462-49a1-974a-3ce9b05342e9	0908329c-0d8c-40de-81c1-4dcd4ccbeac2	2025-07-23 17:34:32.193	2025-08-14 09:36:43.415	\N	\N	\N	\N	\N	\N	\N	\N	\N	6d60cc5f-daff-4dc6-a568-b338002d78d6	1	\N	f	\N	\N
4cbf4814-dea9-4e02-98b4-b32f003440e6	AP147185	2025-08-04 13:00:00	\N	\N	\N	10	GẮN MC RỚT - NH 	a3710d9f-eef0-420c-a03c-a983c701bb42	cd985f43-2f12-4d6d-b1b8-b23000efbac3	c6b4b453-d260-46d4-4fd9-08db24f7ae8e	\N	\N	done	\N	\N	f	7	a3710d9f-eef0-420c-a03c-a983c701bb42	0908329c-0d8c-40de-81c1-4dcd4ccbeac2	2025-08-04 10:10:14.954	2025-08-05 09:04:31.554	\N	\N	\N	\N	\N	\N	\N	\N	\N	\N	1	\N	f	\N	\N
445fc454-b17b-42da-acf5-b30e003a0bf4	AP135468	2025-07-23 17:20:00	\N	\N	\N	10	TL - NH	b4ce78f5-c73f-4f36-888a-914287165026	cd985f43-2f12-4d6d-b1b8-b23000efbac3	c6b4b453-d260-46d4-4fd9-08db24f7ae8e	\N	93104983-a296-436d-8e3e-b20100c12a82	done	\N	\N	f	7	b4ce78f5-c73f-4f36-888a-914287165026	0908329c-0d8c-40de-81c1-4dcd4ccbeac2	2025-07-02 10:31:20.493	2025-07-24 10:02:34.834	\N	\N	\N	\N	\N	\N	\N	\N	\N	4200a828-2d29-46e4-b7e3-b32300a5c81f	1	\N	f	\N	\N
70767b99-481d-476d-8b23-b2f50082f76f	AP126653	2025-07-02 09:40:00	\N	\N	\N	10	TĂNG LỰC- NHUNG	34415705-72f4-4762-b67e-440aa834e6f6	cd985f43-2f12-4d6d-b1b8-b23000efbac3	c6b4b453-d260-46d4-4fd9-08db24f7ae8e	\N	93104983-a296-436d-8e3e-b20100c12a82	done	\N	\N	f	7	34415705-72f4-4762-b67e-440aa834e6f6	0908329c-0d8c-40de-81c1-4dcd4ccbeac2	2025-06-07 14:56:50.074	2025-07-03 09:16:01.172	\N	\N	\N	\N	\N	\N	\N	\N	\N	56320430-5042-4ad9-9ead-b30e002e81d5	1	\N	f	\N	\N
37aa3f86-e5a5-4b02-9193-b2e0003e36b1	AP119534	2025-06-07 13:50:00	\N	\N	\N	10	T. LỰC - N	db1910ec-5dda-46d7-9d88-5d963cd5aadd	cd985f43-2f12-4d6d-b1b8-b23000efbac3	c6b4b453-d260-46d4-4fd9-08db24f7ae8e	\N	93104983-a296-436d-8e3e-b20100c12a82	done	\N	\N	f	3	db1910ec-5dda-46d7-9d88-5d963cd5aadd	b4ce78f5-c73f-4f36-888a-914287165026	2025-05-17 10:46:30.777	2025-06-07 13:59:28.099	\N	\N	\N	\N	\N	\N	\N	\N	confirmed	7dfac324-7732-4920-bc5f-b2f5007335d8	1	\N	f	\N	\N
8e8ffef4-98df-4089-bfc2-b2c3003baf52	AP110007	2025-05-17 09:10:00	\N	\N	\N	20	GẮN NÚT R 37,34 - N	b4ce78f5-c73f-4f36-888a-914287165026	cd985f43-2f12-4d6d-b1b8-b23000efbac3	c6b4b453-d260-46d4-4fd9-08db24f7ae8e	\N	93104983-a296-436d-8e3e-b20100c12a82	done	\N	\N	f	7	b4ce78f5-c73f-4f36-888a-914287165026	0908329c-0d8c-40de-81c1-4dcd4ccbeac2	2025-04-18 10:37:18.353	2025-05-18 09:10:50.786	\N	\N	\N	\N	\N	\N	\N	\N	\N	8298fae8-3305-444b-8cdf-b2e0002b4438	1	\N	f	\N	\N
43d60ab6-1763-4355-965e-b2a700505cdc	AP101882	2025-04-18 10:00:00	\N	\N	\N	10	TĂNG LỰC - TA	9b351cc8-5a0b-4fd8-a262-2890923ddb52	cd985f43-2f12-4d6d-b1b8-b23000efbac3	c6b4b453-d260-46d4-4fd9-08db24f7ae8e	\N	93104983-a296-436d-8e3e-b20100c12a82	done	\N	\N	f	7	9b351cc8-5a0b-4fd8-a262-2890923ddb52	abb07db2-3cb6-4eae-b50f-0d191a86a38e	2025-03-21 11:52:35.504	2025-04-19 09:21:58.56	\N	\N	\N	\N	\N	\N	\N	\N	\N	2d31e22e-a437-4413-98dc-b2c300337f60	1	\N	f	\N	\N
5fa37c63-2037-4143-ae46-b299003b34d0	AP97365	2025-03-21 10:30:00	\N	\N	\N	20	VIS PH3- TA	9b351cc8-5a0b-4fd8-a262-2890923ddb52	cd985f43-2f12-4d6d-b1b8-b23000efbac3	c6b4b453-d260-46d4-4fd9-08db24f7ae8e	\N	93104983-a296-436d-8e3e-b20100c12a82	done	\N	\N	f	4	9b351cc8-5a0b-4fd8-a262-2890923ddb52	9b351cc8-5a0b-4fd8-a262-2890923ddb52	2025-03-07 10:35:33.815	2025-03-21 10:44:41.704	\N	\N	\N	\N	\N	\N	\N	\N	confirmed	9a5c66d0-418f-488b-80b2-b2a7003db6d2	1	\N	f	\N	\N
e468efe5-81b3-4cbd-85b0-b28b0086f2e9	AP93683	2025-03-07 09:20:00	\N	\N	\N	30	NHỔ R36 - TA	b4ce78f5-c73f-4f36-888a-914287165026	cd985f43-2f12-4d6d-b1b8-b23000efbac3	c6b4b453-d260-46d4-4fd9-08db24f7ae8e	\N	93104983-a296-436d-8e3e-b20100c12a82	done	\N	\N	f	4	b4ce78f5-c73f-4f36-888a-914287165026	9b351cc8-5a0b-4fd8-a262-2890923ddb52	2025-02-21 15:11:20.028	2025-03-07 10:03:54.667	\N	\N	\N	\N	\N	\N	\N	\N	confirmed	e3699657-ad86-4aef-bc89-b29900328334	1	\N	f	\N	\N
35bb8689-ffbb-4498-856a-b26d009f8ad2	AP87098	2025-02-21 14:00:00	\N	\N	\N	15	TĂNG LỰC - TA	9b351cc8-5a0b-4fd8-a262-2890923ddb52	cd985f43-2f12-4d6d-b1b8-b23000efbac3	c6b4b453-d260-46d4-4fd9-08db24f7ae8e	\N	93104983-a296-436d-8e3e-b20100c12a82	done	\N	\N	f	3	9b351cc8-5a0b-4fd8-a262-2890923ddb52	9b351cc8-5a0b-4fd8-a262-2890923ddb52	2025-01-22 16:40:52.538	2025-02-21 14:37:14.274	\N	\N	\N	\N	\N	\N	\N	\N	confirmed	14d3c0bf-7d05-4126-85e7-b28b007d9582	1	\N	f	\N	\N
cd6013a1-096c-45f0-89ba-b24f003d1eb0	AP79596	2025-01-22 16:30:00	\N	\N	\N	15	TĂNG LỰC - TA 	9b351cc8-5a0b-4fd8-a262-2890923ddb52	cd985f43-2f12-4d6d-b1b8-b23000efbac3	c6b4b453-d260-46d4-4fd9-08db24f7ae8e	\N	93104983-a296-436d-8e3e-b20100c12a82	done	\N	\N	f	3	9b351cc8-5a0b-4fd8-a262-2890923ddb52	9b351cc8-5a0b-4fd8-a262-2890923ddb52	2024-12-23 10:42:31.839	2025-01-22 16:15:12.115	\N	\N	\N	\N	\N	\N	\N	\N	confirmed	aab246f2-13ed-4b93-be36-b26d00987d9f	1	\N	f	\N	\N
76b98d6e-017c-41a8-86c4-b23700b76227	AP73806	2024-12-23 09:30:00	\N	\N	\N	10	TĂNG LỰC - TA	b4ce78f5-c73f-4f36-888a-914287165026	cd985f43-2f12-4d6d-b1b8-b23000efbac3	c6b4b453-d260-46d4-4fd9-08db24f7ae8e	\N	93104983-a296-436d-8e3e-b20100c12a82	done	\N	\N	f	7	b4ce78f5-c73f-4f36-888a-914287165026	7b8c7865-d342-45a0-ac9a-b5139db0db46	2024-11-29 18:07:40.714	2024-12-24 11:29:57.769	\N	\N	\N	\N	\N	\N	\N	\N	\N	e7c26980-d760-44d4-a825-b24f00360f63	1	\N	f	\N	\N
515224b9-147e-454b-a9ae-b23200a073ce	AP72501	2024-11-29 16:00:00	\N	\N	\N	60	GDLCN + GMCKL- TA (nhắc lịch 15h)	6d527434-519a-46b9-848a-6085a9543d08	cd985f43-2f12-4d6d-b1b8-b23000efbac3	c6b4b453-d260-46d4-4fd9-08db24f7ae8e	\N	93104983-a296-436d-8e3e-b20100c12a82	done	\N	\N	f	7	6d527434-519a-46b9-848a-6085a9543d08	7b8c7865-d342-45a0-ac9a-b5139db0db46	2024-11-24 16:44:11.351	2024-11-30 10:36:02.081	\N	\N	\N	\N	\N	\N	\N	\N	\N	1990c275-bc31-41bc-bcdb-b237008cc5db	1	\N	f	\N	\N
5d9e23e6-9246-455a-8712-b23000efccba	AP72004	2024-11-24 15:00:00	\N	\N	\N	60	Tư vấn niềng răng	343de624-f1f6-467f-8bb7-3960d50f868a	cd985f43-2f12-4d6d-b1b8-b23000efbac3	c6b4b453-d260-46d4-4fd9-08db24f7ae8e	\N	\N	done	\N	\N	f	7	343de624-f1f6-467f-8bb7-3960d50f868a	b4ce78f5-c73f-4f36-888a-914287165026	2024-11-22 21:33:05.042	2024-11-25 16:47:47.748	\N	\N	\N	\N	\N	\N	\N	\N	confirmed	\N	1	\N	f	\N	\N
31616f64-8765-40d2-8bca-635c2708de67	AP235540	2026-04-14 17:00:00	07:00	\N	\N	30	Updated note via PUT	\N	b2262736-c7f4-4072-a67f-b3d00095dcf1	b178d5ee-d9ac-477e-088e-08db9a4c4cf4	\N	dbefd061-dbb0-44d7-8eed-afe3007a8017	arrived	\N	\N	f	1	\N	\N	2026-04-10 04:07:35.920317	2026-04-14 11:13:31.789257	\N	\N	\N	\N	\N	\N	\N	\N	arrived	\N	\N	\N	f	\N	\N
cf898f68-2f79-4f6b-9cc7-f8be7983f2ab	AP235541	2026-04-13 00:00:00	10:51	\N	\N	30	Duration: 30 min\nType: Khách tái khám\nwdawdadW	\N	498c13ed-3f68-4c4f-b461-b28b003c173e	b178d5ee-d9ac-477e-088e-08db9a4c4cf4	\N	dbefd061-dbb0-44d7-8eed-afe3007a8017	arrived	\N	\N	f	1	\N	\N	2026-04-13 03:52:03.317745	2026-04-13 07:59:11.013268	\N	\N	\N	\N	\N	\N	\N	\N	arrived	\N	\N	\N	f	\N	\N
50029f99-18e0-4dde-8f71-826d7a6ea912	AP235542	2026-04-13 00:00:00	11:08	\N	\N	30	Duration: 30 min\nType: Khách mới\nAuto-populated date and time	\N	baffeed0-022e-436e-8055-564b86da7ad2	c6b4b453-d260-46d4-4fd9-08db24f7ae8e	\N	28e2c9eb-d410-4881-9cf2-efb2494baad7	done	\N	\N	f	2	\N	\N	2026-04-13 04:08:12.381155	2026-04-13 08:12:44.22705	\N	\N	\N	\N	\N	\N	\N	\N	done	\N	\N	\N	f	\N	\N
06e89fd6-a09d-4946-ad4d-b41700f52132	AP237587	2026-03-24 21:52:00	\N	2026-03-24 21:52:00	\N	60	TRÁM R-K-KHÁNH	\N	d5630c06-5433-46dc-b8ab-b41700f50270	765f6593-2b19-4d06-cc8c-08dc4d479451	\N	\N	confirmed	\N	\N	f	5	\N	\N	\N	\N	\N	\N	\N	\N	\N	\N	\N	\N	confirmed	\N	\N	\N	f	\N	\N
9c80a562-dd32-4575-9579-b41800561779	AP237761	2026-04-01 09:20:00	\N	2026-04-01 09:20:00	\N	20	CVRL2-L-KHÁNH	\N	d5630c06-5433-46dc-b8ab-b41700f50270	765f6593-2b19-4d06-cc8c-08dc4d479451	\N	6c38becb-7e4f-4eee-b7fc-b14500907604	done	\N	\N	t	3	\N	\N	\N	\N	\N	\N	\N	\N	\N	\N	\N	\N	confirmed	\N	\N	\N	f	\N	\N
16b46dfe-f475-4903-9141-b41f005f0bc3	AP240964	2026-04-08 10:00:00	\N	2026-04-08 10:00:00	\N	10	CC-KT-KHÁNH*ĐỢI	\N	d5630c06-5433-46dc-b8ab-b41700f50270	765f6593-2b19-4d06-cc8c-08dc4d479451	\N	4f8e0556-f468-4eb1-8849-b3aa0052aa2d	done	\N	\N	t	3	\N	\N	\N	\N	\N	\N	\N	\N	\N	\N	\N	\N	confirmed	\N	\N	\N	f	\N	\N
ecaba7a8-6de6-4875-acbf-b42c0065bae8	AP247631	2026-04-15 09:00:00	\N	2026-04-15 09:00:00	\N	25	KIỂM TRA RĂNG TRÁM-LY-KHÁNH 	\N	d5630c06-5433-46dc-b8ab-b41700f50270	765f6593-2b19-4d06-cc8c-08dc4d479451	\N	6c38becb-7e4f-4eee-b7fc-b14500907604	confirmed	\N	\N	t	3	\N	\N	\N	\N	\N	\N	\N	\N	\N	\N	\N	\N	confirmed	\N	\N	\N	f	\N	\N
78cba2ec-4976-42f5-bdd6-b413006b5180	AP235451	2026-03-22 16:00:00	\N	2026-03-22 16:00:00	\N	60	tư vấn niềng răng	\N	ff1d55c3-f9c1-4269-a3a9-b413006b4289	765f6593-2b19-4d06-cc8c-08dc4d479451	\N	\N	done	\N	\N	f	2	\N	\N	\N	\N	\N	\N	\N	\N	\N	\N	\N	\N	confirmed	\N	\N	\N	f	\N	\N
320ea980-c3d1-4882-9fcc-b42100c41825	AP242140	2026-04-05 10:00:00	\N	2026-04-05 10:00:00	\N	60	GẮN MẮC CÀI-TV-TRANG	\N	ff1d55c3-f9c1-4269-a3a9-b413006b4289	765f6593-2b19-4d06-cc8c-08dc4d479451	\N	4f8e0556-f468-4eb1-8849-b3aa0052aa2d	done	\N	\N	t	4	\N	\N	\N	\N	\N	\N	\N	\N	\N	\N	\N	\N	confirmed	\N	\N	\N	f	\N	\N
39b3a539-7165-4b28-9941-b423006e92ad	AP242940	2026-05-10 10:00:00	\N	2026-05-10 10:00:00	\N	15	TĂNG LỰC-PK-TRANG	\N	ff1d55c3-f9c1-4269-a3a9-b413006b4289	765f6593-2b19-4d06-cc8c-08dc4d479451	\N	4f8e0556-f468-4eb1-8849-b3aa0052aa2d	confirmed	\N	\N	t	3	\N	\N	\N	\N	\N	\N	\N	\N	\N	\N	\N	\N	confirmed	\N	\N	\N	f	\N	\N
fea2968c-a064-4d1a-ad09-b1ae00396a78	AP44036	2024-08-21 10:00:00	\N	\N	\N	60	Tư vấn niềng răng	343de624-f1f6-467f-8bb7-3960d50f868a	29ce89ed-5b89-479c-9eeb-b1ae00395c5c	b178d5ee-d9ac-477e-088e-08db9a4c4cf4	\N	\N	done	\N	\N	f	2	343de624-f1f6-467f-8bb7-3960d50f868a	2eb12148-bf3f-4694-8f3e-0a7db0815502	2024-07-15 10:29:02.693	2024-08-21 14:11:19.843	\N	\N	\N	\N	\N	\N	\N	\N	confirmed	ee2e1b93-1481-40fa-b32f-b1d3007677eb	1	\N	f	\N	\N
537703e2-e29e-4b47-92cc-b279003207a6	AP87869	2025-02-03 11:30:00	\N	\N	\N	60	GMC - THẢO 	2eb12148-bf3f-4694-8f3e-0a7db0815502	29ce89ed-5b89-479c-9eeb-b1ae00395c5c	b178d5ee-d9ac-477e-088e-08db9a4c4cf4	\N	\N	done	\N	\N	t	4	2eb12148-bf3f-4694-8f3e-0a7db0815502	b45ec157-435e-4898-b9ce-116aee98a5a2	2025-02-03 10:02:09.193	2025-02-03 14:36:01.725	\N	\N	\N	\N	\N	\N	\N	\N	confirmed	a80233b9-80bf-422a-a7b8-b279007d407d	1	\N	f	\N	\N
8e3e638a-94c8-4829-bf8b-b27900746f20	AP87918	2025-02-28 10:00:00	\N	\N	\N	15	TĂNG LỰC - THẢO 	b45ec157-435e-4898-b9ce-116aee98a5a2	29ce89ed-5b89-479c-9eeb-b1ae00395c5c	b178d5ee-d9ac-477e-088e-08db9a4c4cf4	\N	9749461b-a111-4751-bf91-b1e500447572	done	\N	\N	t	7	b45ec157-435e-4898-b9ce-116aee98a5a2	b45ec157-435e-4898-b9ce-116aee98a5a2	2025-02-03 14:03:55.411	2025-02-28 09:47:44.03	\N	\N	\N	\N	\N	\N	\N	\N	confirmed	ee040395-947d-4131-b4eb-b292002e11c6	1	\N	f	\N	\N
def3f928-8609-4e4e-8844-b29f007430a2	AP99276	2025-03-13 17:00:00	\N	\N	\N	15	muốn gặp bác sĩ để trao đổi - Thảo 	b45ec157-435e-4898-b9ce-116aee98a5a2	29ce89ed-5b89-479c-9eeb-b1ae00395c5c	b178d5ee-d9ac-477e-088e-08db9a4c4cf4	\N	9749461b-a111-4751-bf91-b1e500447572	done	\N	\N	f	7	b45ec157-435e-4898-b9ce-116aee98a5a2	b45ec157-435e-4898-b9ce-116aee98a5a2	2025-03-13 14:03:02.085	2025-03-13 17:52:58.552	\N	\N	\N	\N	\N	\N	\N	\N	confirmed	bda2ea0e-445c-4543-a3cf-b29f00b35858	1	\N	f	\N	\N
5223d68b-b554-424a-8c2c-b2a3003e26e2	AP100538	2025-03-17 13:00:00	\N	\N	\N	60	gặp sale thảo -Thảo 	b45ec157-435e-4898-b9ce-116aee98a5a2	29ce89ed-5b89-479c-9eeb-b1ae00395c5c	b178d5ee-d9ac-477e-088e-08db9a4c4cf4	\N	9749461b-a111-4751-bf91-b1e500447572	done	\N	\N	f	7	b45ec157-435e-4898-b9ce-116aee98a5a2	b45ec157-435e-4898-b9ce-116aee98a5a2	2025-03-17 10:46:17.286	2025-03-17 13:38:39.849	\N	\N	\N	\N	\N	\N	\N	\N	confirmed	38caecbb-deb4-40a5-908e-b2a3006d7f08	1	\N	f	\N	\N
7007319c-e96d-46e2-a93b-b29200355cce	AP95617	2025-03-27 10:00:00	\N	\N	\N	15	TL- Thảo	b45ec157-435e-4898-b9ce-116aee98a5a2	29ce89ed-5b89-479c-9eeb-b1ae00395c5c	b178d5ee-d9ac-477e-088e-08db9a4c4cf4	\N	9749461b-a111-4751-bf91-b1e500447572	done	\N	\N	t	7	b45ec157-435e-4898-b9ce-116aee98a5a2	b45ec157-435e-4898-b9ce-116aee98a5a2	2025-02-28 10:14:17.219	2025-03-27 10:05:10.242	\N	\N	\N	\N	\N	\N	\N	\N	confirmed	5aaaad46-9ca2-46e2-ba15-b2ad0032dbc9	1	\N	f	\N	\N
8350b8d0-c720-4d2e-bb60-b2ad003adbcb	AP103773	2025-04-15 14:00:00	\N	\N	\N	15	nrcn  - THẢO (đã hỏi bác)	b45ec157-435e-4898-b9ce-116aee98a5a2	29ce89ed-5b89-479c-9eeb-b1ae00395c5c	b178d5ee-d9ac-477e-088e-08db9a4c4cf4	\N	9749461b-a111-4751-bf91-b1e500447572	done	\N	\N	f	7	b45ec157-435e-4898-b9ce-116aee98a5a2	7c1e531a-10bd-40fc-a5a3-8a404bab47b6	2025-03-27 10:34:17.85	2025-04-15 14:10:23.456	\N	\N	\N	\N	\N	\N	\N	\N	confirmed	e1d260de-2aa2-4cdf-b32e-b2c0007635d6	1	\N	f	\N	\N
8e7f2043-1f27-4c33-babe-b2c000849b2c	AP109210	2025-05-05 11:00:00	\N	\N	\N	15	NR25, 34- THẢO 	7c1e531a-10bd-40fc-a5a3-8a404bab47b6	29ce89ed-5b89-479c-9eeb-b1ae00395c5c	b178d5ee-d9ac-477e-088e-08db9a4c4cf4	\N	9749461b-a111-4751-bf91-b1e500447572	done	\N	\N	t	7	7c1e531a-10bd-40fc-a5a3-8a404bab47b6	7c1e531a-10bd-40fc-a5a3-8a404bab47b6	2025-04-15 15:02:48.252	2025-05-05 09:58:05.937	\N	\N	\N	\N	\N	\N	\N	\N	confirmed	b9f1732e-b7a1-4251-b755-b2d40030ea78	1	\N	f	\N	\N
8fd7709f-683a-4bd6-8c52-b2d4003857db	AP114869	2025-05-18 17:00:00	\N	\N	\N	30	TĂNG LỰC- THẢO  	7c1e531a-10bd-40fc-a5a3-8a404bab47b6	29ce89ed-5b89-479c-9eeb-b1ae00395c5c	b178d5ee-d9ac-477e-088e-08db9a4c4cf4	\N	9749461b-a111-4751-bf91-b1e500447572	done	\N	\N	t	7	7c1e531a-10bd-40fc-a5a3-8a404bab47b6	7c1e531a-10bd-40fc-a5a3-8a404bab47b6	2025-05-05 10:25:08.358	2025-05-18 17:25:26.403	\N	\N	\N	\N	\N	\N	\N	\N	confirmed	0ee1131b-0e62-4287-ab72-b2e100a733bd	1	\N	f	\N	\N
e29a328c-e180-47ba-b9c4-b2e100b26be8	AP120161	2025-06-16 15:00:00	\N	\N	\N	30	TĂNG LỰC- THẢO	7c1e531a-10bd-40fc-a5a3-8a404bab47b6	29ce89ed-5b89-479c-9eeb-b1ae00395c5c	b178d5ee-d9ac-477e-088e-08db9a4c4cf4	\N	9749461b-a111-4751-bf91-b1e500447572	done	\N	\N	t	7	7c1e531a-10bd-40fc-a5a3-8a404bab47b6	7c1e531a-10bd-40fc-a5a3-8a404bab47b6	2025-05-18 17:49:36.772	2025-06-16 15:06:10.593	\N	\N	\N	\N	\N	\N	\N	\N	confirmed	f7ba2659-9a58-4c24-86c2-b2fe00858842	1	\N	f	\N	\N
6b59d4aa-ce7e-4643-9612-b2fe0097a011	AP129980	2025-07-13 15:40:00	\N	\N	\N	20	TĂNG LỰC- THẢO  	7c1e531a-10bd-40fc-a5a3-8a404bab47b6	29ce89ed-5b89-479c-9eeb-b1ae00395c5c	b178d5ee-d9ac-477e-088e-08db9a4c4cf4	\N	9749461b-a111-4751-bf91-b1e500447572	done	\N	\N	t	7	7c1e531a-10bd-40fc-a5a3-8a404bab47b6	de5ceb25-27e1-44cd-8529-19cacbbdec40	2025-06-16 16:12:03.04	2025-07-13 15:54:05.326	\N	\N	\N	\N	\N	\N	\N	\N	confirmed	130fb8c2-20d9-48ad-94dc-b3190092b114	1	\N	f	\N	\N
c296ba58-77dd-4a59-8bdd-b319009c44c4	AP139714	2025-08-11 15:40:00	\N	\N	\N	20	TĂNG LỰC - THẢO  	de5ceb25-27e1-44cd-8529-19cacbbdec40	29ce89ed-5b89-479c-9eeb-b1ae00395c5c	b178d5ee-d9ac-477e-088e-08db9a4c4cf4	\N	9749461b-a111-4751-bf91-b1e500447572	done	\N	\N	f	7	de5ceb25-27e1-44cd-8529-19cacbbdec40	de5ceb25-27e1-44cd-8529-19cacbbdec40	2025-07-13 16:28:57.399	2025-08-11 15:26:35.886	\N	\N	\N	\N	\N	\N	\N	\N	confirmed	d5e3a3a5-29ab-4a62-836a-b336008b2425	1	\N	f	\N	\N
9bf16172-5417-45ad-a445-b33600977f08	AP149871	2025-09-10 13:20:00	\N	\N	\N	20	TĂNG LỰC - THẢO   đg	de5ceb25-27e1-44cd-8529-19cacbbdec40	29ce89ed-5b89-479c-9eeb-b1ae00395c5c	b178d5ee-d9ac-477e-088e-08db9a4c4cf4	\N	9749461b-a111-4751-bf91-b1e500447572	done	\N	\N	f	7	de5ceb25-27e1-44cd-8529-19cacbbdec40	de5ceb25-27e1-44cd-8529-19cacbbdec40	2025-08-11 16:11:34.852	2025-09-10 13:31:30.45	\N	\N	\N	\N	\N	\N	\N	\N	confirmed	c85fd43b-8c6b-4c30-ad67-b354006b87d9	1	\N	f	\N	\N
d6bb5140-0968-4968-ad90-b35c00284845	AP163181	2025-09-18 11:00:00	\N	\N	\N	5	snk -Thảo 	b5ebc1bc-f9a0-4923-9253-71a7e688428e	29ce89ed-5b89-479c-9eeb-b1ae00395c5c	b178d5ee-d9ac-477e-088e-08db9a4c4cf4	\N	\N	confirmed	\N	\N	f	6	b5ebc1bc-f9a0-4923-9253-71a7e688428e	b5ebc1bc-f9a0-4923-9253-71a7e688428e	2025-09-18 09:26:39.804	2025-09-18 09:26:39.804	\N	\N	\N	\N	\N	\N	\N	\N	confirmed	\N	1	\N	f	\N	\N
825fd688-c291-45b0-a693-b360002f723b	AP164726	2025-09-22 10:00:00	\N	\N	\N	5	snk -Thảo 	b5ebc1bc-f9a0-4923-9253-71a7e688428e	29ce89ed-5b89-479c-9eeb-b1ae00395c5c	b178d5ee-d9ac-477e-088e-08db9a4c4cf4	\N	\N	done	\N	\N	f	6	b5ebc1bc-f9a0-4923-9253-71a7e688428e	de5ceb25-27e1-44cd-8529-19cacbbdec40	2025-09-22 09:52:44.782	2025-09-22 10:57:56.129	\N	\N	\N	\N	\N	\N	\N	\N	confirmed	dd558352-f511-4d64-bb68-b360004159d1	1	\N	f	\N	\N
86c23e7c-210e-4c80-b7f2-b3540076817d	AP160105	2025-10-14 10:40:00	\N	\N	\N	20	TĂNG LỰC- THẢO knm	de5ceb25-27e1-44cd-8529-19cacbbdec40	29ce89ed-5b89-479c-9eeb-b1ae00395c5c	b178d5ee-d9ac-477e-088e-08db9a4c4cf4	\N	9749461b-a111-4751-bf91-b1e500447572	done	\N	\N	f	7	de5ceb25-27e1-44cd-8529-19cacbbdec40	de5ceb25-27e1-44cd-8529-19cacbbdec40	2025-09-10 14:11:27.99	2025-10-14 10:50:25.507	\N	\N	\N	\N	\N	\N	\N	\N	confirmed	9839eb39-d29a-4e03-b3a7-b376003f49be	1	\N	f	\N	\N
438f6add-5545-4bbf-8265-b3760049239e	AP172898	2025-11-12 10:40:00	\N	\N	\N	20	tăng lực - thảo. Đg	de5ceb25-27e1-44cd-8529-19cacbbdec40	29ce89ed-5b89-479c-9eeb-b1ae00395c5c	b178d5ee-d9ac-477e-088e-08db9a4c4cf4	\N	9749461b-a111-4751-bf91-b1e500447572	done	\N	\N	f	7	de5ceb25-27e1-44cd-8529-19cacbbdec40	de5ceb25-27e1-44cd-8529-19cacbbdec40	2025-10-14 11:26:17.486	2025-11-12 10:49:09.357	\N	\N	\N	\N	\N	\N	\N	\N	confirmed	e15b4e82-f157-405b-8126-b393003ef079	1	\N	f	\N	\N
8720083b-bf25-4a68-a9af-b393004501d4	AP183844	2025-12-12 12:30:00	\N	\N	\N	30	TĂNG LỰC  + Cắm vis HD - THẢO  đg	de5ceb25-27e1-44cd-8529-19cacbbdec40	29ce89ed-5b89-479c-9eeb-b1ae00395c5c	b178d5ee-d9ac-477e-088e-08db9a4c4cf4	\N	9749461b-a111-4751-bf91-b1e500447572	done	\N	\N	t	7	de5ceb25-27e1-44cd-8529-19cacbbdec40	de5ceb25-27e1-44cd-8529-19cacbbdec40	2025-11-12 11:11:14.84	2025-12-12 12:16:29.003	\N	\N	\N	\N	\N	\N	\N	\N	confirmed	bee729c5-de4b-42dc-bbf2-b3b10056eca1	1	\N	f	\N	\N
d9a64f0a-0a21-4a47-9749-b3b100679896	AP195670	2026-01-08 12:30:00	\N	\N	\N	30	TĂNG LỰC  - THẢO  đg	de5ceb25-27e1-44cd-8529-19cacbbdec40	29ce89ed-5b89-479c-9eeb-b1ae00395c5c	b178d5ee-d9ac-477e-088e-08db9a4c4cf4	\N	9749461b-a111-4751-bf91-b1e500447572	done	\N	\N	f	7	de5ceb25-27e1-44cd-8529-19cacbbdec40	de5ceb25-27e1-44cd-8529-19cacbbdec40	2025-12-12 13:17:10.9	2026-01-08 12:53:06.804	\N	\N	\N	\N	\N	\N	\N	\N	confirmed	b0662b05-46dc-45d4-a159-b3cc0060fc2b	1	\N	f	\N	\N
8e8fd460-7dfa-4332-9ecd-b3cc006b5325	AP206587	2026-02-02 13:40:00	\N	\N	\N	20	TĂNG LỰC  - THẢO đg	de5ceb25-27e1-44cd-8529-19cacbbdec40	29ce89ed-5b89-479c-9eeb-b1ae00395c5c	b178d5ee-d9ac-477e-088e-08db9a4c4cf4	\N	9749461b-a111-4751-bf91-b1e500447572	done	\N	\N	f	7	de5ceb25-27e1-44cd-8529-19cacbbdec40	de5ceb25-27e1-44cd-8529-19cacbbdec40	2026-01-08 13:30:45.454	2026-02-02 13:45:43.02	\N	\N	\N	\N	\N	\N	\N	\N	confirmed	e7bd5760-25ee-4d6f-9415-b3e5006f6eda	1	\N	f	\N	\N
490f2924-9482-41e4-9515-b3e5007954c2	AP217388	2026-03-16 10:40:00	\N	\N	\N	20	TĂNG LỰC - THẢO 	de5ceb25-27e1-44cd-8529-19cacbbdec40	29ce89ed-5b89-479c-9eeb-b1ae00395c5c	b178d5ee-d9ac-477e-088e-08db9a4c4cf4	\N	9749461b-a111-4751-bf91-b1e500447572	confirmed	\N	\N	t	7	de5ceb25-27e1-44cd-8529-19cacbbdec40	de5ceb25-27e1-44cd-8529-19cacbbdec40	2026-02-02 14:21:45.178	2026-02-02 14:21:45.178	\N	\N	\N	\N	\N	\N	\N	\N	confirmed	\N	1	\N	f	\N	\N
80244229-6566-4c8f-a85b-17965b81fcc6	AP247632	2026-04-15 00:00:00	07:00	\N	\N	30		\N	b2262736-c7f4-4072-a67f-b3d00095dcf1	b178d5ee-d9ac-477e-088e-08db9a4c4cf4	\N	dbefd061-dbb0-44d7-8eed-afe3007a8017	scheduled	\N	\N	f	1	\N	\N	2026-04-14 13:29:04.493907	2026-04-14 13:29:04.493907	\N	\N	\N	\N	\N	\N	\N	\N	scheduled	\N	\N	\N	f	\N	\N
74e54d99-185b-47c1-b130-b414004ce389	AP235908	2026-03-22 09:00:00	\N	2026-03-22 09:00:00	\N	60	Cvr +GDL +GMC - Uyên	\N	f74a7480-e23c-410a-bb2c-b413005a27a4	f0f6361e-b99d-4ac7-4108-08dd8159c64a	\N	cab2a199-ae6f-4746-8d8f-b3690092e93c	done	\N	\N	f	1	\N	\N	\N	\N	\N	\N	\N	\N	\N	\N	\N	\N	confirmed	\N	\N	\N	f	\N	\N
4dd5ac9f-4ccd-4d66-a36a-b415004e1c81	AP236425	2026-03-29 13:30:00	\N	2026-03-29 13:30:00	\N	120	GMC HD+TRÁM HD+KTRA CHỮA R26,46+KHÂU R36,46-UYÊN --	\N	f74a7480-e23c-410a-bb2c-b413005a27a4	f0f6361e-b99d-4ac7-4108-08dd8159c64a	\N	cab2a199-ae6f-4746-8d8f-b3690092e93c	done	\N	\N	t	1	\N	\N	\N	\N	\N	\N	\N	\N	\N	\N	\N	\N	confirmed	\N	\N	\N	f	\N	\N
0e368eaf-408b-4846-a6f1-b4240029fdbb	AP243308	2026-04-11 15:00:00	\N	2026-04-11 15:00:00	\N	15	CHỈNH NK - UYÊN	\N	f74a7480-e23c-410a-bb2c-b413005a27a4	f0f6361e-b99d-4ac7-4108-08dd8159c64a	\N	\N	done	\N	\N	f	6	\N	\N	\N	\N	\N	\N	\N	\N	\N	\N	\N	\N	confirmed	\N	\N	\N	f	\N	\N
83a08818-e500-4a2e-b595-b41c00934584	AP239817	2026-04-28 13:30:00	\N	2026-04-28 13:30:00	\N	30	TĂNG LỰC + NHỔ 2R4 HD - UYÊN-	\N	f74a7480-e23c-410a-bb2c-b413005a27a4	f0f6361e-b99d-4ac7-4108-08dd8159c64a	\N	cab2a199-ae6f-4746-8d8f-b3690092e93c	confirmed	\N	\N	t	1	\N	\N	\N	\N	\N	\N	\N	\N	\N	\N	\N	\N	confirmed	\N	\N	\N	f	\N	\N
\.


--
-- Data for Name: companies; Type: TABLE DATA; Schema: dbo; Owner: -
--

COPY dbo.companies (id, name, partnerid, email, phone, periodlockdate, accountincomeid, accountexpenseid, logo, active, reportheader, reportfooter, notallowexportinventorynegative, medicalfacilitycode, createdbyid, writebyid, datecreated, lastupdated, isuppercasepartnername, ishead, paymentsmsvalidation, paymentsmsvalidationtemplateid, currencyid, isconnectconfigmedicalprescription, taxbankaccount, taxbankname, taxcode, taxphone, taxunitaddress, taxunitname, einvoiceaccountid, einvoicetemplateid, defaulthouseholdid, revenueinvisibledate, parentid, parentpath) FROM stdin;
c6b4b453-d260-46d4-4fd9-08db24f7ae8e	Tấm Dentist Quận 3	21734bc3-68ae-40f3-91a4-afc7006cf314	tamdentist.vn@gmail.com	096 608 06 38	\N	862e78e4-b4c2-45ec-ab7c-afe30052aac3	bd15d90d-df1c-4656-9bdb-afe30052aac3	https://img.tpos.vn/Lkyt5MQ0pgKGfwEJVo7Fp5T-fvdGE0PD-XwgDzirDGc/rs::::1/g:no/plain/tdental/tamdentist/07082023/LOGO%20DENTIST-01.png	t	\N	\N	f	\N	\N	103b375f-236c-4b62-896d-0a1879e8e65e	2023-03-16 13:36:40.62075	2026-01-28 10:57:48.624774	f	f	f	\N	89cf28e3-0f59-4fe7-c6ea-08dd9ffa7fb5	f	\N	\N	\N	\N	\N	\N	\N	\N	\N	\N	\N	C6B4B453-D260-46D4-4FD9-08DB24F7AE8E/
b178d5ee-d9ac-477e-088e-08db9a4c4cf4	Tấm Dentist Thủ Đức	359155c1-89a4-4edc-95db-b05b009a2149	\N	0902501001	\N	\N	\N	https://img.tpos.vn/ZElELEdi0zr4v6oegeOKf25aQWHMFHfMpBTxV2ubBOY/rs::::1/g:no/plain/tdental/tamdentist/15082023/z4605012910184_42fe9f1e023d3bb313c6cf3007df783e.jpg	t	\N	\N	f	\N	b19424da-e016-41c8-b992-17181969c924	de5ceb25-27e1-44cd-8529-19cacbbdec40	2023-08-11 16:21:10.225851	2025-12-27 11:45:44.980394	f	f	f	\N	89cf28e3-0f59-4fe7-c6ea-08dd9ffa7fb5	f	\N	\N	\N	\N	\N	\N	\N	\N	\N	\N	\N	B178D5EE-D9AC-477E-088E-08DB9A4C4CF4/
765f6593-2b19-4d06-cc8c-08dc4d479451	Tấm Dentist Gò Vấp	86d44007-e3a8-4f4d-a51d-b13f003eb759	\N	0966 080 638	\N	\N	\N	\N	t	\N	\N	f	\N	b19424da-e016-41c8-b992-17181969c924	816d038b-856e-4227-9b19-9cac831fe139	2024-03-26 10:48:20.584095	2026-02-20 09:48:41.187156	f	f	f	\N	89cf28e3-0f59-4fe7-c6ea-08dd9ffa7fb5	f	\N	\N	\N	\N	\N	\N	\N	\N	\N	\N	\N	765F6593-2B19-4D06-CC8C-08DC4D479451/
cad65000-6ff3-47c7-cc8d-08dc4d479451	Tấm Dentist Đống Đa	d73c7cd6-7be4-4356-b2b6-b13f003ed8a4	\N	0966 080 638	\N	\N	\N	\N	t	\N	\N	f	\N	b19424da-e016-41c8-b992-17181969c924	b19424da-e016-41c8-b992-17181969c924	2024-03-26 10:48:48.980643	2025-10-22 18:00:49.799352	f	f	f	\N	89cf28e3-0f59-4fe7-c6ea-08dd9ffa7fb5	f	\N	\N	\N	\N	\N	\N	\N	\N	\N	\N	\N	\N
6861c928-0e13-4664-c781-08dcdfa45074	Tấm Dentist Quận 7	cc59d7c8-3ec4-4a2c-90a3-b1f900a4cb11	\N	0926563968	\N	\N	\N	\N	t	\N	\N	f	\N	b19424da-e016-41c8-b992-17181969c924	816d038b-856e-4227-9b19-9cac831fe139	2024-09-28 16:59:59.707667	2026-02-20 08:47:16.310692	f	f	f	\N	89cf28e3-0f59-4fe7-c6ea-08dd9ffa7fb5	f	\N	\N	\N	\N	\N	\N	\N	\N	\N	\N	\N	6861C928-0E13-4664-C781-08DCDFA45074/
f0f6361e-b99d-4ac7-4108-08dd8159c64a	Tấm Dentist Quận 10	542d9beb-ab18-4670-980e-b2c70050e717	\N	0977041698	\N	\N	\N	\N	t	\N	\N	f	\N	b19424da-e016-41c8-b992-17181969c924	cf98dcf5-0e49-46c5-8fdb-0a56317281b8	2025-04-22 11:54:33.510385	2026-02-14 22:21:17.365132	f	f	f	\N	89cf28e3-0f59-4fe7-c6ea-08dd9ffa7fb5	f	\N	\N	\N	\N	\N	\N	\N	\N	\N	\N	\N	F0F6361E-B99D-4AC7-4108-08DD8159C64A/
dde8b85e-e35a-41fa-4a6b-08de107d59ec	Nha khoa Tấm Dentist	499921f5-e290-42a3-8c2c-b37d008eaf2a	\N	\N	\N	\N	\N	\N	t	\N	\N	f	\N	b19424da-e016-41c8-b992-17181969c924	b19424da-e016-41c8-b992-17181969c924	2025-10-21 15:39:29.867429	2025-10-21 15:39:31.075716	f	f	f	\N	89cf28e3-0f59-4fe7-c6ea-08dd9ffa7fb5	f	\N	\N	\N	\N	\N	\N	\N	\N	\N	\N	\N	\N
\.


--
-- Data for Name: company_bank_settings; Type: TABLE DATA; Schema: dbo; Owner: -
--

COPY dbo.company_bank_settings (id, bank_bin, bank_number, bank_account_name, updated_at) FROM stdin;
1	970418	8815251137	TG Clinic Test	2026-04-10 11:32:07.454555
\.


--
-- Data for Name: customersources; Type: TABLE DATA; Schema: dbo; Owner: -
--

COPY dbo.customersources (id, name, type, description, is_active, created_at, updated_at) FROM stdin;
2b5fe067-463b-4a40-a815-11ccc5ce409e	Sale Online	online	Khách đến từ kênh sale online	t	2026-04-09 07:43:09.232694	2026-04-09 07:43:09.232694
1fcd38bd-aed3-41a1-8542-3fcc14eaca3e	Facebook	online	Khách đến từ quảng cáo Facebook	t	2026-04-09 07:43:09.232694	2026-04-09 07:43:09.232694
d5f38514-ff2f-4272-8f93-bdcf34ed3e3b	Google	online	Khách đến từ Google Ads	t	2026-04-09 07:43:09.232694	2026-04-09 07:43:09.232694
ecce5b6d-77c5-4978-bce4-a10933c2cefd	Website	online	Khách đặt lịch từ website	t	2026-04-09 07:43:09.232694	2026-04-09 07:43:09.232694
0690f1d9-b04d-4f8e-a395-5fd0c7d65af9	Giới thiệu	referral	Khách được giới thiệu	t	2026-04-09 07:43:09.232694	2026-04-09 07:43:09.232694
82c37dd2-66d6-468d-961c-fe08274ce663	Đi ngang qua	offline	Khách đi ngang qua thấy clinic	t	2026-04-09 07:43:09.232694	2026-04-09 07:43:09.232694
35708e0e-9bc0-469f-8e0e-3515a8ad3ead	Bảo hiểm	offline	Khách có bảo hiểm dental	t	2026-04-09 07:43:09.232694	2026-04-09 07:43:09.232694
e7e920d0-180b-4682-9b50-9f42152b0db4	Khác	offline	Nguồn khác	t	2026-04-09 07:43:09.232694	2026-04-09 07:43:09.232694
\.


--
-- Data for Name: dotkhams; Type: TABLE DATA; Schema: dbo; Owner: -
--

COPY dbo.dotkhams (id, sequence, name, saleorderid, partnerid, date, reason, state, companyid, doctorid, appointmentid, assistantid, accountinvoiceid, createdbyid, writebyid, datecreated, lastupdated, note, userid, activitystatus, assistantsecondaryid, invoicestate, paymentstate, totalamount, amountresidual, isdeleted) FROM stdin;
\.


--
-- Data for Name: dotkhamsteps; Type: TABLE DATA; Schema: dbo; Owner: -
--

COPY dbo.dotkhamsteps (id, name, productid, salelineid, saleorderid, isdone, "order", numberoftimes, datecreated, lastupdated) FROM stdin;
\.


--
-- Data for Name: employee_location_scope; Type: TABLE DATA; Schema: dbo; Owner: -
--

COPY dbo.employee_location_scope (id, employee_id, company_id, datecreated, lastupdated) FROM stdin;
78276f2a-d422-420f-b00e-737d4ff34b53	1b16f3d5-f34e-48a7-93a1-b2a1003f5c4a	c6b4b453-d260-46d4-4fd9-08db24f7ae8e	2026-04-15 06:41:46.916894	2026-04-15 06:41:46.916894
29931be0-ec86-4049-9746-75ec9b7ca562	1b16f3d5-f34e-48a7-93a1-b2a1003f5c4a	b178d5ee-d9ac-477e-088e-08db9a4c4cf4	2026-04-15 06:41:46.916894	2026-04-15 06:41:46.916894
54b3930e-ec2b-49a1-8f97-1e1d82978235	1b16f3d5-f34e-48a7-93a1-b2a1003f5c4a	765f6593-2b19-4d06-cc8c-08dc4d479451	2026-04-15 06:41:46.916894	2026-04-15 06:41:46.916894
687a86cb-e44f-4f5b-b15c-a077b4b00628	1b16f3d5-f34e-48a7-93a1-b2a1003f5c4a	6861c928-0e13-4664-c781-08dcdfa45074	2026-04-15 06:41:46.916894	2026-04-15 06:41:46.916894
d60078e8-a7ad-4b28-8028-9229147d8b33	1b16f3d5-f34e-48a7-93a1-b2a1003f5c4a	f0f6361e-b99d-4ac7-4108-08dd8159c64a	2026-04-15 06:41:46.916894	2026-04-15 06:41:46.916894
28a58056-d9f4-42be-9663-900f775ef689	1b16f3d5-f34e-48a7-93a1-b2a1003f5c4a	dde8b85e-e35a-41fa-4a6b-08de107d59ec	2026-04-15 06:41:46.916894	2026-04-15 06:41:46.916894
22d0167d-5f95-4946-a4f2-b286c1fd3fe4	194ad6e9-af01-4d22-aef4-b2a60033080d	6861c928-0e13-4664-c781-08dcdfa45074	2026-04-15 06:05:58.621107	2026-04-15 06:05:58.621107
33ce60e8-b40c-4e72-9696-200960cda15e	194ad6e9-af01-4d22-aef4-b2a60033080d	765f6593-2b19-4d06-cc8c-08dc4d479451	2026-04-15 06:05:58.621107	2026-04-15 06:05:58.621107
ab55a1ba-3b86-4170-9882-b6c10bc44b58	194ad6e9-af01-4d22-aef4-b2a60033080d	b178d5ee-d9ac-477e-088e-08db9a4c4cf4	2026-04-15 06:05:58.621107	2026-04-15 06:05:58.621107
a4659236-c2df-4bfe-9cc0-c31f9172e9f8	194ad6e9-af01-4d22-aef4-b2a60033080d	cad65000-6ff3-47c7-cc8d-08dc4d479451	2026-04-15 06:05:58.621107	2026-04-15 06:05:58.621107
4cc4014b-4508-40d2-adf6-f2fc0c04b29d	194ad6e9-af01-4d22-aef4-b2a60033080d	f0f6361e-b99d-4ac7-4108-08dd8159c64a	2026-04-15 06:05:58.621107	2026-04-15 06:05:58.621107
827ce4a5-78a9-41a6-bf77-000b61564508	706a8f1b-3f5a-4d94-afb7-b2a1003f264e	6861c928-0e13-4664-c781-08dcdfa45074	2026-04-15 06:05:58.621107	2026-04-15 06:05:58.621107
6198394f-79e1-45bd-aa75-0b963ccae6c4	706a8f1b-3f5a-4d94-afb7-b2a1003f264e	765f6593-2b19-4d06-cc8c-08dc4d479451	2026-04-15 06:05:58.621107	2026-04-15 06:05:58.621107
865ceeb1-5bdd-4364-b0cc-9288457facfe	706a8f1b-3f5a-4d94-afb7-b2a1003f264e	b178d5ee-d9ac-477e-088e-08db9a4c4cf4	2026-04-15 06:05:58.621107	2026-04-15 06:05:58.621107
8b432115-52f9-44de-8f87-569b78cfc181	706a8f1b-3f5a-4d94-afb7-b2a1003f264e	cad65000-6ff3-47c7-cc8d-08dc4d479451	2026-04-15 06:05:58.621107	2026-04-15 06:05:58.621107
312c1266-84c9-4c03-b331-e3c7db446eae	270631f7-84d5-4b0f-a9c7-b28800794ab7	6861c928-0e13-4664-c781-08dcdfa45074	2026-04-15 06:05:58.621107	2026-04-15 06:05:58.621107
8d534fce-8029-4089-a83f-f628e74a079b	270631f7-84d5-4b0f-a9c7-b28800794ab7	765f6593-2b19-4d06-cc8c-08dc4d479451	2026-04-15 06:05:58.621107	2026-04-15 06:05:58.621107
e852192e-d6df-4bef-8155-7606d98eebaa	270631f7-84d5-4b0f-a9c7-b28800794ab7	b178d5ee-d9ac-477e-088e-08db9a4c4cf4	2026-04-15 06:05:58.621107	2026-04-15 06:05:58.621107
85fac5f9-bcd8-475f-bc44-e72e0661f131	270631f7-84d5-4b0f-a9c7-b28800794ab7	cad65000-6ff3-47c7-cc8d-08dc4d479451	2026-04-15 06:05:58.621107	2026-04-15 06:05:58.621107
65346b9f-8cfd-4256-a31a-02b4436c0fe1	9c7a0361-caef-433a-ba95-b17b00a28850	765f6593-2b19-4d06-cc8c-08dc4d479451	2026-04-15 06:05:58.621107	2026-04-15 06:05:58.621107
4daff8c2-3f7d-43ce-ad05-3df806da6c35	9c7a0361-caef-433a-ba95-b17b00a28850	b178d5ee-d9ac-477e-088e-08db9a4c4cf4	2026-04-15 06:05:58.621107	2026-04-15 06:05:58.621107
299699f3-ddc0-4e6c-822f-d7407e6e2320	9c7a0361-caef-433a-ba95-b17b00a28850	cad65000-6ff3-47c7-cc8d-08dc4d479451	2026-04-15 06:05:58.621107	2026-04-15 06:05:58.621107
ee8781f6-0a08-4cf4-ac8e-4a9e7ca15d45	d0acb096-a2fd-44a6-aecc-b365002c6498	c6b4b453-d260-46d4-4fd9-08db24f7ae8e	2026-04-15 06:43:34.202546	2026-04-15 06:43:34.202546
d15f8019-bfcd-4948-ab62-e63cfa407a73	d0acb096-a2fd-44a6-aecc-b365002c6498	b178d5ee-d9ac-477e-088e-08db9a4c4cf4	2026-04-15 06:43:34.202546	2026-04-15 06:43:34.202546
bae7f978-54f2-4f6a-bd53-8018be3f3bce	d0acb096-a2fd-44a6-aecc-b365002c6498	765f6593-2b19-4d06-cc8c-08dc4d479451	2026-04-15 06:43:34.202546	2026-04-15 06:43:34.202546
406e5cd9-a6ae-4e26-b318-601ce46355f9	d0acb096-a2fd-44a6-aecc-b365002c6498	6861c928-0e13-4664-c781-08dcdfa45074	2026-04-15 06:43:34.202546	2026-04-15 06:43:34.202546
2664bf6a-fcae-41db-9f87-e3e6be1fb6ee	d0acb096-a2fd-44a6-aecc-b365002c6498	f0f6361e-b99d-4ac7-4108-08dd8159c64a	2026-04-15 06:43:34.202546	2026-04-15 06:43:34.202546
56c6f174-bb96-4e56-a88f-2fc20e5f1761	d0acb096-a2fd-44a6-aecc-b365002c6498	dde8b85e-e35a-41fa-4a6b-08de107d59ec	2026-04-15 06:43:34.202546	2026-04-15 06:43:34.202546
b5852634-13a6-4181-b9b9-221df07177c2	8ec68c0d-ddd9-4429-ac81-b131004ddf2b	c6b4b453-d260-46d4-4fd9-08db24f7ae8e	2026-04-15 06:44:07.404244	2026-04-15 06:44:07.404244
bbd70ebd-c929-4d0a-838c-2d2d564d71cf	8ec68c0d-ddd9-4429-ac81-b131004ddf2b	b178d5ee-d9ac-477e-088e-08db9a4c4cf4	2026-04-15 06:44:07.404244	2026-04-15 06:44:07.404244
2e84a7c6-c3b0-464f-b07b-7948bb6f9a3c	8ec68c0d-ddd9-4429-ac81-b131004ddf2b	765f6593-2b19-4d06-cc8c-08dc4d479451	2026-04-15 06:44:07.404244	2026-04-15 06:44:07.404244
e3e6ea8e-5896-4cba-8277-bb40e88f39db	8ec68c0d-ddd9-4429-ac81-b131004ddf2b	6861c928-0e13-4664-c781-08dcdfa45074	2026-04-15 06:44:07.404244	2026-04-15 06:44:07.404244
c2ea65d7-af93-459e-be13-23c5b6e33ae7	4e230c45-04fb-4b26-9c48-b1eb003b983b	6861c928-0e13-4664-c781-08dcdfa45074	2026-04-15 06:05:58.621107	2026-04-15 06:05:58.621107
45eb84af-21eb-4cd2-aab0-7878d7f1c27b	4e230c45-04fb-4b26-9c48-b1eb003b983b	765f6593-2b19-4d06-cc8c-08dc4d479451	2026-04-15 06:05:58.621107	2026-04-15 06:05:58.621107
ab176803-564c-4268-a5b8-f25d9611daa8	4e230c45-04fb-4b26-9c48-b1eb003b983b	b178d5ee-d9ac-477e-088e-08db9a4c4cf4	2026-04-15 06:05:58.621107	2026-04-15 06:05:58.621107
e38e57b9-5df6-4d08-9ba3-b2383e2ec947	4e230c45-04fb-4b26-9c48-b1eb003b983b	cad65000-6ff3-47c7-cc8d-08dc4d479451	2026-04-15 06:05:58.621107	2026-04-15 06:05:58.621107
2abda119-bd11-49eb-8784-2c3ee6c1101c	4e230c45-04fb-4b26-9c48-b1eb003b983b	f0f6361e-b99d-4ac7-4108-08dd8159c64a	2026-04-15 06:05:58.621107	2026-04-15 06:05:58.621107
d2da941c-f628-4afa-bc18-3a9a03d91c14	8ec68c0d-ddd9-4429-ac81-b131004ddf2b	f0f6361e-b99d-4ac7-4108-08dd8159c64a	2026-04-15 06:44:07.404244	2026-04-15 06:44:07.404244
99d8b6a6-0ae0-4429-9644-4004541957b0	8ec68c0d-ddd9-4429-ac81-b131004ddf2b	dde8b85e-e35a-41fa-4a6b-08de107d59ec	2026-04-15 06:44:07.404244	2026-04-15 06:44:07.404244
cef025cd-8900-4eac-a4e3-70821131774f	20d2f931-45a3-4a03-9c61-b184004bd379	765f6593-2b19-4d06-cc8c-08dc4d479451	2026-04-15 06:05:58.621107	2026-04-15 06:05:58.621107
a8daf0dd-30fb-4c5f-8b88-bca1ec2e650c	20d2f931-45a3-4a03-9c61-b184004bd379	b178d5ee-d9ac-477e-088e-08db9a4c4cf4	2026-04-15 06:05:58.621107	2026-04-15 06:05:58.621107
1df3f2a6-e8a8-4aab-baa9-d770b01c7bd1	20d2f931-45a3-4a03-9c61-b184004bd379	cad65000-6ff3-47c7-cc8d-08dc4d479451	2026-04-15 06:05:58.621107	2026-04-15 06:05:58.621107
811deb7a-48ed-48b9-9253-89f1353300ff	6ddb281f-9390-4fa9-a174-b1a1004a92cb	c6b4b453-d260-46d4-4fd9-08db24f7ae8e	2026-04-15 06:45:37.875573	2026-04-15 06:45:37.875573
8b68a1f3-b1d3-4cf5-9c30-4d266480417f	6ddb281f-9390-4fa9-a174-b1a1004a92cb	b178d5ee-d9ac-477e-088e-08db9a4c4cf4	2026-04-15 06:45:37.875573	2026-04-15 06:45:37.875573
7385d68b-799b-44e1-b69a-a285566bad32	6ddb281f-9390-4fa9-a174-b1a1004a92cb	765f6593-2b19-4d06-cc8c-08dc4d479451	2026-04-15 06:45:37.875573	2026-04-15 06:45:37.875573
fe5a468a-4979-47f0-9a20-ad68639da244	6ddb281f-9390-4fa9-a174-b1a1004a92cb	6861c928-0e13-4664-c781-08dcdfa45074	2026-04-15 06:45:37.875573	2026-04-15 06:45:37.875573
a32943ad-182b-49b5-bcdc-e102a47e047b	6ddb281f-9390-4fa9-a174-b1a1004a92cb	f0f6361e-b99d-4ac7-4108-08dd8159c64a	2026-04-15 06:45:37.875573	2026-04-15 06:45:37.875573
e549df7b-f46c-4e4a-8b61-6166e3c973c0	6ddb281f-9390-4fa9-a174-b1a1004a92cb	dde8b85e-e35a-41fa-4a6b-08de107d59ec	2026-04-15 06:45:37.875573	2026-04-15 06:45:37.875573
a3968b29-c19b-4daf-b384-ff320708e13d	0d3bee43-6216-48ca-aa91-afe3007a4c19	b178d5ee-d9ac-477e-088e-08db9a4c4cf4	2026-04-15 06:49:30.659801	2026-04-15 06:49:30.659801
7a710ccd-69da-48bc-9a18-8f13a6a3d32d	0d3bee43-6216-48ca-aa91-afe3007a4c19	765f6593-2b19-4d06-cc8c-08dc4d479451	2026-04-15 06:49:30.659801	2026-04-15 06:49:30.659801
6e153633-0272-42c5-b94b-533aa0183bdb	0d3bee43-6216-48ca-aa91-afe3007a4c19	cad65000-6ff3-47c7-cc8d-08dc4d479451	2026-04-15 06:49:30.659801	2026-04-15 06:49:30.659801
5e2088eb-7144-48bb-94e0-c00e9c5908b9	0d3bee43-6216-48ca-aa91-afe3007a4c19	6861c928-0e13-4664-c781-08dcdfa45074	2026-04-15 06:49:30.659801	2026-04-15 06:49:30.659801
005632c5-c439-4a46-a13e-b7245808aea0	0d3bee43-6216-48ca-aa91-afe3007a4c19	f0f6361e-b99d-4ac7-4108-08dd8159c64a	2026-04-15 06:49:30.659801	2026-04-15 06:49:30.659801
c9b18e3f-d99b-4a18-9666-0305b32d4271	0d3bee43-6216-48ca-aa91-afe3007a4c19	dde8b85e-e35a-41fa-4a6b-08de107d59ec	2026-04-15 06:49:30.659801	2026-04-15 06:49:30.659801
795ef8ca-53e4-4605-b200-706d86f2b0a9	304986b8-846e-462d-b5cb-b3ce00717071	c6b4b453-d260-46d4-4fd9-08db24f7ae8e	2026-04-15 08:05:53.734562	2026-04-15 08:05:53.734562
10d3e16b-395d-49e4-b959-fd964ce3ef04	304986b8-846e-462d-b5cb-b3ce00717071	b178d5ee-d9ac-477e-088e-08db9a4c4cf4	2026-04-15 08:05:53.734562	2026-04-15 08:05:53.734562
04ed359b-f6de-46ba-b42c-87edd392c2ea	304986b8-846e-462d-b5cb-b3ce00717071	765f6593-2b19-4d06-cc8c-08dc4d479451	2026-04-15 08:05:53.734562	2026-04-15 08:05:53.734562
ce474e67-89c2-4f4c-b12c-45c85e18f03f	304986b8-846e-462d-b5cb-b3ce00717071	6861c928-0e13-4664-c781-08dcdfa45074	2026-04-15 08:05:53.734562	2026-04-15 08:05:53.734562
786e8718-2db7-4d42-8b38-ef8a584dec83	7374e3f7-6ff7-4abf-af29-b30e0038fc19	6861c928-0e13-4664-c781-08dcdfa45074	2026-04-15 06:38:19.061079	2026-04-15 06:38:19.061079
b71800d5-8ad3-4f82-a0a5-be16d70c17ee	7374e3f7-6ff7-4abf-af29-b30e0038fc19	765f6593-2b19-4d06-cc8c-08dc4d479451	2026-04-15 06:38:19.061079	2026-04-15 06:38:19.061079
5ddde70b-1969-4489-a935-f7de19df689b	7374e3f7-6ff7-4abf-af29-b30e0038fc19	b178d5ee-d9ac-477e-088e-08db9a4c4cf4	2026-04-15 06:38:19.061079	2026-04-15 06:38:19.061079
cd64ca55-f4a8-4d4c-b798-a14d45c91676	7374e3f7-6ff7-4abf-af29-b30e0038fc19	cad65000-6ff3-47c7-cc8d-08dc4d479451	2026-04-15 06:38:19.061079	2026-04-15 06:38:19.061079
6296afdc-06bb-401e-85da-2a5e7b4e2c9b	7374e3f7-6ff7-4abf-af29-b30e0038fc19	f0f6361e-b99d-4ac7-4108-08dd8159c64a	2026-04-15 06:38:19.061079	2026-04-15 06:38:19.061079
60b1175b-5ed3-42ba-b0d6-bd1b9af9c3ec	8a21a554-5cc9-46af-aaa0-b15d007953a3	c6b4b453-d260-46d4-4fd9-08db24f7ae8e	2026-04-15 06:40:17.332622	2026-04-15 06:40:17.332622
d69be538-1693-4f28-96b0-9afe2a6b047f	8a21a554-5cc9-46af-aaa0-b15d007953a3	b178d5ee-d9ac-477e-088e-08db9a4c4cf4	2026-04-15 06:40:17.332622	2026-04-15 06:40:17.332622
2647d85c-160d-49be-a392-bfac74061aef	8a21a554-5cc9-46af-aaa0-b15d007953a3	765f6593-2b19-4d06-cc8c-08dc4d479451	2026-04-15 06:40:17.332622	2026-04-15 06:40:17.332622
2fb35b53-92dd-4ee0-a24d-179e5a7bc9cd	8a21a554-5cc9-46af-aaa0-b15d007953a3	6861c928-0e13-4664-c781-08dcdfa45074	2026-04-15 06:40:17.332622	2026-04-15 06:40:17.332622
4db37c98-7780-4d06-8bb3-1f81cccc4108	8a21a554-5cc9-46af-aaa0-b15d007953a3	f0f6361e-b99d-4ac7-4108-08dd8159c64a	2026-04-15 06:40:17.332622	2026-04-15 06:40:17.332622
671e4b97-698d-4639-8fc6-aaf715aaa7af	8a21a554-5cc9-46af-aaa0-b15d007953a3	dde8b85e-e35a-41fa-4a6b-08de107d59ec	2026-04-15 06:40:17.332622	2026-04-15 06:40:17.332622
f32bb23c-87b8-4270-866d-c4523c995379	56bfaf2b-5267-4cf8-863b-b068003391dd	c6b4b453-d260-46d4-4fd9-08db24f7ae8e	2026-04-15 06:40:25.007818	2026-04-15 06:40:25.007818
8fa48fb1-bf2e-4fa3-aca5-dd48245e4821	56bfaf2b-5267-4cf8-863b-b068003391dd	b178d5ee-d9ac-477e-088e-08db9a4c4cf4	2026-04-15 06:40:25.007818	2026-04-15 06:40:25.007818
f48393e3-b990-4d7e-b041-4b8ade258028	56bfaf2b-5267-4cf8-863b-b068003391dd	765f6593-2b19-4d06-cc8c-08dc4d479451	2026-04-15 06:40:25.007818	2026-04-15 06:40:25.007818
5b272ec0-e15e-4b95-b7d4-0e99751ed712	56bfaf2b-5267-4cf8-863b-b068003391dd	6861c928-0e13-4664-c781-08dcdfa45074	2026-04-15 06:40:25.007818	2026-04-15 06:40:25.007818
87d7e085-8749-48c5-9df0-dc1989918f4c	56bfaf2b-5267-4cf8-863b-b068003391dd	f0f6361e-b99d-4ac7-4108-08dd8159c64a	2026-04-15 06:40:25.007818	2026-04-15 06:40:25.007818
d312d3ba-eeb8-45f5-a7ca-93737f53beba	56bfaf2b-5267-4cf8-863b-b068003391dd	dde8b85e-e35a-41fa-4a6b-08de107d59ec	2026-04-15 06:40:25.007818	2026-04-15 06:40:25.007818
b7b95667-c9ec-4e6f-88c3-94b5ca8d5b8c	d522523e-581e-4097-aadc-b3c7006aca01	c6b4b453-d260-46d4-4fd9-08db24f7ae8e	2026-04-15 06:40:47.187546	2026-04-15 06:40:47.187546
114ef6b4-2daa-46f1-be4b-542156b34c68	d522523e-581e-4097-aadc-b3c7006aca01	b178d5ee-d9ac-477e-088e-08db9a4c4cf4	2026-04-15 06:40:47.187546	2026-04-15 06:40:47.187546
b5f94b5c-2f7e-42ae-a026-615af86318b5	d522523e-581e-4097-aadc-b3c7006aca01	765f6593-2b19-4d06-cc8c-08dc4d479451	2026-04-15 06:40:47.187546	2026-04-15 06:40:47.187546
95f54625-21ec-4aac-bf10-f636ee237822	d522523e-581e-4097-aadc-b3c7006aca01	6861c928-0e13-4664-c781-08dcdfa45074	2026-04-15 06:40:47.187546	2026-04-15 06:40:47.187546
b9597b92-bf17-4097-8bf1-b9c9ffbd53c4	d522523e-581e-4097-aadc-b3c7006aca01	f0f6361e-b99d-4ac7-4108-08dd8159c64a	2026-04-15 06:40:47.187546	2026-04-15 06:40:47.187546
b8273cc6-d36a-4a81-b24c-96d5f50c4e08	d522523e-581e-4097-aadc-b3c7006aca01	dde8b85e-e35a-41fa-4a6b-08de107d59ec	2026-04-15 06:40:47.187546	2026-04-15 06:40:47.187546
c0b5693a-1d46-4adb-81be-83dad26e72c9	304986b8-846e-462d-b5cb-b3ce00717071	f0f6361e-b99d-4ac7-4108-08dd8159c64a	2026-04-15 08:05:53.734562	2026-04-15 08:05:53.734562
32439d30-98ae-46c6-a3da-fc9f132fdb63	304986b8-846e-462d-b5cb-b3ce00717071	dde8b85e-e35a-41fa-4a6b-08de107d59ec	2026-04-15 08:05:53.734562	2026-04-15 08:05:53.734562
aef1baa2-0c80-4612-9ec2-2380d704fd6b	1c05bcd2-2476-4cc5-bc65-b37e004853e7	6861c928-0e13-4664-c781-08dcdfa45074	2026-04-15 08:13:42.324825	2026-04-15 08:13:42.324825
f2bfb4ae-2f48-4c91-a897-92f60c9579de	7735a6ac-1697-49e2-bfd9-b365002ffbd8	6861c928-0e13-4664-c781-08dcdfa45074	2026-04-15 08:30:18.889713	2026-04-15 08:30:18.889713
30d5e6e4-b18d-4e58-bbc4-5de229a3160b	7735a6ac-1697-49e2-bfd9-b365002ffbd8	765f6593-2b19-4d06-cc8c-08dc4d479451	2026-04-15 08:30:18.889713	2026-04-15 08:30:18.889713
1227fdd2-ea7b-4935-b3e6-83895cb9e340	7735a6ac-1697-49e2-bfd9-b365002ffbd8	b178d5ee-d9ac-477e-088e-08db9a4c4cf4	2026-04-15 08:30:18.889713	2026-04-15 08:30:18.889713
c89e8dab-3632-4bfa-94df-e30d2044f8cb	7735a6ac-1697-49e2-bfd9-b365002ffbd8	cad65000-6ff3-47c7-cc8d-08dc4d479451	2026-04-15 08:30:18.889713	2026-04-15 08:30:18.889713
d3946f73-235d-47fb-b56e-def24f49aa34	7735a6ac-1697-49e2-bfd9-b365002ffbd8	f0f6361e-b99d-4ac7-4108-08dd8159c64a	2026-04-15 08:30:18.889713	2026-04-15 08:30:18.889713
c9796ebb-5269-40bb-8f07-013d75bff33b	1ce75d4b-2552-4840-9907-afef00fca741	b178d5ee-d9ac-477e-088e-08db9a4c4cf4	2026-04-15 08:48:28.533801	2026-04-15 08:48:28.533801
c4dd3d38-6aa6-4f9c-ac29-52d7e155cac2	1ce75d4b-2552-4840-9907-afef00fca741	765f6593-2b19-4d06-cc8c-08dc4d479451	2026-04-15 08:48:28.533801	2026-04-15 08:48:28.533801
63a464a2-d5cb-475a-86f4-8b1c076d2618	1ce75d4b-2552-4840-9907-afef00fca741	cad65000-6ff3-47c7-cc8d-08dc4d479451	2026-04-15 08:48:28.533801	2026-04-15 08:48:28.533801
673afe2f-4f29-46d4-8d38-ce6747853a4c	1ce75d4b-2552-4840-9907-afef00fca741	6861c928-0e13-4664-c781-08dcdfa45074	2026-04-15 08:48:28.533801	2026-04-15 08:48:28.533801
8c476743-4e0d-4cd6-affa-92ed95546c7c	1ce75d4b-2552-4840-9907-afef00fca741	f0f6361e-b99d-4ac7-4108-08dd8159c64a	2026-04-15 08:48:28.533801	2026-04-15 08:48:28.533801
58ddf230-aab6-4849-8182-4436dfcad240	1ce75d4b-2552-4840-9907-afef00fca741	dde8b85e-e35a-41fa-4a6b-08de107d59ec	2026-04-15 08:48:28.533801	2026-04-15 08:48:28.533801
b29b8602-dd3e-498f-ad79-77a175aa54d3	1b61ddd3-f501-4c52-9c22-afe300752d06	b178d5ee-d9ac-477e-088e-08db9a4c4cf4	2026-04-15 08:51:07.501734	2026-04-15 08:51:07.501734
\.


--
-- Data for Name: employee_permissions; Type: TABLE DATA; Schema: dbo; Owner: -
--

COPY dbo.employee_permissions (id, employee_id, group_id, loc_scope, datecreated, lastupdated) FROM stdin;
125b4c34-1993-4675-a1e6-848a1c8fc872	b41477e0-8eed-4520-a41a-b145008c51b0	11111111-0000-0000-0000-000000000003	assigned	2026-04-07 13:59:19.410765	2026-04-07 13:59:19.410765
14b0d63f-71ed-47eb-8e0e-ee5242d4eb85	0b8e06d1-d517-4207-a8c0-b1f7002d7476	11111111-0000-0000-0000-000000000003	assigned	2026-04-07 13:59:19.410765	2026-04-07 13:59:19.410765
5df6a781-8f85-41c0-a445-552f8ca21434	9968161f-e735-448b-9adb-b14f0038c98e	11111111-0000-0000-0000-000000000003	assigned	2026-04-07 13:59:19.410765	2026-04-07 13:59:19.410765
824d9ea4-9dbd-4547-900f-f662d465ec03	cab2a199-ae6f-4746-8d8f-b3690092e93c	11111111-0000-0000-0000-000000000003	assigned	2026-04-07 13:59:19.410765	2026-04-07 13:59:19.410765
d273a0d8-6209-4bc8-9f6b-338011b23fd0	494dd94b-0f5c-4037-a183-b2d5004495bc	11111111-0000-0000-0000-000000000003	assigned	2026-04-07 13:59:19.410765	2026-04-07 13:59:19.410765
d68217a8-753f-4e1f-a228-2870275ac034	21360b9b-8e24-46e1-83a3-b1ef009a1911	11111111-0000-0000-0000-000000000003	assigned	2026-04-07 13:59:19.410765	2026-04-07 13:59:19.410765
7f8e0b9d-192b-422c-9870-c72e09de8712	dbefd061-dbb0-44d7-8eed-afe3007a8017	11111111-0000-0000-0000-000000000003	assigned	2026-04-07 13:59:19.410765	2026-04-07 13:59:19.410765
3a978f21-1ca4-4a4a-bf50-13d3dba24386	90e19070-f750-415b-ba52-b05f002e9438	11111111-0000-0000-0000-000000000003	assigned	2026-04-07 13:59:19.410765	2026-04-07 13:59:19.410765
abc7de9a-20e7-4a5d-8ba6-128da56e9e24	c48e8550-f68f-4be5-89bb-b2110032b4e1	11111111-0000-0000-0000-000000000003	assigned	2026-04-07 13:59:19.410765	2026-04-07 13:59:19.410765
4b642654-01e8-4083-943e-5040efb722ac	7f9f1030-20ea-4c23-84e6-b16000c1e144	11111111-0000-0000-0000-000000000003	assigned	2026-04-07 13:59:19.410765	2026-04-07 13:59:19.410765
4c906db7-7ddc-48c3-8dbb-4ac974f80199	43190b77-570b-4557-b470-b33e00663454	11111111-0000-0000-0000-000000000003	assigned	2026-04-07 13:59:19.410765	2026-04-07 13:59:19.410765
ee59e245-f5a3-4e8e-9d85-48a166f9bb9e	6ac1a478-0568-4ec6-a3d6-b05b009de13d	11111111-0000-0000-0000-000000000003	assigned	2026-04-07 13:59:19.410765	2026-04-07 13:59:19.410765
1a014a24-4d36-4b28-99c1-40d74e8caff5	ed346f4b-c27b-428f-8e46-b05b009de13d	11111111-0000-0000-0000-000000000003	assigned	2026-04-07 13:59:19.410765	2026-04-07 13:59:19.410765
598f3111-0590-4d97-8e78-896e8e5c3be6	f03fce3f-d90e-4194-a28f-b1d400752590	11111111-0000-0000-0000-000000000003	assigned	2026-04-07 13:59:19.410765	2026-04-07 13:59:19.410765
a45ce062-6e39-49bc-8816-b3c590bd82cf	fd67fda4-42ea-4f85-b100-b14c0090e6e4	11111111-0000-0000-0000-000000000003	assigned	2026-04-07 13:59:19.410765	2026-04-07 13:59:19.410765
5098fe4e-b848-4092-b728-8f1f65b5420a	3c2a3bda-879f-48b7-8ee4-b266004978ea	11111111-0000-0000-0000-000000000003	assigned	2026-04-07 13:59:19.410765	2026-04-07 13:59:19.410765
441392a5-2b14-4ea7-b720-a84f9d41debd	a3a0e8dc-6b40-468f-803b-b1cf0063ad84	11111111-0000-0000-0000-000000000003	assigned	2026-04-07 13:59:19.410765	2026-04-07 13:59:19.410765
0685e8f9-973f-44dd-a2af-283b90cefe29	f1abd11e-6309-4b5b-add9-b14c0090f199	11111111-0000-0000-0000-000000000003	assigned	2026-04-07 13:59:19.410765	2026-04-07 13:59:19.410765
4838654a-25ba-4083-a329-e5defe3c05a1	afde36ab-1eca-4281-b8e4-b1930033a9c6	11111111-0000-0000-0000-000000000003	assigned	2026-04-07 13:59:19.410765	2026-04-07 14:00:40.45315
25994c08-fae4-4eef-8cad-a53ecdad48cc	28e2c9eb-d410-4881-9cf2-efb2494baad7	11111111-0000-0000-0000-000000000001	all	2026-04-07 14:44:42.162171	2026-04-07 14:44:42.162171
\.


--
-- Data for Name: feedback_attachments; Type: TABLE DATA; Schema: dbo; Owner: -
--

COPY dbo.feedback_attachments (id, message_id, original_name, stored_name, mime_type, size_bytes, url, created_at) FROM stdin;
501e71e1-0d46-4327-a8d0-b25b22659630	f480702a-773b-444a-a45a-9f647ecd46ad	test.png	5579960d-6cf1-48a9-a1e5-1c64d27f70a8.png	image/png	67	/uploads/feedback/5579960d-6cf1-48a9-a1e5-1c64d27f70a8.png	2026-04-13 04:45:33.135032
7777c112-c37c-4257-9e80-915afabcad6a	afe54351-bea6-46a5-a0f6-4e00497551f0	test.png	7fa605c7-8789-4835-a449-a71764f718a4.png	image/png	67	/uploads/feedback/7fa605c7-8789-4835-a449-a71764f718a4.png	2026-04-13 04:47:46.870247
1592580f-8ca0-4198-ba1d-45137a2f4103	8ca843f5-e7f4-4e89-a377-27f8eae5e546	test.png	d5051f50-07f5-4e9a-87bd-f9174935f171.png	image/png	67	/uploads/feedback/d5051f50-07f5-4e9a-87bd-f9174935f171.png	2026-04-13 04:47:52.765567
35fca192-21ea-442a-96f8-8d6144b02c89	3420488f-ebbf-4889-9543-31c6da7cd5e7	test.png	39cd7e8a-e365-446e-98a2-30d9a39dbb64.png	image/png	67	/uploads/feedback/39cd7e8a-e365-446e-98a2-30d9a39dbb64.png	2026-04-13 04:47:59.270367
00c42248-d5eb-424b-8bd2-96156b3f611e	3b9a6d2d-336f-45ef-998d-9f6a9c09c75c	large_test.png	49126b3d-c2d9-4777-bdf8-7c3376d778ff.jpg	image/jpeg	489683	/uploads/feedback/49126b3d-c2d9-4777-bdf8-7c3376d778ff.jpg	2026-04-13 04:51:05.372146
44056422-14c6-4e0b-bfa4-aaba072967db	e17bd2aa-fd34-4925-9302-d0cfef7d2ffb	test.png	558f4b58-b181-4b52-b77b-a197abf81519.png	image/png	67	/uploads/feedback/558f4b58-b181-4b52-b77b-a197abf81519.png	2026-04-13 05:39:56.683079
57f082b6-d48b-470c-add5-1b7fd60b2349	020b7246-89d9-4d41-a2db-fae195ab9722	02.png	65bb7a46-5438-4d6a-830c-0988e214a315.jpg	image/jpeg	12998	/uploads/feedback/65bb7a46-5438-4d6a-830c-0988e214a315.jpg	2026-04-13 06:05:06.922633
6d98e21c-4231-4935-8613-e3ccacd4826d	8b3f926f-675b-45ef-9a04-be5736053cb5	test.png	96eedf4c-1b38-4008-b0e6-e709a9732c99.png	image/png	67	/uploads/feedback/96eedf4c-1b38-4008-b0e6-e709a9732c99.png	2026-04-13 06:10:16.88836
f017cb6c-bc2e-426d-b605-8704f1f4112c	0c44ad23-c402-4891-9448-94621dcab6f0	test.png	96c51849-95c3-4b05-be37-2a8429965277.png	image/png	67	/uploads/feedback/96c51849-95c3-4b05-be37-2a8429965277.png	2026-04-13 08:42:58.795625
9f87eebc-27a6-4de0-8531-395eced51744	aee2e6fd-360c-4f2d-823f-5a6c2ba725ff	test.png	2eef1bec-65cd-4cef-a3ff-1d814b41e4a8.png	image/png	67	/uploads/feedback/2eef1bec-65cd-4cef-a3ff-1d814b41e4a8.png	2026-04-13 08:44:39.64152
\.


--
-- Data for Name: feedback_messages; Type: TABLE DATA; Schema: dbo; Owner: -
--

COPY dbo.feedback_messages (id, thread_id, author_id, content, created_at) FROM stdin;
3f1c97be-f815-496b-9534-a88763039547	c302d3eb-c9ff-4d5a-ad5e-11c1448fc13f	28e2c9eb-d410-4881-9cf2-efb2494baad7	Test feedback after restart	2026-04-13 04:02:55.531
20264e59-0c42-4bfc-9db5-dbe8bde7c536	2e18a7f6-2cf8-4fa4-832a-8f1e2bee8e36	28e2c9eb-d410-4881-9cf2-efb2494baad7	E2E test feedback message	2026-04-13 04:05:39.018
ee11216a-6dea-4ede-8605-b9ff2d680d2e	2e18a7f6-2cf8-4fa4-832a-8f1e2bee8e36	28e2c9eb-d410-4881-9cf2-efb2494baad7	Employee follow-up reply	2026-04-13 04:05:39.08
e4c24e67-d742-46c0-a19d-75d94793648f	73aff863-3314-4a18-bb73-6bb5d104ab4c	28e2c9eb-d410-4881-9cf2-efb2494baad7	E2E deep test feedback message	2026-04-13 04:07:09.5
c65649cc-0765-4504-8d55-dcba991f4dd4	73aff863-3314-4a18-bb73-6bb5d104ab4c	28e2c9eb-d410-4881-9cf2-efb2494baad7	Employee follow-up reply	2026-04-13 04:07:09.542
7a3be8e6-3590-4abd-af58-7e8eb1640cdb	73aff863-3314-4a18-bb73-6bb5d104ab4c	28e2c9eb-d410-4881-9cf2-efb2494baad7	Admin response to feedback	2026-04-13 04:07:09.571
f480702a-773b-444a-a45a-9f647ecd46ad	2135cbe9-729a-4141-ae93-18c5f6045a8a	9968161f-e735-448b-9adb-b14f0038c98e	Test with attachment	2026-04-13 04:45:33.134
afe54351-bea6-46a5-a0f6-4e00497551f0	ce714028-0bb3-4a40-bd15-62e47be95b0f	9968161f-e735-448b-9adb-b14f0038c98e		2026-04-13 04:47:46.88
8ca843f5-e7f4-4e89-a377-27f8eae5e546	78e696af-1d96-4170-ab6d-addbd8e5b50f	9968161f-e735-448b-9adb-b14f0038c98e	Bug screenshot attached	2026-04-13 04:47:52.775
3420488f-ebbf-4889-9543-31c6da7cd5e7	78e696af-1d96-4170-ab6d-addbd8e5b50f	9968161f-e735-448b-9adb-b14f0038c98e	Here is another screenshot	2026-04-13 04:47:59.268
3b9a6d2d-336f-45ef-998d-9f6a9c09c75c	95a95c8a-9843-4cbd-a4f7-e0e4686cd7bb	9968161f-e735-448b-9adb-b14f0038c98e	Testing compression	2026-04-13 04:51:05.371
e17bd2aa-fd34-4925-9302-d0cfef7d2ffb	1945bbda-acae-414f-85b7-25746ffda50c	9968161f-e735-448b-9adb-b14f0038c98e	End-to-end test with picture	2026-04-13 05:39:56.683
020b7246-89d9-4d41-a2db-fae195ab9722	78c46418-ec7b-4369-8118-180b58cc8652	28e2c9eb-d410-4881-9cf2-efb2494baad7		2026-04-13 06:05:06.923
3b5fbc76-4a95-458d-b7cf-3bc5f2ffac85	04828ae5-9e01-4aa1-83a1-41403c410e5d	28e2c9eb-d410-4881-9cf2-efb2494baad7	mình có vấn đề là bây giờ mình tạo thêm người không được	2026-04-13 06:09:16.489
8b3f926f-675b-45ef-9a04-be5736053cb5	1945bbda-acae-414f-85b7-25746ffda50c	28e2c9eb-d410-4881-9cf2-efb2494baad7	Admin reply with image	2026-04-13 06:10:16.885
0c44ad23-c402-4891-9448-94621dcab6f0	1945bbda-acae-414f-85b7-25746ffda50c	28e2c9eb-d410-4881-9cf2-efb2494baad7	Admin reply with attachment and enriched response	2026-04-13 08:42:58.786
aee2e6fd-360c-4f2d-823f-5a6c2ba725ff	1945bbda-acae-414f-85b7-25746ffda50c	9968161f-e735-448b-9adb-b14f0038c98e	Employee reply with attachment	2026-04-13 08:44:39.636
\.


--
-- Data for Name: feedback_threads; Type: TABLE DATA; Schema: dbo; Owner: -
--

COPY dbo.feedback_threads (id, employee_id, page_url, page_path, screen_size, user_agent, status, created_at, updated_at) FROM stdin;
c302d3eb-c9ff-4d5a-ad5e-11c1448fc13f	28e2c9eb-d410-4881-9cf2-efb2494baad7	\N	/test	1920x1080	curl/8.7.1	pending	2026-04-13 04:02:55.531	2026-04-13 04:02:55.531
2e18a7f6-2cf8-4fa4-832a-8f1e2bee8e36	28e2c9eb-d410-4881-9cf2-efb2494baad7	\N	/overview	1920x1080	curl/8.7.1	pending	2026-04-13 04:05:39.018	2026-04-13 04:05:39.08
73aff863-3314-4a18-bb73-6bb5d104ab4c	28e2c9eb-d410-4881-9cf2-efb2494baad7	\N	/feedback	1920x1080	curl/8.7.1	resolved	2026-04-13 04:07:09.5	2026-04-13 04:07:09.582929
2135cbe9-729a-4141-ae93-18c5f6045a8a	9968161f-e735-448b-9adb-b14f0038c98e	\N	\N	\N	curl/8.7.1	pending	2026-04-13 04:45:33.134	2026-04-13 04:45:33.134
ce714028-0bb3-4a40-bd15-62e47be95b0f	9968161f-e735-448b-9adb-b14f0038c98e	\N	\N	\N	curl/8.7.1	pending	2026-04-13 04:47:46.88	2026-04-13 04:47:46.88
78e696af-1d96-4170-ab6d-addbd8e5b50f	9968161f-e735-448b-9adb-b14f0038c98e	\N	\N	\N	curl/8.7.1	pending	2026-04-13 04:47:52.775	2026-04-13 04:47:59.268
95a95c8a-9843-4cbd-a4f7-e0e4686cd7bb	9968161f-e735-448b-9adb-b14f0038c98e	\N	\N	\N	curl/8.7.1	pending	2026-04-13 04:51:05.371	2026-04-13 04:51:05.371
78c46418-ec7b-4369-8118-180b58cc8652	28e2c9eb-d410-4881-9cf2-efb2494baad7	http://localhost:5174/	/customers/b2262736-c7f4-4072-a67f-b3d00095dcf1	1768x1037	Mozilla/5.0 (Macintosh; Intel Mac OS X 10_15_7) AppleWebKit/537.36 (KHTML, like Gecko) Chrome/145.0.0.0 Safari/537.36	pending	2026-04-13 06:05:06.923	2026-04-13 06:05:06.923
04828ae5-9e01-4aa1-83a1-41403c410e5d	28e2c9eb-d410-4881-9cf2-efb2494baad7	http://localhost:5174/	/calendar	1768x1037	Mozilla/5.0 (Macintosh; Intel Mac OS X 10_15_7) AppleWebKit/537.36 (KHTML, like Gecko) Chrome/145.0.0.0 Safari/537.36	pending	2026-04-13 06:09:16.489	2026-04-13 06:09:16.489
1945bbda-acae-414f-85b7-25746ffda50c	9968161f-e735-448b-9adb-b14f0038c98e	\N	\N	\N	curl/8.7.1	pending	2026-04-13 05:39:56.683	2026-04-13 08:44:39.636
\.


--
-- Data for Name: group_permissions; Type: TABLE DATA; Schema: dbo; Owner: -
--

COPY dbo.group_permissions (id, group_id, permission) FROM stdin;
2aeb399c-f5d9-4174-bf9c-14f86f764038	11111111-0000-0000-0000-000000000003	overview.view
6164bd5a-e55e-41c2-bcdb-f033c76517dc	11111111-0000-0000-0000-000000000003	calendar.view
2a5c31e1-0259-4206-bede-c1f1f052ed18	11111111-0000-0000-0000-000000000003	calendar.edit
e1b5f724-d28f-453a-ac4b-9a3dd4d6626f	11111111-0000-0000-0000-000000000003	customers.view
a26e66df-11ff-4ecd-9781-f392a4f2862c	11111111-0000-0000-0000-000000000003	appointments.view
3aeced02-800f-4215-bb56-28574c7b1d7e	11111111-0000-0000-0000-000000000003	appointments.add
05f68a67-cb86-4688-8276-3283fe35edfc	11111111-0000-0000-0000-000000000003	appointments.edit
00d6b5d6-0f54-4ef9-9695-786ef9935711	11111111-0000-0000-0000-000000000003	services.view
32f9d3d1-b4e3-4a65-ac77-a5c29118fc53	11111111-0000-0000-0000-000000000003	commission.view
96e37db8-412b-4959-929f-3abfd4a60aa9	11111111-0000-0000-0000-000000000005	overview.view
c2122723-b5d6-4fd3-9164-1b6999faed29	11111111-0000-0000-0000-000000000005	calendar.view
557732ca-08b2-4f69-9c31-49228d104fe9	11111111-0000-0000-0000-000000000005	customers.view
dd9cef64-ed37-4c1e-a676-e35bd5ef6608	11111111-0000-0000-0000-000000000005	appointments.view
e16a184d-433c-4a65-94a9-fb5982db6306	11111111-0000-0000-0000-000000000005	services.view
8bb41bd6-ebc6-4ad5-b6df-d390cc00500c	11111111-0000-0000-0000-000000000005	notifications.view
3f80e382-7f45-4723-ade7-9015cb8ffd96	11111111-0000-0000-0000-000000000004	appointments.add
7ef67fc6-e563-4bd0-bbff-b9c4dd3154ea	11111111-0000-0000-0000-000000000004	appointments.edit
42d26e41-558f-4cd2-b26b-1fbebb86b958	11111111-0000-0000-0000-000000000004	appointments.view
648475fe-b38d-44c8-b703-8efd38b679c6	11111111-0000-0000-0000-000000000004	calendar.edit
4d3b9da0-224e-4067-b767-b25d71e0bea8	11111111-0000-0000-0000-000000000004	calendar.view
40d72607-0982-49e0-87dd-731f2614721e	11111111-0000-0000-0000-000000000004	customers.add
6e13ad35-ac9a-44ef-a3b8-151702693de3	11111111-0000-0000-0000-000000000004	customers.edit
a80cf66d-2212-46c8-a4a5-368cd4008605	11111111-0000-0000-0000-000000000004	customers.view
e5a315d3-3ec3-4b3a-8919-274d0067d583	11111111-0000-0000-0000-000000000004	payment.add
7a34cbaf-3986-4af7-b413-fe0224c3d1bb	11111111-0000-0000-0000-000000000004	payment.edit
26961e66-6a05-418a-9068-03192ec13f8b	11111111-0000-0000-0000-000000000004	payment.view
661070e0-9f02-4cda-b498-547be7a27515	11111111-0000-0000-0000-000000000004	overview.view
cd21e4ba-073e-4c51-9756-6d44b4d0b122	11111111-0000-0000-0000-000000000001	appointments.add
b3b42553-c10e-40a7-a338-b6868bb52974	11111111-0000-0000-0000-000000000001	appointments.edit
bc99e62b-dbbb-4d3b-8306-50f9e87e63de	11111111-0000-0000-0000-000000000001	appointments.view
e5ac951a-4483-4e7a-a2e2-28ef740f8c6d	11111111-0000-0000-0000-000000000001	calendar.edit
5f109669-7a53-4052-a514-213659224447	11111111-0000-0000-0000-000000000001	calendar.view
79d40b77-6f35-45ac-885c-3ab7f87c141d	11111111-0000-0000-0000-000000000001	commission.edit
916248f3-1dfb-4967-8f75-b7993597ce9a	11111111-0000-0000-0000-000000000001	commission.view
288cfb5d-e7b9-46ee-8d37-89cac9629f64	11111111-0000-0000-0000-000000000001	customers.add
9735c0b4-9c3a-4d3e-8d1b-b49dfa46f602	11111111-0000-0000-0000-000000000001	customers.delete
3448b159-b0a3-4e6b-bf8c-501a1e2d5d84	11111111-0000-0000-0000-000000000001	customers.edit
4a29aef8-1018-4804-ad3e-1a2667d5cfc2	11111111-0000-0000-0000-000000000001	customers.view
580737e7-0ea9-4b46-b594-3cb5871f6556	11111111-0000-0000-0000-000000000001	customers.view.all
a119cd06-79de-41d7-a50e-38149a5541d4	11111111-0000-0000-0000-000000000001	employees.add
243cf782-8e09-4a3b-bad6-77818f93725b	11111111-0000-0000-0000-000000000001	employees.edit
e472ff67-d184-4da3-bd0e-bcdb94e3fb25	11111111-0000-0000-0000-000000000001	employees.view
3c66e12c-0cdc-4eb7-a739-f43ad26f11f0	11111111-0000-0000-0000-000000000001	locations.add
3ead5191-64cd-4856-965b-d338b8a5f166	11111111-0000-0000-0000-000000000001	locations.edit
7346fbc4-62c9-488e-88fa-80d72de25196	11111111-0000-0000-0000-000000000001	locations.view
334bd761-a3f2-4483-bc93-e6dd59aaa8c0	11111111-0000-0000-0000-000000000001	notifications.edit
157d6094-c704-42a0-8695-3531f6074019	11111111-0000-0000-0000-000000000001	notifications.view
a703819a-6f32-4b7c-9ab9-d67893f54b6c	11111111-0000-0000-0000-000000000001	overview.view
631a23b6-65df-4650-8aad-1078bb1abfd0	11111111-0000-0000-0000-000000000001	payment.add
c908fc92-6204-4f51-ad5b-cdba7bc0b72e	11111111-0000-0000-0000-000000000001	payment.edit
c83b9679-ee91-4b9d-bd3e-8b8da9fb8608	11111111-0000-0000-0000-000000000001	payment.refund
bc2efb08-f5dc-46ad-b034-7e0df99a7f26	11111111-0000-0000-0000-000000000001	payment.view
aa5b6911-9788-478f-9497-af016dd1531e	11111111-0000-0000-0000-000000000001	reports.export
cf1020c2-85a1-49f6-ad51-45ff2b563456	11111111-0000-0000-0000-000000000001	reports.view
2f800a69-e2ba-423f-b120-3b12e01bc532	11111111-0000-0000-0000-000000000001	services.add
abd957d1-7ff5-4fec-ad07-cb1b9cb81116	11111111-0000-0000-0000-000000000001	services.edit
09e4508e-42f7-4b2c-bc61-58a3bff79257	11111111-0000-0000-0000-000000000001	services.view
7d693cd1-5f24-4a8a-b35c-0e6372f4eb2e	11111111-0000-0000-0000-000000000001	settings.edit
9caefb74-ce98-44ad-a52e-e07f086b1acf	11111111-0000-0000-0000-000000000001	settings.view
b34bf3d5-5a97-4425-928d-28d6c2dc4282	11111111-0000-0000-0000-000000000001	customers.view_all
bc390287-2159-42eb-9b51-cbf70623f6cb	11111111-0000-0000-0000-000000000002	appointments.add
c31e1ad9-00e4-402a-9dbc-3105886e7395	11111111-0000-0000-0000-000000000002	appointments.edit
c787bfad-fa52-43b4-9044-ac3ffb993b11	11111111-0000-0000-0000-000000000002	appointments.view
49d9bd9a-8054-4dee-bdb4-08cba90c35ba	11111111-0000-0000-0000-000000000002	calendar.edit
03408d63-97e1-4501-9b9c-3aa8b0bf06a1	11111111-0000-0000-0000-000000000002	calendar.view
5e315538-44b5-483e-a73f-98fce2056da5	11111111-0000-0000-0000-000000000002	commission.edit
a86bcdcf-94ae-4008-949a-eac8fe1627a8	11111111-0000-0000-0000-000000000002	commission.view
d7927678-46bc-42a5-8fda-486ff10ee394	11111111-0000-0000-0000-000000000002	customers.add
6bd556cd-db19-43e4-9d14-ed822bd3d339	11111111-0000-0000-0000-000000000002	customers.edit
31c644ae-7d6b-42a8-8e38-aede80ba167c	11111111-0000-0000-0000-000000000002	customers.view
9a180ad1-b160-42d0-a319-b4a2597bb15e	11111111-0000-0000-0000-000000000002	employees.add
91af9edb-7bb5-409a-b158-b4f462b50105	11111111-0000-0000-0000-000000000002	employees.edit
fa060ecf-b19e-43d9-8c26-15b7783f9281	11111111-0000-0000-0000-000000000002	employees.view
8a713859-98e5-4116-becd-0549c6e303d6	11111111-0000-0000-0000-000000000002	locations.view
591bea90-4f36-4a76-befd-83b63d1bb059	11111111-0000-0000-0000-000000000002	notifications.edit
7631e5c6-8ad5-4faa-a594-002a46a662b1	11111111-0000-0000-0000-000000000002	notifications.view
54b10ccf-5164-41f3-a75f-04a159cf8e33	11111111-0000-0000-0000-000000000002	overview.view
93b08e4d-ac0c-49ea-a54c-a22743945673	11111111-0000-0000-0000-000000000002	payment.add
2f5205ad-6067-4a2e-8c4f-82691fab5301	11111111-0000-0000-0000-000000000002	payment.edit
7ced7e0d-333f-4ebe-88f3-6641b7385f5c	11111111-0000-0000-0000-000000000002	payment.view
46e48cf9-f6ec-41b8-a80b-dd0d90dd1a38	11111111-0000-0000-0000-000000000002	reports.export
2dea0155-498b-4e1e-acff-46256f23bf66	11111111-0000-0000-0000-000000000002	reports.view
84c8b2f6-4fb3-4b5b-80d6-d1ccff6e4a5a	11111111-0000-0000-0000-000000000002	services.add
4d4d5881-b846-48ba-b474-22cce1b3db2c	11111111-0000-0000-0000-000000000002	services.edit
bc1534ca-1bc8-4cfb-b523-6289422ed948	11111111-0000-0000-0000-000000000002	services.view
550041c4-c726-4fb6-8d30-6f218cf72be2	11111111-0000-0000-0000-000000000002	settings.view
35e6b024-7279-4cb1-b7c5-fc92939cec7a	11111111-0000-0000-0000-000000000002	customers.view_all
fed52f92-721a-49a0-8c75-05446763719e	11111111-0000-0000-0000-000000000003	external_checkups.view
84d225b8-44e3-4ffb-a836-e9fb37217c2d	11111111-0000-0000-0000-000000000005	external_checkups.view
72b4c2b0-231d-4a01-94da-3ea4784d9841	11111111-0000-0000-0000-000000000004	external_checkups.view
644f899a-1357-42f7-ac6f-6181f4795e24	11111111-0000-0000-0000-000000000001	external_checkups.view
919fd8ac-18a0-4f06-ac67-77c2449019a1	11111111-0000-0000-0000-000000000002	external_checkups.view
e25f7d46-7b5f-4b2c-9f72-421a97096aa0	11111111-0000-0000-0000-000000000001	permissions.view
4f47a51f-b053-4982-abd1-c5bec57ae08a	11111111-0000-0000-0000-000000000001	website.view
\.


--
-- Data for Name: monthlyplan_items; Type: TABLE DATA; Schema: dbo; Owner: -
--

COPY dbo.monthlyplan_items (id, plan_id, invoice_id, priority, created_at) FROM stdin;
c18bf792-c4a6-42e2-a339-12f789bdb198	d983100c-6b94-47a1-8fe0-28be1211bb62	f9ceeff6-6808-4f25-8a7f-b23700becf07	0	2026-04-10 12:23:30.257752
\.


--
-- Data for Name: monthlyplans; Type: TABLE DATA; Schema: dbo; Owner: -
--

COPY dbo.monthlyplans (id, customer_id, company_id, treatment_description, total_amount, down_payment, installment_amount, number_of_installments, start_date, status, notes, created_at, updated_at) FROM stdin;
d983100c-6b94-47a1-8fe0-28be1211bb62	cd985f43-2f12-4d6d-b1b8-b23000efbac3	c6b4b453-d260-46d4-4fd9-08db24f7ae8e	Niềng Mắc Cài Kim Loại Tiêu Chuẩn	15835000.00	0.00	3167000.00	5	2024-12-31	completed	Corrected plan: 5 monthly installments for braces (SO24081)	2026-04-10 11:50:52.947813	2026-04-10 11:50:52.947813
\.


--
-- Data for Name: partners; Type: TABLE DATA; Schema: dbo; Owner: -
--

COPY dbo.partners (id, displayname, name, namenosign, street, phone, email, supplier, customer, isagent, isinsurance, companyid, ref, comment, active, employee, gender, jobtitle, birthyear, birthmonth, birthday, medicalhistory, citycode, cityname, districtcode, districtname, wardcode, wardname, barcode, fax, sourceid, referraluserid, note, avatar, zaloid, date, titleid, agentid, weight, healthinsurancecardnumber, calendarlastnotifack, createdbyid, writebyid, datecreated, lastupdated, iscompany, ishead, hotline, website, countryid, stateid, type, userid, stageid, sequencenumber, sequenceprefix, birthdaycustomerstate, customerthankstate, emergencyphone, lasttreatmentcompletedate, treatmentstatus, taxcode, unitaddress, unitname, customername, invoicereceivingmethod, isbusinessinvoice, personaladdress, personalname, receiveremail, receiverzalonumber, personalidentitycard, personaltaxcode, citycodev2, citynamev2, identitynumber, usedaddressv2, wardcodev2, wardnamev2, age, contactstatusid, customerstatus, marketingstaffid, potentiallevel, marketingteamid, saleteamid, isdeleted, password_hash, last_login, cskhid, salestaffid, isdoctor, isassistant, isreceptionist, startworkdate, wage, allowance, hrjobid, face_subject_id, face_registered_at) FROM stdin;
e9fd09c2-e3be-4c59-88e0-b1030040130f	[T4944] Nguyễn Thị Thanh	Nguyễn Thị Thanh	Nguyen Thi Thanh	\N	0908177761	\N	f	t	f	f	b178d5ee-d9ac-477e-088e-08db9a4c4cf4	T4944	\N	t	f	female	\N	\N	\N	\N	\N	\N	\N	\N	\N	\N	\N	\N	\N	82fc6269-37a3-4702-8889-afe3007cf044	\N	\N	\N	\N	2024-01-26 00:00:00	\N	\N	\N	\N	2024-01-26 10:53:17.275413	8a553679-4de6-496c-8cf3-a25b09f124b4	2eb12148-bf3f-4694-8f3e-0a7db0815502	2024-01-26 10:53:17.275415	2024-10-01 17:53:52.536776	f	f	\N	\N	1ab9c25c-c6ca-4c05-9042-b0670114aee9	\N	contact	\N	\N	4944	T	\N	\N	\N	\N	\N	\N	\N	\N	\N	\N	f	\N	\N	\N	\N	\N	\N	\N	\N	\N	\N	\N	\N	\N	\N	\N	\N	\N	\N	\N	f	\N	\N	\N	\N	f	f	f	\N	\N	\N	\N	\N	\N
a62414fe-b577-41a2-84d1-b14d008dc0c5	[T6771] NGUYỄN THỊ UYÊN	NGUYỄN THỊ UYÊN	NGUYEN THI UYEN	\N	0843656412	\N	f	t	f	f	765f6593-2b19-4d06-cc8c-08dc4d479451	T6771	Tư vấn niềng răng 	t	f	female	DungBtt	2002	5	24	\N	74	Tỉnh Bình Dương	\N	\N	\N	\N	\N	\N	f3efa245-838e-4b5a-b8f6-afe3007ce234	\N	\N	\N	\N	2024-04-09 00:00:00	096ad7ef-bbf1-4a2e-ae77-afe30052abca	\N	\N	\N	2024-04-09 15:36:06.413583	816d038b-856e-4227-9b19-9cac831fe139	aedc7e28-b6c1-44e0-a895-8524012c03e4	2024-04-09 15:36:06.413585	2024-04-10 20:36:30.672043	f	f	\N	\N	1ab9c25c-c6ca-4c05-9042-b0670114aee9	\N	contact	\N	\N	\N	\N	\N	\N	\N	\N	\N	\N	\N	\N	\N	\N	f	\N	\N	\N	\N	\N	\N	\N	\N	\N	\N	\N	\N	24	\N	\N	\N	\N	\N	\N	f	\N	\N	\N	\N	f	f	f	\N	\N	\N	\N	\N	\N
140d4c43-227b-4a1f-93e7-b17400aa26b1	[T8126] Vũ Hữu Đạt	Vũ Hữu Đạt	Vu Huu Dat	\N	0388682636	\N	f	t	f	f	cad65000-6ff3-47c7-cc8d-08dc4d479451	T8126	Tư vấn niềng răng 	t	f	male	nhunght	\N	\N	\N	\N	\N	\N	\N	\N	\N	\N	\N	\N	f3efa245-838e-4b5a-b8f6-afe3007ce234	\N	\N	\N	\N	2024-05-18 00:00:00	\N	\N	\N	\N	2024-05-18 17:19:30.082489	a5e29ed2-853c-4e2b-9fb6-0506732dbf1f	a5e29ed2-853c-4e2b-9fb6-0506732dbf1f	2024-05-18 17:19:30.082492	2024-05-18 17:19:30.082493	f	f	\N	\N	1ab9c25c-c6ca-4c05-9042-b0670114aee9	\N	contact	\N	\N	\N	\N	\N	\N	\N	\N	\N	\N	\N	\N	\N	\N	f	\N	\N	\N	\N	\N	\N	\N	\N	\N	\N	\N	\N	\N	\N	\N	\N	\N	\N	\N	f	\N	\N	\N	\N	f	f	f	\N	\N	\N	\N	\N	\N
e2972973-56ed-4b6e-a411-b1760022319c	[T8160] Đặng Thị Hồng Thúy	Đặng Thị Hồng Thúy	Dang Thi Hong Thuy	\N	0977407980	\N	f	t	f	f	b178d5ee-d9ac-477e-088e-08db9a4c4cf4	T8160	Sdt khác: 0376097208	t	f	female	\N	1964	\N	\N	\N	\N	\N	\N	\N	\N	\N	\N	\N	82fc6269-37a3-4702-8889-afe3007cf044	\N	\N	\N	\N	2024-05-20 00:00:00	\N	\N	\N	\N	2024-05-20 09:04:29.747179	2eb12148-bf3f-4694-8f3e-0a7db0815502	2eb12148-bf3f-4694-8f3e-0a7db0815502	2024-05-20 09:04:29.747182	2024-05-25 09:32:22.812513	f	f	\N	\N	1ab9c25c-c6ca-4c05-9042-b0670114aee9	\N	contact	\N	\N	\N	\N	\N	\N	\N	\N	\N	\N	\N	\N	\N	\N	f	\N	\N	\N	\N	\N	\N	\N	\N	\N	\N	\N	\N	62	\N	\N	\N	\N	\N	\N	f	\N	\N	\N	\N	f	f	f	\N	\N	\N	\N	\N	\N
80953c05-6320-4feb-b31e-b1ce00c73f79	[T11028] Nguyễn Thị Nguyệt	Nguyễn Thị Nguyệt	Nguyen Thi Nguyet	\N	0912866856	\N	f	t	f	f	cad65000-6ff3-47c7-cc8d-08dc4d479451	T11028	\N	t	f	female	\N	1964	\N	\N	\N	\N	\N	\N	\N	\N	\N	\N	\N	c7b3d31a-6325-4cf7-abae-afe3007cf6f8	\N	\N	\N	\N	2024-08-16 00:00:00	\N	\N	\N	\N	2024-08-16 19:05:26.372874	34faeb06-ee46-4277-bb29-544c49a99771	34faeb06-ee46-4277-bb29-544c49a99771	2024-08-16 19:05:26.372876	2024-08-19 12:20:53.239594	f	f	\N	\N	\N	\N	contact	\N	\N	11028	T	\N	1	\N	\N	\N	\N	\N	\N	\N	\N	f	\N	\N	\N	\N	\N	\N	\N	\N	\N	\N	\N	\N	62	\N	\N	\N	\N	\N	\N	f	\N	\N	\N	\N	f	f	f	\N	\N	\N	\N	\N	\N
7f38b288-2f0f-4caa-81ac-b217003b3c31	[T042342] NGUYỄN THỊ NHƯ NGỌC	NGUYỄN THỊ NHƯ NGỌC	NGUYEN THI NHU NGOC	\N	0387606489	\N	f	t	f	f	6861c928-0e13-4664-c781-08dcdfa45074	T042342	Tư vấn răng sứ 	t	f	female	DungBtt	\N	\N	\N	\N	\N	\N	\N	\N	\N	\N	\N	\N	f3efa245-838e-4b5a-b8f6-afe3007ce234	\N	\N	\N	\N	2024-10-28 00:00:00	e8db49c0-2290-47cb-9f09-afe30052abca	\N	\N	\N	2024-10-28 10:35:40.110442	816d038b-856e-4227-9b19-9cac831fe139	45119c4a-ee11-4b5d-9df6-8d0fd9d7a25d	2024-10-28 10:35:40.110447	2024-10-28 19:44:09.662922	f	f	\N	\N	1ab9c25c-c6ca-4c05-9042-b0670114aee9	\N	contact	\N	\N	42342	T	\N	1	\N	\N	\N	\N	\N	\N	\N	\N	f	\N	\N	\N	\N	\N	\N	\N	\N	\N	\N	\N	\N	\N	\N	\N	\N	\N	\N	\N	f	\N	\N	\N	\N	f	f	f	\N	\N	\N	\N	\N	\N
c977958d-09c6-4067-8f4d-b24c00353bcf	[T043901] Nguyễn Lan Phương (Lucy Phương Nguyễn)	Nguyễn Lan Phương (Lucy Phương Nguyễn)	Nguyen Lan Phuong (Lucy Phuong Nguyen)	\N	0973035522	\N	f	t	f	f	cad65000-6ff3-47c7-cc8d-08dc4d479451	T043901	\N	t	f	female	\N	\N	\N	\N	\N	\N	\N	\N	\N	\N	\N	\N	\N	\N	\N	\N	\N	\N	2024-12-20 00:00:00	\N	\N	\N	\N	2024-12-20 10:13:49.062602	34faeb06-ee46-4277-bb29-544c49a99771	34faeb06-ee46-4277-bb29-544c49a99771	2024-12-20 10:13:49.062606	2025-03-18 17:19:19.876534	f	f	\N	\N	1ab9c25c-c6ca-4c05-9042-b0670114aee9	\N	contact	\N	\N	43901	T	\N	1	\N	\N	sale	\N	\N	\N	\N	\N	f	\N	\N	\N	\N	\N	\N	\N	\N	\N	\N	\N	\N	\N	\N	\N	\N	\N	\N	\N	f	\N	\N	\N	\N	f	f	f	\N	\N	\N	\N	\N	\N
2da1bae8-d8e2-4a85-9da8-b25f0077382c	[T044356] LÊ HỒNG KHANH	LÊ HỒNG KHANH	LE HONG KHANH	\N	0902493006	\N	f	t	f	f	6861c928-0e13-4664-c781-08dcdfa45074	T044356	\N	t	f	male	\N	1997	12	5	\N	\N	\N	\N	\N	\N	\N	\N	\N	82fc6269-37a3-4702-8889-afe3007cf044	\N	\N	\N	\N	2025-01-08 00:00:00	\N	\N	\N	\N	2025-01-08 14:14:03.880661	c727fe8c-bce6-4296-8836-647d6dd3fc6f	c727fe8c-bce6-4296-8836-647d6dd3fc6f	2025-01-08 14:14:03.880663	2025-01-13 15:53:35.117348	f	f	\N	\N	1ab9c25c-c6ca-4c05-9042-b0670114aee9	\N	contact	\N	\N	44356	T	\N	1	\N	\N	sale	\N	\N	\N	\N	\N	f	\N	\N	\N	\N	\N	\N	\N	\N	\N	\N	\N	\N	29	\N	\N	\N	\N	\N	\N	f	\N	\N	\N	\N	f	f	f	\N	\N	\N	\N	\N	\N
498c13ed-3f68-4c4f-b461-b28b003c173e	[T045826] Trần Ngọc Kim Tỷ	Trần Ngọc Kim Tỷ	Tran Ngoc Kim Ty	\N	0938256419	\N	f	t	f	f	b178d5ee-d9ac-477e-088e-08db9a4c4cf4	T045826	\N	t	f	female	TrangTL	\N	\N	\N	\N	\N	\N	\N	\N	\N	\N	\N	\N	f3efa245-838e-4b5a-b8f6-afe3007ce234	\N	\N	\N	\N	2025-02-21 00:00:00	\N	\N	\N	\N	2025-02-21 10:38:47.033159	343de624-f1f6-467f-8bb7-3960d50f868a	de5ceb25-27e1-44cd-8529-19cacbbdec40	2025-02-21 10:38:47.033162	2025-12-27 19:19:36.599451	f	f	\N	\N	1ab9c25c-c6ca-4c05-9042-b0670114aee9	\N	contact	\N	\N	45826	T	\N	1	\N	\N	sale	\N	\N	\N	\N	\N	f	\N	\N	\N	\N	\N	\N	\N	\N	\N	\N	\N	\N	\N	\N	\N	\N	\N	\N	\N	f	\N	\N	\N	\N	f	f	f	\N	\N	\N	\N	\N	\N
0958759d-2985-4323-8807-b2e8007b4e9d	[T049475] Ngô Trí Nguyên 	Ngô Trí Nguyên 	Ngo Tri Nguyen 	\N	0933449696	\N	f	t	f	f	cad65000-6ff3-47c7-cc8d-08dc4d479451	T049475	\N	t	f	male	\N	2018	12	22	\N	\N	\N	\N	\N	\N	\N	\N	\N	82fc6269-37a3-4702-8889-afe3007cf044	\N	\N	\N	\N	2025-05-25 00:00:00	962b8c06-820b-430d-b392-afe30052abca	\N	\N	\N	2025-05-25 14:28:56.840856	34faeb06-ee46-4277-bb29-544c49a99771	519b9e4b-9949-4422-bacc-6f17c1f4031e	2025-05-25 14:28:56.840859	2025-11-06 15:40:04.459328	f	f	\N	\N	1ab9c25c-c6ca-4c05-9042-b0670114aee9	\N	contact	\N	\N	49475	T	\N	\N	\N	\N	sale	\N	\N	\N	\N	\N	f	\N	\N	\N	\N	\N	\N	\N	\N	\N	f	\N	\N	8	\N	\N	\N	\N	\N	\N	f	\N	\N	\N	\N	f	f	f	\N	\N	\N	\N	\N	\N
e669a2b7-9733-4ef6-9feb-b2fe0098a9f5	[T050261] TRẦN NHẬT DUY - G	TRẦN NHẬT DUY - G	TRAN NHAT DUY - G	\N	0778998033	\N	f	t	f	f	c6b4b453-d260-46d4-4fd9-08db24f7ae8e	T050261	YẾN YẾN GTH	t	f	male	\N	1991	\N	\N	\N	79	Thành phố Hồ Chí Minh	769	Thành phố Thủ Đức	\N	\N	\N	\N	c7b3d31a-6325-4cf7-abae-afe3007cf6f8	\N	\N	\N	\N	2025-06-16 00:00:00	962b8c06-820b-430d-b392-afe30052abca	\N	\N	\N	2025-06-16 16:15:49.934617	b4ce78f5-c73f-4f36-888a-914287165026	b4ce78f5-c73f-4f36-888a-914287165026	2025-06-16 16:15:49.934619	2025-06-17 16:23:10.65679	f	f	\N	\N	1ab9c25c-c6ca-4c05-9042-b0670114aee9	\N	contact	\N	\N	50261	T	\N	\N	\N	\N	sale	\N	\N	\N	\N	none	f	\N	\N	\N	\N	\N	\N	\N	\N	\N	\N	\N	\N	35	\N	\N	\N	\N	\N	\N	f	\N	\N	\N	\N	f	f	f	\N	\N	\N	\N	\N	\N
06364188-d7e1-421b-a409-b3030060b209	[T050466] NGUYỄN QUANG TOẢN (0979199660) - G1 	NGUYỄN QUANG TOẢN (0979199660) - G1 	NGUYEN QUANG TOAN (0979199660) - G1 	\N	0946128168	\N	f	t	f	f	c6b4b453-d260-46d4-4fd9-08db24f7ae8e	T050466	KIÊN GIỚI THIỆU	t	f	male	CSKH : HUỲNH 	1990	9	2	\N	\N	\N	\N	\N	\N	\N	\N	\N	c7b3d31a-6325-4cf7-abae-afe3007cf6f8	\N	\N	\N	\N	2025-06-21 00:00:00	\N	\N	\N	\N	2025-06-21 12:52:03.443613	b4ce78f5-c73f-4f36-888a-914287165026	b4ce78f5-c73f-4f36-888a-914287165026	2025-06-21 12:52:03.443616	2025-08-16 14:57:56.926853	f	f	\N	\N	1ab9c25c-c6ca-4c05-9042-b0670114aee9	\N	contact	\N	\N	50466	T	\N	\N	\N	\N	sale	\N	\N	\N	\N	none	f	\N	\N	\N	\N	\N	\N	\N	\N	\N	\N	\N	\N	36	\N	\N	\N	\N	\N	\N	f	\N	\N	\N	\N	f	f	f	\N	\N	\N	\N	\N	\N
fa3f3aa0-2bc9-4656-8029-b30a0064edf2	[T050774] HUỲNH THỊ HỒNG GẤM	HUỲNH THỊ HỒNG GẤM	HUYNH THI HONG GAM	BÌNH CHÁNH	0788851426	\N	f	t	f	f	6861c928-0e13-4664-c781-08dcdfa45074	T050774	Tư vấn răng sứ	t	f	female	AnhVL	2002	8	10	\N	\N	\N	\N	\N	\N	\N	\N	\N	f3efa245-838e-4b5a-b8f6-afe3007ce234	\N	\N	\N	\N	2025-06-28 00:00:00	\N	\N	\N	\N	2025-06-28 13:07:28.377888	c0a08fa8-569c-4ac9-9f41-57089701b2f2	9f14688a-8e2d-40e7-850d-19f1abae8b63	2025-06-28 13:07:28.377889	2025-08-21 13:36:30.957494	f	f	\N	\N	1ab9c25c-c6ca-4c05-9042-b0670114aee9	\N	contact	c0a08fa8-569c-4ac9-9f41-57089701b2f2	\N	50774	T	\N	\N	\N	\N	sale	\N	\N	\N	\N	none	f	\N	\N	\N	\N	\N	\N	\N	\N	\N	\N	\N	\N	24	\N	\N	\N	\N	\N	\N	f	\N	\N	\N	\N	f	f	f	\N	\N	\N	\N	\N	\N
804e1102-7e0f-42b6-8158-b342003f49b5	[T053176] ĐẶNG NGỌC MINH THƯ	ĐẶNG NGỌC MINH THƯ	DANG NGOC MINH THU	\N	0909197570	\N	f	t	f	f	6861c928-0e13-4664-c781-08dcdfa45074	T053176	\N	t	f	female	\N	2013	1	1	\N	79	Thành phố Hồ Chí Minh	786	Huyện Nhà Bè	\N	\N	\N	\N	\N	\N	\N	\N	\N	2025-08-23 00:00:00	\N	\N	\N	\N	2025-08-23 10:50:25.456477	f879eaed-e8df-4b2f-91ae-e0409eabb639	9f14688a-8e2d-40e7-850d-19f1abae8b63	2025-08-23 10:50:25.456481	2025-08-23 12:00:17.791989	f	f	\N	\N	1ab9c25c-c6ca-4c05-9042-b0670114aee9	\N	contact	\N	\N	53176	T	\N	\N	\N	\N	sale	\N	\N	\N	\N	none	f	\N	\N	\N	\N	\N	\N	\N	\N	\N	f	\N	\N	13	\N	\N	\N	\N	\N	\N	f	\N	\N	\N	\N	f	f	f	\N	\N	\N	\N	\N	\N
4da68ebf-0e77-4f33-a5f3-b34d00423c10	[T053491] Nguyễn Thu Huyền	Nguyễn Thu Huyền	Nguyen Thu Huyen	\N	0394990097	\N	f	t	f	f	cad65000-6ff3-47c7-cc8d-08dc4d479451	T053491	\N	t	f	female	TrangNTH	\N	\N	\N	\N	\N	\N	\N	\N	\N	\N	\N	\N	f3efa245-838e-4b5a-b8f6-afe3007ce234	\N	\N	\N	\N	2025-09-03 00:00:00	\N	\N	\N	\N	2025-09-03 11:01:09.173853	628be5fe-ecec-4919-829e-871dfb5006ef	34faeb06-ee46-4277-bb29-544c49a99771	2025-09-03 11:01:09.173856	2025-09-03 16:35:04.951148	f	f	\N	\N	\N	\N	contact	\N	\N	53491	T	\N	\N	\N	\N	sale	\N	\N	\N	\N	\N	f	\N	\N	\N	\N	\N	\N	\N	\N	\N	\N	\N	\N	\N	\N	\N	\N	\N	\N	\N	f	\N	\N	\N	\N	f	f	f	\N	\N	\N	\N	\N	\N
10f79eec-0965-4397-aeeb-b35400ab5326	[T053824] NGUYỄN THANH HIỂN	NGUYỄN THANH HIỂN	NGUYEN THANH HIEN	401/54 NGUYỄN VĂN KHỐI , GÒ VẤP	0399638858	\N	f	t	f	f	765f6593-2b19-4d06-cc8c-08dc4d479451	T053824	Tư vấn niềng răng 	t	f	male	DungBtt	2004	6	13	\N	\N	\N	\N	\N	\N	\N	\N	\N	f3efa245-838e-4b5a-b8f6-afe3007ce234	\N	\N	\N	\N	2025-09-10 00:00:00	e8db49c0-2290-47cb-9f09-afe30052abca	\N	\N	\N	2025-09-10 17:23:46.471804	816d038b-856e-4227-9b19-9cac831fe139	07133b25-d559-419c-ae04-ddb4545df960	2025-09-10 17:23:46.471806	2026-02-11 13:48:20.442938	f	f	\N	\N	1ab9c25c-c6ca-4c05-9042-b0670114aee9	\N	contact	816d038b-856e-4227-9b19-9cac831fe139	\N	53824	T	\N	\N	\N	\N	sale	\N	\N	\N	\N	none	f	\N	\N	\N	\N	\N	\N	\N	\N	\N	t	\N	\N	22	\N	\N	\N	\N	\N	\N	f	\N	\N	\N	\N	f	f	f	\N	\N	\N	\N	\N	\N
281f07e9-1916-4f3f-95d7-b3660060ccaa	[T054452] ỨC NỮ KIM XOAN	ỨC NỮ KIM XOAN	UC NU KIM XOAN	\N	0586490330	\N	f	t	f	f	f0f6361e-b99d-4ac7-4108-08dd8159c64a	T054452	\N	t	f	female	\N	2005	\N	\N	\N	\N	\N	\N	\N	\N	\N	\N	\N	82fc6269-37a3-4702-8889-afe3007cf044	\N	\N	\N	\N	2025-09-28 00:00:00	\N	\N	\N	\N	2025-09-28 12:52:26.167444	47f96103-8fad-4d6e-ba79-9eb01eaa5451	d67346f6-837e-499d-8e8f-0eea533fcd4c	2025-09-28 12:52:26.167446	2025-09-29 11:33:00.645918	f	f	\N	\N	1ab9c25c-c6ca-4c05-9042-b0670114aee9	\N	contact	\N	\N	54452	T	\N	\N	\N	\N	sale	\N	\N	\N	\N	none	f	\N	\N	\N	\N	\N	\N	\N	\N	\N	t	\N	\N	21	\N	\N	\N	\N	\N	\N	f	\N	\N	\N	\N	f	f	f	\N	\N	\N	\N	\N	\N
fd51b881-a221-4469-9c28-b37800215caa	[T055132] PHẠM THỊ KIỀU OANH	PHẠM THỊ KIỀU OANH	PHAM THI KIEU OANH	Đường Bình Hưng	0792538285	\N	f	t	f	f	f0f6361e-b99d-4ac7-4108-08dd8159c64a	T055132	\N	t	f	female	VanVC	2003	10	14	\N	\N	\N	\N	\N	\N	\N	\N	\N	f3efa245-838e-4b5a-b8f6-afe3007ce234	\N	\N	\N	\N	2025-10-16 00:00:00	\N	\N	\N	\N	2025-10-16 09:01:28.034512	2b860551-c401-48a3-ac11-4286e01fca87	47f96103-8fad-4d6e-ba79-9eb01eaa5451	2025-10-16 09:01:28.034516	2025-11-24 13:44:26.40147	f	f	\N	\N	1ab9c25c-c6ca-4c05-9042-b0670114aee9	\N	contact	2b860551-c401-48a3-ac11-4286e01fca87	\N	55132	T	\N	\N	\N	\N	sale	\N	\N	\N	\N	none	f	\N	\N	\N	\N	\N	\N	79	Thành phố Hồ Chí Minh	\N	t	27619	Xã Bình Hưng	23	\N	\N	\N	\N	\N	\N	f	\N	\N	\N	\N	f	f	f	\N	\N	\N	\N	\N	\N
a7640271-7120-4917-904c-b388003ba146	[T055673] Nguyễn Hữu Thịnh	Nguyễn Hữu Thịnh	Nguyen Huu Thinh	\N	0846588595	\N	f	t	f	f	b178d5ee-d9ac-477e-088e-08db9a4c4cf4	T055673	\N	t	f	male	TrangNTH	2006	\N	\N	\N	\N	\N	\N	\N	\N	\N	\N	\N	f3efa245-838e-4b5a-b8f6-afe3007ce234	\N	\N	\N	\N	2025-11-01 00:00:00	\N	\N	\N	\N	2025-11-01 10:37:06.366873	628be5fe-ecec-4919-829e-871dfb5006ef	de5ceb25-27e1-44cd-8529-19cacbbdec40	2025-11-01 10:37:06.366876	2025-12-07 17:55:34.105577	f	f	\N	\N	1ab9c25c-c6ca-4c05-9042-b0670114aee9	\N	contact	628be5fe-ecec-4919-829e-871dfb5006ef	\N	55673	T	\N	\N	\N	\N	sale	\N	\N	\N	\N	none	f	\N	\N	\N	\N	\N	\N	\N	\N	\N	t	\N	\N	20	\N	\N	\N	\N	\N	\N	f	\N	\N	\N	\N	f	f	f	\N	\N	\N	\N	\N	\N
a918ec28-0fdd-4671-8744-b38800685e88	[T055689] CAO HÀ TIÊN - G	CAO HÀ TIÊN - G	CAO HA TIEN - G	2/A BẠCH ĐẰNG, PHƯỜNG 2 TÂN BÌNH 	0765431477	\N	f	t	f	f	765f6593-2b19-4d06-cc8c-08dc4d479451	T055689	[T8692] ĐẶNG NGUYỄN KHÁNH AN\nGT	t	f	female	LYBAEE	2008	2	4	\N	\N	\N	\N	\N	\N	\N	\N	\N	c7b3d31a-6325-4cf7-abae-afe3007cf6f8	\N	\N	\N	\N	2025-11-01 00:00:00	\N	\N	\N	\N	2025-11-01 13:19:59.811561	07133b25-d559-419c-ae04-ddb4545df960	07133b25-d559-419c-ae04-ddb4545df960	2025-11-01 13:19:59.811563	2026-02-07 17:09:06.592042	f	f	\N	\N	1ab9c25c-c6ca-4c05-9042-b0670114aee9	\N	contact	\N	\N	55689	T	\N	\N	\N	\N	sale	\N	\N	\N	\N	none	f	\N	\N	\N	\N	\N	\N	\N	\N	\N	t	\N	\N	18	\N	\N	\N	\N	\N	\N	f	\N	\N	\N	\N	f	f	f	\N	\N	\N	\N	\N	\N
3dc647ea-698d-4038-94e6-b38a0022baa8	[T055760] NGUYỄN THỊ NGỌC TRANG (ACB)	NGUYỄN THỊ NGỌC TRANG (ACB)	NGUYEN THI NGOC TRANG (ACB)	\N	0364998608	\N	f	t	f	f	f0f6361e-b99d-4ac7-4108-08dd8159c64a	T055760	\N	t	f	female	\N	1991	\N	\N	\N	\N	\N	\N	\N	\N	\N	\N	\N	82fc6269-37a3-4702-8889-afe3007cf044	\N	\N	\N	\N	2025-11-03 00:00:00	\N	\N	\N	\N	2025-11-03 09:06:26.693141	47f96103-8fad-4d6e-ba79-9eb01eaa5451	d67346f6-837e-499d-8e8f-0eea533fcd4c	2025-11-03 09:06:26.693144	2025-11-03 17:26:26.063122	f	f	\N	\N	1ab9c25c-c6ca-4c05-9042-b0670114aee9	\N	contact	\N	\N	55760	T	\N	\N	\N	\N	sale	\N	\N	\N	\N	none	f	\N	\N	\N	\N	\N	\N	\N	\N	\N	t	\N	\N	35	\N	\N	\N	\N	\N	\N	f	\N	\N	\N	\N	f	f	f	\N	\N	\N	\N	\N	\N
a5a89433-420a-40dd-801c-b39000b34540	[T055990] NGÔ THỊ PHƯƠNG	NGÔ THỊ PHƯƠNG	NGO THI PHUONG	\N	0769587502	\N	f	t	f	f	765f6593-2b19-4d06-cc8c-08dc4d479451	T055990	\N	t	f	female	NganTK	\N	\N	\N	\N	\N	\N	\N	\N	\N	\N	\N	\N	f3efa245-838e-4b5a-b8f6-afe3007ce234	\N	\N	\N	\N	2025-11-09 00:00:00	\N	\N	\N	\N	2025-11-09 17:52:42.237355	f228b5c0-e26b-4825-bd80-08393b2a44e7	07133b25-d559-419c-ae04-ddb4545df960	2025-11-09 17:52:42.237357	2026-02-10 14:37:22.188893	f	f	\N	\N	1ab9c25c-c6ca-4c05-9042-b0670114aee9	\N	contact	f228b5c0-e26b-4825-bd80-08393b2a44e7	\N	55990	T	\N	\N	\N	\N	sale	\N	\N	\N	\N	none	f	\N	\N	\N	\N	\N	\N	\N	\N	\N	t	\N	\N	\N	\N	\N	\N	\N	\N	\N	f	\N	\N	\N	\N	f	f	f	\N	\N	\N	\N	\N	\N
250c1ff6-8b5e-4bc6-9ac3-b3ad007ca9b0	[T056982] DƯƠNG NHẬT AN	DƯƠNG NHẬT AN	DUONG NHAT AN	\N	0936666321	\N	f	t	f	f	c6b4b453-d260-46d4-4fd9-08db24f7ae8e	T056982	Tư vấn niềng răng	t	f	female	AnhVL	1987	\N	\N	\N	79	Thành phố Hồ Chí Minh	768	Quận Phú Nhuận	\N	\N	\N	\N	f3efa245-838e-4b5a-b8f6-afe3007ce234	\N	\N	\N	\N	2025-12-08 00:00:00	\N	\N	\N	\N	2025-12-08 14:33:53.011243	c0a08fa8-569c-4ac9-9f41-57089701b2f2	b4ce78f5-c73f-4f36-888a-914287165026	2025-12-08 14:33:53.011245	2025-12-31 15:45:31.469992	f	f	\N	\N	1ab9c25c-c6ca-4c05-9042-b0670114aee9	\N	contact	c0a08fa8-569c-4ac9-9f41-57089701b2f2	\N	56982	T	\N	\N	\N	\N	sale	\N	\N	\N	\N	none	f	\N	\N	\N	\N	\N	\N	\N	\N	\N	f	\N	\N	39	\N	\N	\N	\N	\N	\N	f	\N	\N	\N	\N	f	f	f	\N	\N	\N	\N	\N	\N
c928ee81-c3c1-4f56-9d0c-b3b20042e2db	[T057129] QUÁCH ĐẶNG QUỲNH ANH	QUÁCH ĐẶNG QUỲNH ANH	QUACH DANG QUYNH ANH	\N	0784958752	\N	f	t	f	f	c6b4b453-d260-46d4-4fd9-08db24f7ae8e	T057129	Tư vấn niềng răng 	t	f	female	DungBtt	2011	10	19	\N	\N	\N	\N	\N	\N	\N	\N	\N	f3efa245-838e-4b5a-b8f6-afe3007ce234	\N	\N	\N	\N	2025-12-13 04:01:47.16	e8db49c0-2290-47cb-9f09-afe30052abca	\N	\N	\N	2025-12-13 11:03:31.504076	816d038b-856e-4227-9b19-9cac831fe139	b4ce78f5-c73f-4f36-888a-914287165026	2025-12-13 11:03:31.504078	2025-12-17 10:18:58.802266	f	f	\N	\N	1ab9c25c-c6ca-4c05-9042-b0670114aee9	\N	contact	816d038b-856e-4227-9b19-9cac831fe139	\N	57129	T	\N	\N	\N	\N	none	\N	\N	\N	\N	none	f	\N	\N	\N	\N	\N	\N	\N	\N	\N	t	\N	\N	15	\N	\N	\N	\N	\N	\N	f	\N	\N	\N	\N	f	f	f	\N	\N	\N	\N	\N	\N
79d56f7b-0572-424f-aa97-b3b30065fa75	[T057179] TRẦN PHƯƠNG ANH	TRẦN PHƯƠNG ANH	TRAN PHUONG ANH	\N	0786731755	\N	f	t	f	f	f0f6361e-b99d-4ac7-4108-08dd8159c64a	T057179	Tư vấn niềng răng	t	f	female	AnhVL	\N	\N	\N	\N	\N	\N	\N	\N	\N	\N	\N	\N	f3efa245-838e-4b5a-b8f6-afe3007ce234	\N	\N	\N	\N	2025-12-14 06:10:49.068	\N	\N	\N	\N	2025-12-14 13:11:17.509004	c0a08fa8-569c-4ac9-9f41-57089701b2f2	47f96103-8fad-4d6e-ba79-9eb01eaa5451	2025-12-14 13:11:17.509006	2025-12-15 14:57:30.136634	f	f	\N	\N	1ab9c25c-c6ca-4c05-9042-b0670114aee9	\N	contact	c0a08fa8-569c-4ac9-9f41-57089701b2f2	\N	57179	T	\N	\N	\N	\N	sale	\N	\N	\N	\N	none	f	\N	\N	\N	\N	\N	\N	\N	\N	\N	t	\N	\N	\N	\N	\N	\N	\N	\N	\N	f	\N	\N	\N	\N	f	f	f	\N	\N	\N	\N	\N	\N
45fe0ac9-60cf-499a-81ed-b3d900a5e292	[T058892] NGUYỄN THỊ NHƯ Ý	NGUYỄN THỊ NHƯ Ý	NGUYEN THI NHU Y	579/70 QUANG TRUNG , P11 , GÒ VẤP	0353993861	\N	f	t	f	f	765f6593-2b19-4d06-cc8c-08dc4d479451	T058892	Tư  vấn niềng răng	t	f	female	AnhVL	2007	10	10	\N	\N	\N	\N	\N	\N	\N	\N	\N	f3efa245-838e-4b5a-b8f6-afe3007ce234	\N	\N	\N	\N	2026-01-21 10:03:37.506	\N	\N	\N	\N	2026-01-21 17:03:58.138563	c0a08fa8-569c-4ac9-9f41-57089701b2f2	07133b25-d559-419c-ae04-ddb4545df960	2026-01-21 17:03:58.138565	2026-01-24 18:32:50.366252	f	f	\N	\N	1ab9c25c-c6ca-4c05-9042-b0670114aee9	\N	contact	c0a08fa8-569c-4ac9-9f41-57089701b2f2	\N	58892	T	\N	\N	\N	\N	sale	\N	\N	\N	\N	none	f	\N	\N	\N	\N	\N	\N	\N	\N	\N	t	\N	\N	19	\N	\N	\N	\N	\N	\N	f	\N	\N	\N	\N	f	f	f	\N	\N	\N	\N	\N	\N
541bd083-7b08-4b7a-9517-b3db007928c7	[T058987] LƯU NGỌC THUÝ VY	LƯU NGỌC THUÝ VY	LUU NGOC THUY VY	QUẬN 8	0345935433	\N	f	t	f	f	f0f6361e-b99d-4ac7-4108-08dd8159c64a	T058987	Tư vấn niềng răng 	t	f	female	DungBtt	2007	8	11	\N	\N	\N	\N	\N	\N	\N	\N	\N	f3efa245-838e-4b5a-b8f6-afe3007ce234	\N	\N	\N	\N	2026-01-23 07:20:45.391	e8db49c0-2290-47cb-9f09-afe30052abca	\N	\N	\N	2026-01-23 14:21:07.648803	816d038b-856e-4227-9b19-9cac831fe139	47f96103-8fad-4d6e-ba79-9eb01eaa5451	2026-01-23 14:21:07.648809	2026-01-27 17:24:22.301116	f	f	\N	\N	1ab9c25c-c6ca-4c05-9042-b0670114aee9	\N	contact	816d038b-856e-4227-9b19-9cac831fe139	\N	58987	T	\N	\N	\N	\N	sale	\N	\N	\N	\N	none	f	\N	\N	\N	\N	\N	\N	\N	\N	\N	t	\N	\N	19	\N	\N	\N	\N	\N	\N	f	\N	\N	\N	\N	f	f	f	\N	\N	\N	\N	\N	\N
34f9945d-a2b3-4a7b-bbc5-b3e70045e958	[T059530] NGUYỄN NGÔ QUỲNH TRÂM 	NGUYỄN NGÔ QUỲNH TRÂM 	NGUYEN NGO QUYNH TRAM 	\N	0334112346	\N	f	t	f	f	6861c928-0e13-4664-c781-08dcdfa45074	T059530	TV NIỀNG 	t	f	female	NganTK	2006	10	25	\N	\N	\N	\N	\N	\N	\N	\N	\N	f3efa245-838e-4b5a-b8f6-afe3007ce234	\N	\N	\N	\N	2026-02-04 04:14:38.942	\N	\N	\N	\N	2026-02-04 11:14:32.399209	f228b5c0-e26b-4825-bd80-08393b2a44e7	14901ece-9fd9-4f5a-8921-423ca8c120dc	2026-02-04 11:14:32.399211	2026-02-05 16:25:20.448757	f	f	\N	\N	1ab9c25c-c6ca-4c05-9042-b0670114aee9	\N	contact	f228b5c0-e26b-4825-bd80-08393b2a44e7	\N	59530	T	\N	\N	\N	\N	none	\N	\N	\N	\N	none	f	\N	\N	\N	\N	\N	\N	79	Thành phố Hồ Chí Minh	\N	t	\N	\N	20	\N	\N	\N	\N	\N	\N	f	\N	\N	\N	\N	f	f	f	\N	\N	\N	\N	\N	\N
21734bc3-68ae-40f3-91a4-afc7006cf314	Tấm Dentist	Tấm Dentist	Tam Dentist	298 Nguyễn Thị Minh Khai	\N	trungkien150495@gmail.com	f	f	f	f	c6b4b453-d260-46d4-4fd9-08db24f7ae8e	\N	\N	t	f	male	\N	\N	\N	\N	\N	79	Thành phố Hồ Chí Minh	770	Quận 3	27151	Phường 05	\N	\N	\N	\N	\N	\N	\N	2023-03-16 00:00:00	\N	\N	\N	\N	2023-03-16 13:36:40.384564	\N	\N	2023-03-16 13:36:40.384567	2023-03-16 13:36:40.384567	f	f	\N	\N	\N	\N	\N	\N	\N	\N	\N	\N	\N	\N	\N	\N	\N	\N	\N	\N	\N	f	\N	\N	\N	\N	\N	\N	\N	\N	\N	\N	\N	\N	\N	\N	\N	\N	\N	\N	\N	f	\N	\N	\N	\N	f	f	f	\N	\N	\N	\N	\N	\N
359155c1-89a4-4edc-95db-b05b009a2149	Tấm Dentist Thủ Đức	Tấm Dentist Thủ Đức	Tam Dentist Thu Duc	557 Kha Vạn Cân	0902501001	\N	f	f	f	f	\N	\N	\N	t	f	male	\N	\N	\N	\N	\N	79	Thành phố Hồ Chí Minh	769	Thành phố Thủ Đức	26821	Phường Linh Đông	\N	\N	\N	\N	\N	\N	\N	2023-08-11 00:00:00	\N	\N	\N	\N	2023-08-11 16:21:10.216362	b19424da-e016-41c8-b992-17181969c924	b19424da-e016-41c8-b992-17181969c924	2023-08-11 16:21:10.216364	2023-08-11 16:21:10.216365	f	f	0902501001	\N	\N	\N	\N	\N	\N	\N	\N	\N	\N	\N	\N	\N	\N	\N	\N	\N	\N	f	\N	\N	\N	\N	\N	\N	\N	\N	\N	\N	\N	\N	\N	\N	\N	\N	\N	\N	\N	f	\N	\N	\N	\N	f	f	f	\N	\N	\N	\N	\N	\N
86d44007-e3a8-4f4d-a51d-b13f003eb759	Tấm Dentist Gò Vấp	Tấm Dentist Gò Vấp	Tam Dentist Go Vap	\N	0966 080 638	\N	f	f	f	f	\N	\N	\N	t	f	male	\N	\N	\N	\N	\N	79	Thành phố Hồ Chí Minh	764	Quận Gò Vấp	26893	Phường 04	\N	\N	\N	\N	\N	\N	\N	2024-03-26 00:00:00	\N	\N	\N	\N	2024-03-26 10:48:20.562296	b19424da-e016-41c8-b992-17181969c924	b19424da-e016-41c8-b992-17181969c924	2024-03-26 10:48:20.5623	2024-03-26 10:48:20.562301	t	f	\N	\N	\N	\N	contact	\N	\N	\N	\N	\N	\N	\N	\N	\N	\N	\N	\N	\N	\N	f	\N	\N	\N	\N	\N	\N	\N	\N	\N	\N	\N	\N	\N	\N	\N	\N	\N	\N	\N	f	\N	\N	\N	\N	f	f	f	\N	\N	\N	\N	\N	\N
d73c7cd6-7be4-4356-b2b6-b13f003ed8a4	Tấm Dentist Đống Đa	Tấm Dentist Đống Đa	Tam Dentist Dong Da	\N	0966 080 638	\N	f	f	f	f	\N	\N	\N	t	f	male	\N	\N	\N	\N	\N	01	Thành phố Hà Nội	006	Quận Đống Đa	00196	Phường Hàng Bột	\N	\N	\N	\N	\N	\N	\N	2024-03-26 00:00:00	\N	\N	\N	\N	2024-03-26 10:48:48.974962	b19424da-e016-41c8-b992-17181969c924	b19424da-e016-41c8-b992-17181969c924	2024-03-26 10:48:48.974965	2024-03-26 10:48:48.974965	t	f	\N	\N	\N	\N	contact	\N	\N	\N	\N	\N	\N	\N	\N	\N	\N	\N	\N	\N	\N	f	\N	\N	\N	\N	\N	\N	\N	\N	\N	\N	\N	\N	\N	\N	\N	\N	\N	\N	\N	f	\N	\N	\N	\N	f	f	f	\N	\N	\N	\N	\N	\N
cc59d7c8-3ec4-4a2c-90a3-b1f900a4cb11	Tấm Dentist Quận 7	Tấm Dentist Quận 7	Tam Dentist Quan 7	Nguyễn Thị Thập	0926563968	\N	f	f	f	f	\N	\N	\N	t	f	male	\N	\N	\N	\N	\N	79	Thành phố Hồ Chí Minh	778	Quận 7	27490	Phường Tân Phong	\N	\N	\N	\N	\N	\N	\N	2024-09-28 00:00:00	\N	\N	\N	\N	2024-09-28 16:59:59.627465	b19424da-e016-41c8-b992-17181969c924	b19424da-e016-41c8-b992-17181969c924	2024-09-28 16:59:59.627468	2024-09-28 16:59:59.627468	t	f	\N	https://tamdentist.vn/	\N	\N	contact	\N	\N	\N	\N	\N	1	\N	\N	\N	\N	\N	\N	\N	\N	f	\N	\N	\N	\N	\N	\N	\N	\N	\N	\N	\N	\N	\N	\N	\N	\N	\N	\N	\N	f	\N	\N	\N	\N	f	f	f	\N	\N	\N	\N	\N	\N
542d9beb-ab18-4670-980e-b2c70050e717	Tấm Dentist Quận 10	Tấm Dentist Quận 10	Tam Dentist Quan 10	376 Đường 3/2 Quận 10	0977041698	\N	f	f	f	f	\N	\N	\N	t	f	male	\N	\N	\N	\N	\N	79	Thành phố Hồ Chí Minh	771	Quận 10	27172	Phường 12	\N	\N	\N	\N	\N	\N	\N	2025-04-22 00:00:00	\N	\N	\N	\N	2025-04-22 11:54:33.463539	b19424da-e016-41c8-b992-17181969c924	b19424da-e016-41c8-b992-17181969c924	2025-04-22 11:54:33.463543	2025-04-22 11:54:33.463544	t	f	\N	\N	\N	\N	contact	\N	\N	\N	\N	\N	\N	\N	\N	none	\N	\N	\N	\N	\N	f	\N	\N	\N	\N	\N	\N	\N	\N	\N	\N	\N	\N	\N	\N	\N	\N	\N	\N	\N	f	\N	\N	\N	\N	f	f	f	\N	\N	\N	\N	\N	\N
499921f5-e290-42a3-8c2c-b37d008eaf2a	Nha khoa Tấm Dentist	Nha khoa Tấm Dentist	Nha khoa Tam Dentist	\N	\N	\N	f	f	f	f	\N	\N	\N	t	f	male	\N	\N	\N	\N	\N	\N	\N	\N	\N	\N	\N	\N	\N	\N	\N	\N	\N	\N	2025-10-21 00:00:00	\N	\N	\N	\N	2025-10-21 15:39:29.846647	b19424da-e016-41c8-b992-17181969c924	b19424da-e016-41c8-b992-17181969c924	2025-10-21 15:39:29.846651	2025-10-21 15:39:29.846651	t	f	\N	\N	\N	\N	contact	\N	\N	\N	\N	\N	\N	\N	\N	none	\N	\N	\N	\N	\N	f	\N	\N	\N	\N	\N	\N	\N	\N	\N	t	\N	\N	\N	\N	\N	\N	\N	\N	\N	f	\N	\N	\N	\N	f	f	f	\N	\N	\N	\N	\N	\N
f5e83cd9-aaf5-4726-b641-e062b2205632	\N	Duplicate Test	\N	\N	0349762840	dup@example.com	f	t	f	f	\N	T801702	\N	t	f	\N	\N	\N	\N	\N	\N	\N	\N	\N	\N	\N	\N	\N	\N	\N	\N	\N	\N	\N	\N	\N	\N	\N	\N	\N	\N	\N	2026-04-10 12:11:57.129328	2026-04-10 12:11:57.129328	f	f	\N	\N	\N	\N	\N	\N	\N	\N	\N	\N	\N	\N	\N	\N	\N	\N	\N	\N	\N	f	\N	\N	\N	\N	\N	\N	\N	\N	\N	\N	\N	\N	\N	\N	\N	\N	\N	\N	\N	f	\N	\N	\N	\N	f	f	f	\N	\N	\N	\N	\N	\N
17b3cc4d-2f3c-42e9-999c-456e1a1113d9	\N	Dup	\N	\N	0349762840	dup@example.com	f	t	f	f	\N	T643706	\N	t	f	\N	\N	\N	\N	\N	\N	\N	\N	\N	\N	\N	\N	\N	\N	\N	\N	\N	\N	\N	\N	\N	\N	\N	\N	\N	\N	\N	2026-04-10 12:13:33.328843	2026-04-10 12:13:33.328843	f	f	\N	\N	\N	\N	\N	\N	\N	\N	\N	\N	\N	\N	\N	\N	\N	\N	\N	\N	\N	f	\N	\N	\N	\N	\N	\N	\N	\N	\N	\N	\N	\N	\N	\N	\N	\N	\N	\N	\N	f	\N	\N	\N	\N	f	f	f	\N	\N	\N	\N	\N	\N
1e9d5389-810b-436c-8dbb-b0310021f217	[T0963] PHẠM NGUYỄN MINH HIẾU 	PHẠM NGUYỄN MINH HIẾU 	PHAM NGUYEN MINH HIEU 	\N	0563757416	\N	f	t	f	f	c6b4b453-d260-46d4-4fd9-08db24f7ae8e	T0963	\N	t	f	male	\N	1998	\N	\N	\N	\N	\N	\N	\N	\N	\N	\N	\N	\N	\N	\N	\N	\N	\N	962b8c06-820b-430d-b392-afe30052abca	\N	\N	\N	2023-06-30 09:03:35.545583	b0eb3d9c-40f9-4840-aeae-87b63c24e64f	661769c7-fe5d-4de0-97b3-12d129198ccc	2023-06-30 09:03:35.545585	2026-04-12 04:27:27.862811	f	f	\N	\N	\N	\N	\N	\N	\N	\N	\N	\N	\N	\N	\N	\N	\N	\N	\N	\N	\N	f	\N	\N	\N	\N	\N	\N	\N	\N	\N	\N	\N	\N	28	\N	\N	\N	\N	\N	\N	f	\N	\N	\N	\N	f	f	f	\N	\N	\N	\N	\N	\N
0116df89-e63f-4843-9232-89d7d7f3a9bd	\N	Test User Two Updated	\N	456 Le Van Sy, Quan 3	0909876543	testuser2@gmail.com	f	t	f	f	b178d5ee-d9ac-477e-088e-08db9a4c4cf4	T314377	\N	t	f	male	\N	1990	6	15	\N	\N	\N	\N	\N	\N	\N	\N	\N	\N	\N	\N	\N	\N	\N	\N	\N	\N	\N	\N	\N	\N	2026-04-09 14:21:50.650609	2026-04-11 15:27:52.980467	f	f	\N	\N	\N	\N	\N	\N	\N	\N	\N	\N	\N	\N	\N	\N	\N	\N	\N	\N	\N	f	\N	\N	\N	\N	\N	\N	\N	\N	\N	\N	\N	\N	\N	\N	\N	\N	\N	\N	\N	f	\N	\N	\N	\N	f	f	f	\N	\N	\N	\N	\N	\N
9903aa61-2c3d-4750-9531-024cefb97070	\N	Nguyen Van Test	\N	18a Đường Nguyễn Hữu Thọ, Ấp 3, Nhà Bè, Hồ Chí Minh, Việt Nam	0901234567	nguyenvantest@gmail.com	f	t	f	f	c6b4b453-d260-46d4-4fd9-08db24f7ae8e	T747611	\N	t	f	male	\N	2017	7	9	\N	\N	\N	\N	\N	\N	\N	\N	\N	d5f38514-ff2f-4272-8f93-bdcf34ed3e3b	dbefd061-dbb0-44d7-8eed-afe3007a8017	\N	\N	\N	\N	\N	\N	\N	\N	\N	\N	\N	2026-04-09 07:58:14.851422	2026-04-13 05:14:55.087722	f	f	\N	\N	\N	\N	\N	\N	\N	\N	\N	\N	\N	\N	\N	\N	\N	\N	\N	\N	\N	f	\N	\N	\N	\N	\N	\N	\N	\N	\N	\N	\N	\N	\N	\N	\N	\N	\N	\N	\N	f	\N	\N	cab2a199-ae6f-4746-8d8f-b3690092e93c	dbefd061-dbb0-44d7-8eed-afe3007a8017	f	f	f	\N	\N	\N	\N	\N	\N
d4696609-47a5-491b-8bbf-6882b70b95af	\N	Duplicate Test	\N	\N	0349762840	dup@example.com	f	t	f	f	\N	T236656	\N	t	f	\N	\N	\N	\N	\N	\N	\N	\N	\N	\N	\N	\N	\N	\N	\N	\N	\N	\N	\N	\N	\N	\N	\N	\N	\N	\N	\N	2026-04-10 12:12:33.591539	2026-04-10 12:12:33.591539	f	f	\N	\N	\N	\N	\N	\N	\N	\N	\N	\N	\N	\N	\N	\N	\N	\N	\N	\N	\N	f	\N	\N	\N	\N	\N	\N	\N	\N	\N	\N	\N	\N	\N	\N	\N	\N	\N	\N	\N	f	\N	\N	\N	\N	f	f	f	\N	\N	\N	\N	\N	\N
b2262736-c7f4-4072-a67f-b3d00095dcf1	[T058384] Phạm Ngọc Huy 	Phạm Ngọc Huy 	Pham Ngoc Huy 	\N	0999888777	\N	f	t	f	f	b178d5ee-d9ac-477e-088e-08db9a4c4cf4	T058384	Tư vấn niềng răng 	t	f	male	DungBtt	2002	\N	\N	\N	\N	\N	\N	\N	\N	\N	\N	\N	e7e920d0-180b-4682-9b50-9f42152b0db4	dbefd061-dbb0-44d7-8eed-afe3007a8017	\N	\N	\N	2026-01-12 09:05:16.085	e8db49c0-2290-47cb-9f09-afe30052abca	\N	\N	\N	2026-01-12 16:05:38.081719	816d038b-856e-4227-9b19-9cac831fe139	de5ceb25-27e1-44cd-8529-19cacbbdec40	2026-01-12 16:05:38.081721	2026-04-14 13:28:47.002232	f	f	\N	\N	1ab9c25c-c6ca-4c05-9042-b0670114aee9	\N	contact	816d038b-856e-4227-9b19-9cac831fe139	\N	58384	T	\N	\N	\N	\N	sale	\N	\N	\N	\N	none	f	\N	\N	\N	\N	\N	\N	\N	\N	\N	t	\N	\N	24	\N	\N	\N	\N	\N	\N	f	\N	\N	9968161f-e735-448b-9adb-b14f0038c98e	cab2a199-ae6f-4746-8d8f-b3690092e93c	f	f	f	\N	\N	\N	\N	\N	\N
cd985f43-2f12-4d6d-b1b8-b23000efbac3	LƯƠNG HỒNG NHUNG - G - UP	LƯƠNG HỒNG NHUNG - G - UP	\N	\N	0337273016	\N	f	t	f	f	c6b4b453-d260-46d4-4fd9-08db24f7ae8e	T043063	\N	t	f	\N	\N	\N	\N	\N	\N	\N	\N	\N	\N	\N	\N	\N	\N	\N	\N	\N	\N	\N	\N	\N	\N	\N	\N	\N	\N	\N	2026-04-10 11:31:34.525575	\N	f	f	\N	\N	\N	\N	\N	\N	\N	\N	\N	\N	\N	\N	\N	\N	\N	\N	\N	\N	\N	f	\N	\N	\N	\N	\N	\N	\N	\N	\N	\N	\N	\N	\N	\N	\N	\N	\N	\N	\N	f	\N	\N	\N	\N	f	f	f	\N	\N	\N	\N	\N	\N
e1f1bc12-edc9-4a92-85cf-82b264c4670f	\N	Phụ tá Huy	\N	\N	\N	\N	f	f	f	f	cad65000-6ff3-47c7-cc8d-08dc4d479451	\N	\N	t	t	\N	Phụ tá	\N	\N	\N	\N	\N	\N	\N	\N	\N	\N	\N	\N	\N	\N	\N	\N	\N	\N	\N	\N	\N	\N	\N	\N	\N	2026-04-12 11:41:31.569683	2026-04-12 11:41:31.569683	f	f	\N	\N	\N	\N	\N	\N	\N	\N	\N	\N	\N	\N	\N	\N	\N	\N	\N	\N	\N	f	\N	\N	\N	\N	\N	\N	\N	\N	\N	\N	\N	\N	\N	\N	\N	\N	\N	\N	\N	f	\N	\N	\N	\N	f	t	f	\N	\N	\N	\N	\N	\N
d2cb91dc-4b4b-49fb-9ab9-138125aae552	\N	NGUYỄN VĂN A	\N	123 Nguyễn Huệ	0901234564	\N	f	t	f	f	\N	T389341	\N	t	f	male	\N	1990	6	15	\N	\N	\N	\N	\N	\N	\N	\N	\N	\N	\N	\N	\N	\N	\N	\N	\N	\N	\N	\N	\N	\N	2026-04-13 03:25:11.857627	2026-04-13 03:25:11.857627	f	f	\N	\N	\N	\N	\N	\N	\N	\N	\N	\N	\N	\N	\N	\N	\N	\N	\N	\N	\N	f	\N	\N	\N	\N	\N	\N	\N	\N	\N	\N	\N	\N	\N	\N	\N	\N	\N	\N	\N	f	\N	\N	\N	\N	f	f	f	\N	\N	\N	\N	\N	\N
ecb004bf-cf3f-4dc1-a1b6-778e52764ffb	\N	Trợ lý Linh	\N	\N	\N	\N	f	f	f	f	c6b4b453-d260-46d4-4fd9-08db24f7ae8e	\N	\N	t	t	\N	Trợ lý bác sĩ	\N	\N	\N	\N	\N	\N	\N	\N	\N	\N	\N	\N	\N	\N	\N	\N	\N	\N	\N	\N	\N	\N	\N	\N	\N	2026-04-12 12:07:16.421322	2026-04-12 13:05:53.229	f	f	\N	\N	\N	\N	\N	\N	\N	\N	\N	\N	\N	\N	\N	\N	\N	\N	\N	\N	\N	f	\N	\N	\N	\N	\N	\N	\N	\N	\N	\N	\N	\N	\N	\N	\N	\N	\N	\N	\N	f	\N	\N	\N	\N	f	t	f	2026-04-12 00:00:00	\N	\N	\N	\N	\N
9749461b-a111-4751-bf91-b1e500447572	\N	Bác sĩ 29	Bác sĩ 29	\N	\N	\N	f	f	f	f	b178d5ee-d9ac-477e-088e-08db9a4c4cf4	\N	\N	t	t	\N	\N	\N	\N	\N	\N	\N	\N	\N	\N	\N	\N	\N	\N	\N	\N	\N	\N	\N	\N	\N	\N	\N	\N	\N	\N	\N	\N	\N	f	f	\N	\N	\N	\N	\N	\N	\N	\N	\N	\N	\N	\N	\N	\N	\N	\N	\N	\N	\N	f	\N	\N	\N	\N	\N	\N	\N	\N	\N	\N	\N	\N	\N	\N	\N	\N	\N	\N	\N	f	\N	\N	\N	\N	t	f	f	2024-09-01 00:00:00	0.00	\N	\N	\N	\N
5ca333cb-dc9d-4253-9494-6dfa0f58e82a	\N	thuan two	\N	\N	\N	thuan@thuan2.com	f	f	f	f	c6b4b453-d260-46d4-4fd9-08db24f7ae8e	\N	\N	t	t	\N	Trợ lý bác sĩ	\N	\N	\N	\N	\N	\N	\N	\N	\N	\N	\N	\N	\N	\N	\N	\N	\N	\N	\N	\N	\N	\N	\N	\N	\N	2026-04-12 14:45:40.406	2026-04-12 14:45:40.406	f	f	\N	\N	\N	\N	\N	\N	\N	\N	\N	\N	\N	\N	\N	\N	\N	\N	\N	\N	\N	f	\N	\N	\N	\N	\N	\N	\N	\N	\N	\N	\N	\N	\N	\N	\N	\N	\N	\N	\N	f	$2b$10$oibFfH8X/t/YbmnCl7QxhOx0p4sGBlMJZCre6F3cA5VX00EuNP6gu	\N	\N	\N	f	t	f	2026-04-12 00:00:00	\N	\N	\N	\N	\N
baffeed0-022e-436e-8055-564b86da7ad2	\N	TDD Save Test 1776050904407	\N	\N	0929530105	\N	f	t	f	f	c6b4b453-d260-46d4-4fd9-08db24f7ae8e	T536395	\N	t	f	\N	\N	\N	\N	\N	\N	\N	\N	\N	\N	\N	\N	\N	\N	\N	\N	\N	\N	\N	\N	\N	\N	\N	\N	\N	\N	\N	2026-04-13 03:28:27.974194	2026-04-13 03:28:27.974194	f	f	\N	\N	\N	\N	\N	\N	\N	\N	\N	\N	\N	\N	\N	\N	\N	\N	\N	\N	\N	f	\N	\N	\N	\N	\N	\N	\N	\N	\N	\N	\N	\N	\N	\N	\N	\N	\N	\N	\N	f	\N	\N	\N	\N	f	f	f	\N	\N	\N	\N	\N	\N
561e57f8-41ef-40bf-a05a-b31400bd564e	[NV00308] Vân Anh	Vân Anh	Van Anh	\N	\N	\N	f	f	f	f	cad65000-6ff3-47c7-cc8d-08dc4d479451	NV00308	\N	t	t	male	\N	\N	\N	\N	\N	\N	\N	\N	\N	\N	\N	\N	\N	\N	\N	\N	\N	\N	2025-07-08 00:00:00	\N	\N	\N	\N	2025-07-08 18:29:21.322737	\N	\N	2025-07-08 18:29:21.322738	2025-07-08 18:29:21.322739	f	f	\N	\N	\N	\N	contact	\N	\N	308	NV	\N	\N	\N	\N	none	\N	\N	\N	\N	\N	f	\N	\N	\N	\N	\N	\N	\N	\N	\N	\N	\N	\N	\N	\N	\N	\N	\N	\N	\N	f	\N	\N	\N	\N	f	f	f	\N	\N	\N	\N	\N	\N
90e19070-f750-415b-ba52-b05f002e9438	BS. Dũng	BS. Dũng	BS. Dung	\N	0901000009	dung@tamdentist.vn	f	f	f	f	c6b4b453-d260-46d4-4fd9-08db24f7ae8e	\N	\N	f	t	male	Bác sĩ	\N	\N	\N	\N	\N	\N	\N	\N	\N	\N	\N	\N	\N	\N	\N	\N	\N	\N	\N	\N	\N	\N	\N	\N	\N	2026-04-07 11:15:24.7804	2026-04-15 06:51:42.961	f	f	\N	\N	\N	\N	\N	\N	\N	\N	\N	\N	\N	\N	\N	\N	\N	\N	\N	\N	\N	f	\N	\N	\N	\N	\N	\N	\N	\N	\N	\N	\N	\N	\N	\N	\N	\N	\N	\N	\N	f	$2b$10$x1YYk40zV8SDAlzk96.N5Op1IugF.pCSEjAaUDo08ZvR8TxS81qr.	\N	\N	\N	t	f	f	2026-04-07 00:00:00	\N	\N	\N	\N	\N
cab2a199-ae6f-4746-8d8f-b3690092e93c	BS. Dương	BS. Dương	BS. Duong	\N	0901000005	duong@tamdentist.vn	f	f	f	f	f0f6361e-b99d-4ac7-4108-08dd8159c64a	\N	\N	f	t	male	Bác sĩ	\N	\N	\N	\N	\N	\N	\N	\N	\N	\N	\N	\N	\N	\N	\N	\N	\N	\N	\N	\N	\N	\N	\N	\N	\N	2026-04-07 11:15:24.7804	2026-04-15 06:52:15.944	f	f	\N	\N	\N	\N	\N	\N	\N	\N	\N	\N	\N	\N	\N	\N	\N	\N	\N	\N	\N	f	\N	\N	\N	\N	\N	\N	\N	\N	\N	\N	\N	\N	\N	\N	\N	\N	\N	\N	\N	f	$2b$10$x1YYk40zV8SDAlzk96.N5Op1IugF.pCSEjAaUDo08ZvR8TxS81qr.	\N	\N	\N	t	f	f	2026-04-07 00:00:00	\N	\N	\N	\N	\N
f03fce3f-d90e-4194-a28f-b1d400752590	BS. Hà	BS. Hà	BS. Ha	\N	0901000015	ha@tamdentist.vn	f	f	f	f	cad65000-6ff3-47c7-cc8d-08dc4d479451	\N	\N	f	t	female	Bác sĩ	\N	\N	\N	\N	\N	\N	\N	\N	\N	\N	\N	\N	\N	\N	\N	\N	\N	\N	\N	\N	\N	\N	\N	\N	\N	2026-04-07 11:15:24.7804	2026-04-15 06:52:25.18	f	f	\N	\N	\N	\N	\N	\N	\N	\N	\N	\N	\N	\N	\N	\N	\N	\N	\N	\N	\N	f	\N	\N	\N	\N	\N	\N	\N	\N	\N	\N	\N	\N	\N	\N	\N	\N	\N	\N	\N	f	$2b$10$x1YYk40zV8SDAlzk96.N5Op1IugF.pCSEjAaUDo08ZvR8TxS81qr.	\N	\N	\N	t	f	f	2026-04-07 00:00:00	\N	\N	\N	\N	\N
fd67fda4-42ea-4f85-b100-b14c0090e6e4	BS. Hải	BS. Hải	BS. Hai	\N	0901000016	hai@tamdentist.vn	f	f	f	f	cad65000-6ff3-47c7-cc8d-08dc4d479451	\N	\N	f	t	male	Bác sĩ	\N	\N	\N	\N	\N	\N	\N	\N	\N	\N	\N	\N	\N	\N	\N	\N	\N	\N	\N	\N	\N	\N	\N	\N	\N	2026-04-07 11:15:24.7804	2026-04-15 06:52:29.368	f	f	\N	\N	\N	\N	\N	\N	\N	\N	\N	\N	\N	\N	\N	\N	\N	\N	\N	\N	\N	f	\N	\N	\N	\N	\N	\N	\N	\N	\N	\N	\N	\N	\N	\N	\N	\N	\N	\N	\N	f	$2b$10$x1YYk40zV8SDAlzk96.N5Op1IugF.pCSEjAaUDo08ZvR8TxS81qr.	\N	\N	\N	t	f	f	2026-04-07 00:00:00	\N	\N	\N	\N	\N
f1abd11e-6309-4b5b-add9-b14c0090f199	BS. Linh	BS. Linh	BS. Linh	\N	0901000019	linh@tamdentist.vn	f	f	f	f	cad65000-6ff3-47c7-cc8d-08dc4d479451	\N	\N	f	t	female	Bác sĩ	\N	\N	\N	\N	\N	\N	\N	\N	\N	\N	\N	\N	\N	\N	\N	\N	\N	\N	\N	\N	\N	\N	\N	\N	\N	2026-04-07 11:15:24.7804	2026-04-15 06:52:32.563	f	f	\N	\N	\N	\N	\N	\N	\N	\N	\N	\N	\N	\N	\N	\N	\N	\N	\N	\N	\N	f	\N	\N	\N	\N	\N	\N	\N	\N	\N	\N	\N	\N	\N	\N	\N	\N	\N	\N	\N	f	$2b$10$x1YYk40zV8SDAlzk96.N5Op1IugF.pCSEjAaUDo08ZvR8TxS81qr.	\N	\N	\N	t	f	f	2026-04-07 00:00:00	\N	\N	\N	\N	\N
0b8e06d1-d517-4207-a8c0-b1f7002d7476	BS. Ly	BS. Ly	BS. Ly	\N	0901000003	ly@tamdentist.vn	f	f	f	f	765f6593-2b19-4d06-cc8c-08dc4d479451	\N	\N	f	t	female	Bác sĩ	\N	\N	\N	\N	\N	\N	\N	\N	\N	\N	\N	\N	\N	\N	\N	\N	\N	\N	\N	\N	\N	\N	\N	\N	\N	2026-04-07 11:15:24.7804	2026-04-15 06:52:40.338	f	f	\N	\N	\N	\N	\N	\N	\N	\N	\N	\N	\N	\N	\N	\N	\N	\N	\N	\N	\N	f	\N	\N	\N	\N	\N	\N	\N	\N	\N	\N	\N	\N	\N	\N	\N	\N	\N	\N	\N	f	$2b$10$x1YYk40zV8SDAlzk96.N5Op1IugF.pCSEjAaUDo08ZvR8TxS81qr.	2026-04-12 12:07:23.738591	\N	\N	t	f	f	2026-04-07 00:00:00	\N	\N	\N	\N	\N
3c2a3bda-879f-48b7-8ee4-b266004978ea	BS. Minh	BS. Minh	BS. Minh	\N	0901000017	minh@tamdentist.vn	f	f	f	f	cad65000-6ff3-47c7-cc8d-08dc4d479451	\N	\N	f	t	male	Bác sĩ	\N	\N	\N	\N	\N	\N	\N	\N	\N	\N	\N	\N	\N	\N	\N	\N	\N	\N	\N	\N	\N	\N	\N	\N	\N	2026-04-07 11:15:24.7804	2026-04-15 06:52:46.771	f	f	\N	\N	\N	\N	\N	\N	\N	\N	\N	\N	\N	\N	\N	\N	\N	\N	\N	\N	\N	f	\N	\N	\N	\N	\N	\N	\N	\N	\N	\N	\N	\N	\N	\N	\N	\N	\N	\N	\N	f	$2b$10$x1YYk40zV8SDAlzk96.N5Op1IugF.pCSEjAaUDo08ZvR8TxS81qr.	\N	\N	\N	t	f	f	2026-04-07 00:00:00	\N	\N	\N	\N	\N
a3a0e8dc-6b40-468f-803b-b1cf0063ad84	BS. Phương	BS. Phương	BS. Phuong	\N	0901000018	phuong@tamdentist.vn	f	f	f	f	cad65000-6ff3-47c7-cc8d-08dc4d479451	\N	\N	f	t	female	Bác sĩ	\N	\N	\N	\N	\N	\N	\N	\N	\N	\N	\N	\N	\N	\N	\N	\N	\N	\N	\N	\N	\N	\N	\N	\N	\N	2026-04-07 11:15:24.7804	2026-04-15 06:52:58.178	f	f	\N	\N	\N	\N	\N	\N	\N	\N	\N	\N	\N	\N	\N	\N	\N	\N	\N	\N	\N	f	\N	\N	\N	\N	\N	\N	\N	\N	\N	\N	\N	\N	\N	\N	\N	\N	\N	\N	\N	f	$2b$10$x1YYk40zV8SDAlzk96.N5Op1IugF.pCSEjAaUDo08ZvR8TxS81qr.	\N	\N	\N	t	f	f	2026-04-07 00:00:00	\N	\N	\N	\N	\N
43190b77-570b-4557-b470-b33e00663454	BS. Nga	BS. Nga	BS. Nga	\N	0901000012	nga@tamdentist.vn	f	f	f	f	b178d5ee-d9ac-477e-088e-08db9a4c4cf4	\N	\N	f	t	female	Bác sĩ	\N	\N	\N	\N	\N	\N	\N	\N	\N	\N	\N	\N	\N	\N	\N	\N	\N	\N	\N	\N	\N	\N	\N	\N	\N	2026-04-07 11:15:24.7804	2026-04-15 06:52:54.547	f	f	\N	\N	\N	\N	\N	\N	\N	\N	\N	\N	\N	\N	\N	\N	\N	\N	\N	\N	\N	f	\N	\N	\N	\N	\N	\N	\N	\N	\N	\N	\N	\N	\N	\N	\N	\N	\N	\N	\N	f	$2b$10$x1YYk40zV8SDAlzk96.N5Op1IugF.pCSEjAaUDo08ZvR8TxS81qr.	\N	\N	\N	t	f	f	2026-04-07 00:00:00	\N	\N	\N	\N	\N
6ac1a478-0568-4ec6-a3d6-b05b009de13d	BS. Quyên	BS. Quyên	BS. Quyen	\N	0901000013	quyen@tamdentist.vn	f	f	f	f	b178d5ee-d9ac-477e-088e-08db9a4c4cf4	\N	\N	f	t	female	Bác sĩ	\N	\N	\N	\N	\N	\N	\N	\N	\N	\N	\N	\N	\N	\N	\N	\N	\N	\N	\N	\N	\N	\N	\N	\N	\N	2026-04-07 11:15:24.7804	2026-04-15 06:53:02.273	f	f	\N	\N	\N	\N	\N	\N	\N	\N	\N	\N	\N	\N	\N	\N	\N	\N	\N	\N	\N	f	\N	\N	\N	\N	\N	\N	\N	\N	\N	\N	\N	\N	\N	\N	\N	\N	\N	\N	\N	f	$2b$10$x1YYk40zV8SDAlzk96.N5Op1IugF.pCSEjAaUDo08ZvR8TxS81qr.	\N	\N	\N	t	f	f	2026-04-07 00:00:00	\N	\N	\N	\N	\N
ed346f4b-c27b-428f-8e46-b05b009de13d	BS. Quyên B	BS. Quyên B	BS. Quyen B	\N	0901000014	quyenb@tamdentist.vn	f	f	f	f	b178d5ee-d9ac-477e-088e-08db9a4c4cf4	\N	\N	f	t	female	Bác sĩ	\N	\N	\N	\N	\N	\N	\N	\N	\N	\N	\N	\N	\N	\N	\N	\N	\N	\N	\N	\N	\N	\N	\N	\N	\N	2026-04-07 11:15:24.7804	2026-04-15 06:53:05.962	f	f	\N	\N	\N	\N	\N	\N	\N	\N	\N	\N	\N	\N	\N	\N	\N	\N	\N	\N	\N	f	\N	\N	\N	\N	\N	\N	\N	\N	\N	\N	\N	\N	\N	\N	\N	\N	\N	\N	\N	f	$2b$10$x1YYk40zV8SDAlzk96.N5Op1IugF.pCSEjAaUDo08ZvR8TxS81qr.	\N	\N	\N	t	f	f	2026-04-07 00:00:00	\N	\N	\N	\N	\N
c48e8550-f68f-4be5-89bb-b2110032b4e1	BS. Thu Thảo	BS. Thu Thảo	BS. Thu Thao	\N	0901000010	thuthao@tamdentist.vn	f	f	f	f	6861c928-0e13-4664-c781-08dcdfa45074	\N	\N	f	t	female	Bác sĩ	\N	\N	\N	\N	\N	\N	\N	\N	\N	\N	\N	\N	\N	\N	\N	\N	\N	\N	\N	\N	\N	\N	\N	\N	\N	2026-04-07 11:15:24.7804	2026-04-15 06:53:09.129	f	f	\N	\N	\N	\N	\N	\N	\N	\N	\N	\N	\N	\N	\N	\N	\N	\N	\N	\N	\N	f	\N	\N	\N	\N	\N	\N	\N	\N	\N	\N	\N	\N	\N	\N	\N	\N	\N	\N	\N	f	$2b$10$x1YYk40zV8SDAlzk96.N5Op1IugF.pCSEjAaUDo08ZvR8TxS81qr.	\N	\N	\N	t	f	f	2026-04-07 00:00:00	\N	\N	\N	\N	\N
7f9f1030-20ea-4c23-84e6-b16000c1e144	BS. Thảo	BS. Thảo	BS. Thao	\N	0901000011	thao@tamdentist.vn	f	f	f	f	b178d5ee-d9ac-477e-088e-08db9a4c4cf4	\N	\N	f	t	female	Bác sĩ	\N	\N	\N	\N	\N	\N	\N	\N	\N	\N	\N	\N	\N	\N	\N	\N	\N	\N	\N	\N	\N	\N	\N	\N	\N	2026-04-07 11:15:24.7804	2026-04-15 06:53:12.145	f	f	\N	\N	\N	\N	\N	\N	\N	\N	\N	\N	\N	\N	\N	\N	\N	\N	\N	\N	\N	f	\N	\N	\N	\N	\N	\N	\N	\N	\N	\N	\N	\N	\N	\N	\N	\N	\N	\N	\N	f	$2b$10$x1YYk40zV8SDAlzk96.N5Op1IugF.pCSEjAaUDo08ZvR8TxS81qr.	\N	\N	\N	t	f	f	2026-04-07 00:00:00	\N	\N	\N	\N	\N
afde36ab-1eca-4281-b8e4-b1930033a9c6	BS. Trang	BS. Trang	BS. Trang	\N	0901000001	trang@tamdentist.vn	f	f	f	f	765f6593-2b19-4d06-cc8c-08dc4d479451	\N	\N	f	t	female	Bác sĩ	\N	\N	\N	\N	\N	\N	\N	\N	\N	\N	\N	\N	\N	\N	\N	\N	\N	\N	\N	\N	\N	\N	\N	\N	\N	2026-04-07 11:15:24.7804	2026-04-15 06:53:15.618	f	f	\N	\N	\N	\N	\N	\N	\N	\N	\N	\N	\N	\N	\N	\N	\N	\N	\N	\N	\N	f	\N	\N	\N	\N	\N	\N	\N	\N	\N	\N	\N	\N	\N	\N	\N	\N	\N	\N	\N	f	$2b$10$x1YYk40zV8SDAlzk96.N5Op1IugF.pCSEjAaUDo08ZvR8TxS81qr.	2026-04-07 14:41:14.71967	\N	\N	t	f	f	2026-04-07 00:00:00	\N	\N	\N	\N	\N
b41477e0-8eed-4520-a41a-b145008c51b0	BS. Trâm	BS. Trâm	BS. Tram	\N	0901000002	tram@tamdentist.vn	f	f	f	f	765f6593-2b19-4d06-cc8c-08dc4d479451	\N	\N	f	t	female	Bác sĩ	\N	\N	\N	\N	\N	\N	\N	\N	\N	\N	\N	\N	\N	\N	\N	\N	\N	\N	\N	\N	\N	\N	\N	\N	\N	2026-04-07 11:15:24.7804	2026-04-15 06:53:19.242	f	f	\N	\N	\N	\N	\N	\N	\N	\N	\N	\N	\N	\N	\N	\N	\N	\N	\N	\N	\N	f	\N	\N	\N	\N	\N	\N	\N	\N	\N	\N	\N	\N	\N	\N	\N	\N	\N	\N	\N	f	$2b$10$x1YYk40zV8SDAlzk96.N5Op1IugF.pCSEjAaUDo08ZvR8TxS81qr.	2026-04-12 11:05:16.602931	\N	\N	t	f	f	2026-04-07 00:00:00	\N	\N	\N	\N	\N
494dd94b-0f5c-4037-a183-b2d5004495bc	BS. Uyên	BS. Uyên	BS. Uyen	\N	0901000006	uyen.q10@tamdentist.vn	f	f	f	f	f0f6361e-b99d-4ac7-4108-08dd8159c64a	\N	\N	f	t	female	Bác sĩ	\N	\N	\N	\N	\N	\N	\N	\N	\N	\N	\N	\N	\N	\N	\N	\N	\N	\N	\N	\N	\N	\N	\N	\N	\N	2026-04-07 11:15:24.7804	2026-04-15 06:53:24.904	f	f	\N	\N	\N	\N	\N	\N	\N	\N	\N	\N	\N	\N	\N	\N	\N	\N	\N	\N	\N	f	\N	\N	\N	\N	\N	\N	\N	\N	\N	\N	\N	\N	\N	\N	\N	\N	\N	\N	\N	f	$2b$10$x1YYk40zV8SDAlzk96.N5Op1IugF.pCSEjAaUDo08ZvR8TxS81qr.	\N	\N	\N	t	f	f	2026-04-07 00:00:00	\N	\N	\N	\N	\N
21360b9b-8e24-46e1-83a3-b1ef009a1911	BS. Ý	BS. Ý	BS. Y	\N	0901000007	y@tamdentist.vn	f	f	f	f	c6b4b453-d260-46d4-4fd9-08db24f7ae8e	\N	\N	f	t	female	Bác sĩ	\N	\N	\N	\N	\N	\N	\N	\N	\N	\N	\N	\N	\N	\N	\N	\N	\N	\N	\N	\N	\N	\N	\N	\N	\N	2026-04-07 11:15:24.7804	2026-04-15 06:53:28.576	f	f	\N	\N	\N	\N	\N	\N	\N	\N	\N	\N	\N	\N	\N	\N	\N	\N	\N	\N	\N	f	\N	\N	\N	\N	\N	\N	\N	\N	\N	\N	\N	\N	\N	\N	\N	\N	\N	\N	\N	f	$2b$10$x1YYk40zV8SDAlzk96.N5Op1IugF.pCSEjAaUDo08ZvR8TxS81qr.	\N	\N	\N	t	f	f	2026-04-07 00:00:00	\N	\N	\N	\N	\N
048f1700-c113-47e1-9f41-4dafa2797d0d	\N	thuan	\N	\N	\N	tg@clinic.vn1	f	f	f	f	\N	\N	\N	f	t	\N	Bác sĩ	\N	\N	\N	\N	\N	\N	\N	\N	\N	\N	\N	\N	\N	\N	\N	\N	\N	\N	\N	\N	\N	\N	\N	\N	\N	2026-04-13 08:36:27.151	2026-04-15 06:54:31.537	f	f	\N	\N	\N	\N	\N	\N	\N	\N	\N	\N	\N	\N	\N	\N	\N	\N	\N	\N	\N	f	\N	\N	\N	\N	\N	\N	\N	\N	\N	\N	\N	\N	\N	\N	\N	\N	\N	\N	\N	f	$2b$10$OKAhgmgrBVrV3mm5G8pTpOjDFkjjP8fj8GeQxOgJXBAh5335Bfkbq	\N	\N	\N	t	f	f	2026-04-13 00:00:00	\N	\N	\N	\N	\N
0c407680-0184-4ced-a9bd-dee5d327f224	\N	Trợ lý Bảo	\N	\N	\N	\N	f	f	f	f	765f6593-2b19-4d06-cc8c-08dc4d479451	\N	\N	f	t	\N	Bác sĩ	\N	\N	\N	\N	\N	\N	\N	\N	\N	\N	\N	\N	\N	\N	\N	\N	\N	\N	\N	\N	\N	\N	\N	\N	\N	2026-04-12 12:07:16.421322	2026-04-15 06:54:40.107	f	f	\N	\N	\N	\N	\N	\N	\N	\N	\N	\N	\N	\N	\N	\N	\N	\N	\N	\N	\N	f	\N	\N	\N	\N	\N	\N	\N	\N	\N	\N	\N	\N	\N	\N	\N	\N	\N	\N	\N	f	$2b$10$bEPYzDeMGMk9qAUhDjU2h.10Nbqn7oU3O.Mjsi5MfpJI53enb/TtS	\N	\N	\N	t	f	f	2026-04-11 00:00:00	\N	\N	\N	\N	\N
4ec1a621-aee5-4ee9-b2fc-d55ad38d265b	\N	Phụ tá Mai	\N	\N	\N	\N	f	f	f	f	f0f6361e-b99d-4ac7-4108-08dd8159c64a	\N	\N	f	t	\N	Phụ tá	\N	\N	\N	\N	\N	\N	\N	\N	\N	\N	\N	\N	\N	\N	\N	\N	\N	\N	\N	\N	\N	\N	\N	\N	\N	2026-04-12 11:41:31.569683	2026-04-15 08:17:57.006	f	f	\N	\N	\N	\N	\N	\N	\N	\N	\N	\N	\N	\N	\N	\N	\N	\N	\N	\N	\N	f	\N	\N	\N	\N	\N	\N	\N	\N	\N	\N	\N	\N	\N	\N	\N	\N	\N	\N	\N	f	$2b$10$4YhTgCnOHgqsRchRoAPnqeuzfXd59cIeOU06vYHufouIlExckJhrS	\N	\N	\N	f	t	f	2026-04-12 00:00:00	\N	\N	\N	\N	\N
833a81d5-520e-4628-b417-e49dcd9254d1	\N	Phụ tá Hoa	\N	\N	\N	\N	f	f	f	f	c6b4b453-d260-46d4-4fd9-08db24f7ae8e	\N	\N	f	t	\N	Phụ tá	\N	\N	\N	\N	\N	\N	\N	\N	\N	\N	\N	\N	\N	\N	\N	\N	\N	\N	\N	\N	\N	\N	\N	\N	\N	2026-04-12 11:41:31.569683	2026-04-15 08:46:47.263	f	f	\N	\N	\N	\N	\N	\N	\N	\N	\N	\N	\N	\N	\N	\N	\N	\N	\N	\N	\N	f	\N	\N	\N	\N	\N	\N	\N	\N	\N	\N	\N	\N	\N	\N	\N	\N	\N	\N	\N	f	$2b$10$bgq0uXThR0QKPbNOmJGg3eIljYZGCkD.B8QNxKnB3mQ48H5T/fAlm	\N	\N	\N	f	t	f	2026-04-12 00:00:00	\N	\N	\N	\N	\N
5f1f96ff-d873-4ab6-b553-afe300771bc4	\N	Lê Thị Kim Thoa	Lê Thị Kim Thoa	\N	0376338768	nguyenthikimthoa20111998@gmail.com	f	f	f	f	c6b4b453-d260-46d4-4fd9-08db24f7ae8e	\N	\N	t	t	\N	Phụ tá	\N	\N	\N	\N	\N	\N	\N	\N	\N	\N	\N	\N	\N	\N	\N	\N	\N	\N	\N	\N	\N	\N	\N	\N	\N	\N	2026-04-15 08:53:54.268	f	f	\N	\N	\N	\N	\N	\N	\N	\N	\N	\N	\N	\N	\N	\N	\N	\N	\N	\N	\N	f	\N	\N	\N	\N	\N	\N	\N	\N	\N	\N	\N	\N	\N	\N	\N	\N	\N	\N	\N	f	\N	\N	\N	\N	f	t	f	2024-07-17 00:00:00	0.00	\N	\N	\N	\N
52bf5860-c258-46e3-a816-a074d8103c65	\N	Phụ tá Tuấn	\N	\N	\N	\N	f	f	f	f	b178d5ee-d9ac-477e-088e-08db9a4c4cf4	\N	\N	f	t	\N	Phụ tá	\N	\N	\N	\N	\N	\N	\N	\N	\N	\N	\N	\N	\N	\N	\N	\N	\N	\N	\N	\N	\N	\N	\N	\N	\N	2026-04-12 11:41:31.569683	2026-04-15 09:08:26.091	f	f	\N	\N	\N	\N	\N	\N	\N	\N	\N	\N	\N	\N	\N	\N	\N	\N	\N	\N	\N	f	\N	\N	\N	\N	\N	\N	\N	\N	\N	\N	\N	\N	\N	\N	\N	\N	\N	\N	\N	f	$2b$10$u0CBA.MlmvKmlr7G/VyZiO/e8tevLsZ626qS/thN/z6jpleuV/YFm	\N	\N	\N	f	t	f	2026-04-12 00:00:00	\N	\N	\N	\N	\N
dc636c21-ef9e-4d66-8476-fad55c0bfeaa	\N	Trợ lý Phúc	\N	\N	\N	\N	f	f	f	f	b178d5ee-d9ac-477e-088e-08db9a4c4cf4	\N	\N	f	t	\N	Trợ lý bác sĩ	\N	\N	\N	\N	\N	\N	\N	\N	\N	\N	\N	\N	\N	\N	\N	\N	\N	\N	\N	\N	\N	\N	\N	\N	\N	2026-04-12 12:07:16.421322	2026-04-15 09:10:55.473	f	f	\N	\N	\N	\N	\N	\N	\N	\N	\N	\N	\N	\N	\N	\N	\N	\N	\N	\N	\N	f	\N	\N	\N	\N	\N	\N	\N	\N	\N	\N	\N	\N	\N	\N	\N	\N	\N	\N	\N	f	$2b$10$0RRhSVXtgkk0cLeLtRRF.ONjoOV/XvUOGJxCUiUXhzQoRWScIb4B6	\N	\N	\N	f	t	f	2026-04-12 00:00:00	\N	\N	\N	\N	\N
29ce89ed-5b89-479c-9eeb-b1ae00395c5c	[ 9915] Trần Đỗ Gia Hân	Trần Đỗ Gia Hân	Tran Do Gia Han	\N	0372381140	\N	f	t	f	f	b178d5ee-d9ac-477e-088e-08db9a4c4cf4	 9915	\N	t	f	female	TrangTL	2008	1	20	\N	\N	\N	\N	\N	\N	\N	\N	\N	f3efa245-838e-4b5a-b8f6-afe3007ce234	\N	\N	\N	\N	2024-07-15 00:00:00	\N	\N	\N	\N	2024-07-15 10:28:50.654	343de624-f1f6-467f-8bb7-3960d50f868a	b45ec157-435e-4898-b9ce-116aee98a5a2	2024-07-15 10:28:50.654	2025-02-03 15:43:31.355	f	f	\N	\N	1ab9c25c-c6ca-4c05-9042-b0670114aee9	\N	contact	\N	\N	9915	 	\N	1	\N	\N	sale	\N	\N	\N	\N	\N	f	\N	\N	\N	\N	\N	\N	\N	\N	\N	\N	\N	\N	18	\N	\N	\N	\N	\N	\N	f	\N	\N	\N	ff38cd5f-f99d-4490-9391-b131004f1305	f	f	f	\N	\N	\N	\N	\N	\N
90edb637-1d32-4280-8088-b1a400ff0073	[T9664] KIM THỊ THẢO NHI - QUẬN 10	KIM THỊ THẢO NHI - QUẬN 10	KIM THI THAO NHI - QUAN 10	\N	0375291543	\N	f	t	f	f	c6b4b453-d260-46d4-4fd9-08db24f7ae8e	T9664	Tư vấn niềng răng 	t	f	female	DungBtt	2004	7	27	\N	\N	\N	\N	\N	\N	\N	\N	\N	f3efa245-838e-4b5a-b8f6-afe3007ce234	\N	\N	\N	\N	2024-07-05 00:00:00	e8db49c0-2290-47cb-9f09-afe30052abca	\N	\N	\N	2024-07-05 22:28:25.978	816d038b-856e-4227-9b19-9cac831fe139	6d527434-519a-46b9-848a-6085a9543d08	2024-07-05 22:28:25.978	2025-04-27 14:51:48.497	f	f	\N	\N	1ab9c25c-c6ca-4c05-9042-b0670114aee9	\N	contact	\N	\N	9664	T	\N	1	\N	\N	\N	\N	\N	\N	\N	\N	f	\N	\N	\N	\N	\N	\N	\N	\N	\N	\N	\N	\N	22	\N	\N	\N	\N	\N	\N	f	\N	\N	\N	ffbc5688-aca6-4152-94d1-b06800339131	f	f	f	\N	\N	\N	\N	\N	\N
d5630c06-5433-46dc-b8ab-b41700f50270	[T161988] PHAN THỊ THÙY DƯƠNG-G	PHAN THỊ THÙY DƯƠNG-G	\N	\N	0961863813	\N	f	t	f	f	765f6593-2b19-4d06-cc8c-08dc4d479451	T161988	\N	t	f	female	LYBAE	1997	\N	\N	\N	\N	\N	\N	\N	\N	\N	\N	\N	c7b3d31a-6325-4cf7-abae-afe3007cf6f8	\N	\N	\N	\N	2026-03-24 21:52:03.143	\N	\N	\N	\N	\N	\N	\N	2026-03-24 21:52:03.143	\N	f	f	\N	\N	1ab9c25c-c6ca-4c05-9042-b0670114aee9	\N	\N	\N	\N	\N	\N	\N	\N	\N	\N	\N	\N	\N	\N	\N	none	f	\N	\N	\N	\N	\N	\N	\N	\N	\N	t	\N	\N	29	\N	\N	\N	\N	\N	\N	f	\N	\N	\N	607c1ead-a559-4cfd-a364-b14400fbb6a2	f	f	f	\N	\N	\N	\N	\N	\N
18ca9cb7-1868-4291-9468-b14c00912e2b	\N	Uyen Sale TT	Uyen Sale TT	\N	\N	\N	f	f	f	f	\N	\N	\N	t	t	\N	\N	\N	\N	\N	\N	\N	\N	\N	\N	\N	\N	\N	\N	\N	\N	\N	\N	\N	\N	\N	\N	\N	\N	\N	\N	\N	\N	\N	f	f	\N	\N	\N	\N	\N	\N	\N	\N	\N	\N	\N	\N	\N	\N	\N	\N	\N	\N	\N	f	\N	\N	\N	\N	\N	\N	\N	\N	\N	\N	\N	\N	\N	\N	\N	\N	\N	\N	\N	f	\N	\N	\N	\N	f	f	f	\N	0.00	\N	\N	\N	\N
9aa0b5c4-ac80-4851-9c0b-b14c0088ad79	[T6725] Trung kien	Trung kien	Trung kien	\N	0972020908	\N	f	t	f	f	cad65000-6ff3-47c7-cc8d-08dc4d479451	T6725	\N	t	f	male	\N	\N	\N	\N	\N	\N	\N	\N	\N	\N	\N	\N	\N	82fc6269-37a3-4702-8889-afe3007cf044	\N	\N	\N	\N	2024-04-08 00:00:00	5500e079-416f-4ecc-9399-afe30052abca	\N	\N	\N	2024-04-08 15:17:37.683	044856a7-d3f7-478a-83aa-df4c0a6aa9bd	044856a7-d3f7-478a-83aa-df4c0a6aa9bd	2024-04-08 15:17:37.683	2024-04-08 15:17:37.683	f	f	\N	\N	1ab9c25c-c6ca-4c05-9042-b0670114aee9	\N	contact	\N	\N	\N	\N	\N	\N	\N	\N	\N	\N	\N	\N	\N	\N	f	\N	\N	\N	\N	\N	\N	\N	\N	\N	\N	\N	\N	\N	\N	\N	\N	\N	\N	\N	f	\N	\N	\N	ffbc5688-aca6-4152-94d1-b06800339131	f	f	f	\N	\N	\N	\N	\N	\N
ff1d55c3-f9c1-4269-a3a9-b413006b4289	[T161666] HÀ THỊ KHÁNH LY	HÀ THỊ KHÁNH LY	\N	\N	0977958795	\N	f	t	f	f	765f6593-2b19-4d06-cc8c-08dc4d479451	T161666	\N	t	f	male	VanVC	\N	\N	\N	\N	\N	\N	\N	\N	\N	\N	\N	\N	f3efa245-838e-4b5a-b8f6-afe3007ce234	\N	\N	\N	\N	2026-03-20 13:30:31.281	\N	\N	\N	\N	\N	\N	\N	2026-03-20 13:30:31.281	\N	f	f	\N	\N	1ab9c25c-c6ca-4c05-9042-b0670114aee9	\N	\N	2b860551-c401-48a3-ac11-4286e01fca87	\N	\N	\N	\N	\N	\N	\N	\N	\N	\N	\N	\N	none	f	\N	\N	\N	\N	\N	\N	\N	\N	\N	t	\N	\N	\N	\N	\N	\N	\N	\N	\N	f	\N	\N	\N	1b16f3d5-f34e-48a7-93a1-b2a1003f5c4a	f	f	f	\N	\N	\N	\N	\N	\N
f74a7480-e23c-410a-bb2c-b413005a27a4	[T161661] PHAN THỊ KIM ANH	PHAN THỊ KIM ANH	\N	QUẬN BÌNH TÂN	0358383119	\N	f	t	f	f	f0f6361e-b99d-4ac7-4108-08dd8159c64a	T161661	\N	t	f	female	\N	2004	10	20	\N	\N	\N	\N	\N	\N	\N	\N	\N	82fc6269-37a3-4702-8889-afe3007cf044	\N	\N	\N	\N	2026-03-20 12:28:14.624	\N	\N	\N	\N	\N	\N	\N	2026-03-20 12:28:14.624	\N	f	f	\N	\N	1ab9c25c-c6ca-4c05-9042-b0670114aee9	\N	\N	\N	\N	\N	\N	\N	\N	\N	\N	\N	\N	\N	\N	\N	none	f	\N	\N	\N	\N	\N	\N	\N	\N	\N	t	\N	\N	22	\N	\N	\N	\N	\N	\N	f	\N	\N	\N	aa151f38-446e-45ef-ab21-b2d2009bdf05	f	f	f	\N	\N	\N	\N	\N	\N
499c1036-e1b1-403b-a67e-afe30074d0e8	[NV00001] Lưu Xuân Thọ	Lưu Xuân Thọ	Luu Xuan Tho	\N	0961923830	Luuxuantho.buh@gmail.com	f	f	f	f	c6b4b453-d260-46d4-4fd9-08db24f7ae8e	NV00001	\N	f	t	male	\N	\N	\N	\N	\N	\N	\N	\N	\N	\N	\N	\N	\N	\N	\N	\N	\N	\N	2023-04-13 00:00:00	\N	\N	\N	\N	2023-04-13 14:05:18.851431	\N	b19424da-e016-41c8-b992-17181969c924	2023-04-13 14:05:18.851431	2023-12-21 15:00:41.727686	f	f	\N	\N	\N	\N	\N	\N	\N	\N	\N	\N	\N	\N	\N	\N	\N	\N	\N	\N	\N	f	\N	\N	\N	\N	\N	\N	\N	\N	\N	\N	\N	\N	\N	\N	\N	\N	\N	\N	\N	f	\N	\N	\N	\N	f	f	f	\N	\N	\N	\N	\N	\N
713331d8-b038-4e7c-9f92-afe300771bc5	[NV00004] Lê Thị Kim Thoa	Lê Thị Kim Thoa	Le Thi Kim Thoa	\N	 0376338768	nguyenthikimthoa20111998@gmail.com	f	f	f	f	c6b4b453-d260-46d4-4fd9-08db24f7ae8e	NV00004	\N	t	t	male	\N	\N	\N	\N	\N	\N	\N	\N	\N	\N	\N	\N	\N	\N	\N	\N	\N	\N	2023-04-13 00:00:00	\N	\N	\N	\N	2023-04-13 14:13:39.643308	\N	ec24a7fb-2196-41f1-82f0-b5d0551cb59b	2023-04-13 14:13:39.643309	2025-08-02 16:03:51.620059	f	f	\N	\N	\N	\N	\N	\N	\N	\N	\N	\N	\N	\N	\N	\N	\N	\N	\N	\N	\N	f	\N	\N	\N	\N	\N	\N	\N	\N	\N	\N	\N	\N	\N	\N	\N	\N	\N	\N	\N	f	\N	\N	\N	\N	f	f	f	\N	\N	\N	\N	\N	\N
981b5408-aa27-40f7-9581-afe300777cd9	[NV00005] PT1 Hữu Quỳnh	PT1 Hữu Quỳnh	PT1 Huu Quynh	\N	0348280797	Danghuuquynh2807@gmail.com	f	f	f	f	c6b4b453-d260-46d4-4fd9-08db24f7ae8e	NV00005	\N	f	t	male	\N	\N	\N	\N	\N	\N	\N	\N	\N	\N	\N	\N	\N	\N	\N	\N	\N	\N	2023-04-13 00:00:00	\N	\N	\N	\N	2023-04-13 14:15:02.482529	\N	b19424da-e016-41c8-b992-17181969c924	2023-04-13 14:15:02.482529	2023-12-21 15:25:05.979183	f	f	\N	\N	\N	\N	\N	\N	\N	\N	\N	\N	\N	\N	\N	\N	\N	\N	\N	\N	\N	f	\N	\N	\N	\N	\N	\N	\N	\N	\N	\N	\N	\N	\N	\N	\N	\N	\N	\N	\N	f	\N	\N	\N	\N	f	f	f	\N	\N	\N	\N	\N	\N
e838ec46-12ae-481e-879e-afe3007c9fb7	[NV00012] Sale Nhung	Sale Nhung	Sale Nhung	\N	0972969454	hathinhung.96@gmail.com	f	f	f	f	c6b4b453-d260-46d4-4fd9-08db24f7ae8e	NV00012	\N	f	t	male	\N	\N	\N	\N	\N	\N	\N	\N	\N	\N	\N	\N	\N	\N	\N	\N	\N	\N	2023-04-13 00:00:00	\N	\N	\N	\N	2023-04-13 14:33:44.502972	\N	b19424da-e016-41c8-b992-17181969c924	2023-04-13 14:33:44.502973	2025-04-01 13:33:57.487657	f	f	\N	\N	\N	\N	\N	\N	\N	\N	\N	\N	\N	\N	\N	\N	\N	\N	\N	\N	\N	f	\N	\N	\N	\N	\N	\N	\N	\N	\N	\N	\N	\N	\N	\N	\N	\N	\N	\N	\N	f	\N	\N	\N	\N	f	f	f	\N	\N	\N	\N	\N	\N
1b16f3d5-f34e-48a7-93a1-b2a1003f5c4a	\N	VanVC sale online	VanVC sale online	\N	0344445694	0344445694@gmail.com	f	f	f	f	cad65000-6ff3-47c7-cc8d-08dc4d479451	\N	\N	t	t	\N	Nhân viên sale	\N	\N	\N	\N	\N	\N	\N	\N	\N	\N	\N	\N	\N	\N	\N	\N	\N	\N	\N	\N	\N	\N	\N	\N	\N	\N	2026-04-15 06:41:46.917	f	f	\N	\N	\N	\N	\N	\N	\N	\N	\N	\N	\N	\N	\N	\N	\N	\N	\N	\N	\N	f	\N	\N	\N	\N	\N	\N	\N	\N	\N	\N	\N	\N	\N	\N	\N	\N	\N	\N	\N	f	$2b$10$PzYPZSmNoYGr7j2Oh9rYXuDM6LZLcJYxzU.RBCApLJwD3tRMi0xhy	\N	\N	\N	f	f	f	\N	0.00	\N	\N	\N	\N
d0acb096-a2fd-44a6-aecc-b365002c6498	\N	NganTK Sale online	NganTK Sale online	\N	0922005100	0922005100@gmail.com	f	f	f	f	cad65000-6ff3-47c7-cc8d-08dc4d479451	\N	\N	t	t	\N	Nhân viên sale	\N	\N	\N	\N	\N	\N	\N	\N	\N	\N	\N	\N	\N	\N	\N	\N	\N	\N	\N	\N	\N	\N	\N	\N	\N	\N	2026-04-15 06:43:34.202	f	f	\N	\N	\N	\N	\N	\N	\N	\N	\N	\N	\N	\N	\N	\N	\N	\N	\N	\N	\N	f	\N	\N	\N	\N	\N	\N	\N	\N	\N	\N	\N	\N	\N	\N	\N	\N	\N	\N	\N	f	$2b$10$./figAdMivnDts68ODnulugnnSLlHBayqTy1HXzBzBL0F/EKcP51m	\N	\N	\N	f	f	f	\N	0.00	\N	\N	\N	\N
0d3bee43-6216-48ca-aa91-afe3007a4c19	[NV00010] Bác sĩ (17)	Bác sĩ (17)	Bac si (17)	\N	0358738373	Khuongminh1501@gmail.com	f	f	f	f	c6b4b453-d260-46d4-4fd9-08db24f7ae8e	NV00010	\N	t	t	male	Bác sĩ	\N	\N	\N	\N	\N	\N	\N	\N	\N	\N	\N	\N	\N	\N	\N	\N	\N	2023-04-13 00:00:00	\N	\N	\N	\N	2023-04-13 14:25:16.243532	\N	ec24a7fb-2196-41f1-82f0-b5d0551cb59b	2023-04-13 14:25:16.243533	2026-04-15 06:49:30.659	f	f	\N	\N	\N	\N	\N	\N	\N	\N	\N	\N	\N	\N	\N	\N	\N	\N	\N	\N	\N	f	\N	\N	\N	\N	\N	\N	\N	\N	\N	\N	\N	\N	\N	\N	\N	\N	\N	\N	\N	f	\N	\N	\N	\N	t	f	f	2023-04-13 00:00:00	\N	\N	\N	\N	\N
18132d91-67f0-4019-8358-86c71fbaeac8	\N	Bác sĩ 34	\N	\N	\N	\N	f	f	f	f	c6b4b453-d260-46d4-4fd9-08db24f7ae8e	\N	\N	t	t	\N	Bác sĩ	\N	\N	\N	\N	\N	\N	\N	\N	\N	\N	\N	\N	\N	\N	\N	\N	\N	\N	\N	\N	\N	\N	\N	\N	\N	2026-04-15 06:50:56.558	2026-04-15 06:50:56.558	f	f	\N	\N	\N	\N	\N	\N	\N	\N	\N	\N	\N	\N	\N	\N	\N	\N	\N	\N	\N	f	\N	\N	\N	\N	\N	\N	\N	\N	\N	\N	\N	\N	\N	\N	\N	\N	\N	\N	\N	f	$2b$10$viJ5k4KyhzW6cX03AYa8n.0MJQcbzvwOKtXr4q8xIoACwj9AuIJem	\N	\N	\N	t	f	f	\N	\N	\N	\N	\N	\N
4f8e0556-f468-4eb1-8849-b3aa0052aa2d	\N	Bs (33)	Bs (33)	\N	\N	\N	f	f	f	f	765f6593-2b19-4d06-cc8c-08dc4d479451	\N	\N	t	t	\N	Bác sĩ	\N	\N	\N	\N	\N	\N	\N	\N	\N	\N	\N	\N	\N	\N	\N	\N	\N	\N	\N	\N	\N	\N	\N	\N	\N	\N	2026-04-15 06:54:06.763	f	f	\N	\N	\N	\N	\N	\N	\N	\N	\N	\N	\N	\N	\N	\N	\N	\N	\N	\N	\N	f	\N	\N	\N	\N	\N	\N	\N	\N	\N	\N	\N	\N	\N	\N	\N	\N	\N	\N	\N	f	$2b$10$0FTsvcQkjuoKL4WaDC./dOgbr/kTY18D.LJOGXkpr0UutoxrMbzE6	\N	\N	\N	t	f	f	2025-12-05 00:00:00	0.00	\N	\N	\N	\N
1a721f2f-36d5-42e9-9f44-b231009d920c	\N	Phan Thị Thùy Trang	Phan Thị Thùy Trang	\N	385898619	\N	f	f	f	f	765f6593-2b19-4d06-cc8c-08dc4d479451	\N	\N	f	t	\N	Phụ tá	\N	\N	\N	\N	\N	\N	\N	\N	\N	\N	\N	\N	\N	\N	\N	\N	\N	\N	\N	\N	\N	\N	\N	\N	\N	\N	2026-04-15 08:12:39.517	f	f	\N	\N	\N	\N	\N	\N	\N	\N	\N	\N	\N	\N	\N	\N	\N	\N	\N	\N	\N	f	\N	\N	\N	\N	\N	\N	\N	\N	\N	\N	\N	\N	\N	\N	\N	\N	\N	\N	\N	f	$2b$10$QPKFcX1HVWhgnTqsSj7tzO1qsXlKsSbj.FuDS4V/xnQiJVw1mch9m	\N	\N	\N	f	t	f	\N	0.00	\N	\N	\N	\N
4832f444-89c0-4ac3-bf94-b2df0056ff9d	\N	BÙI HỒNG NHẬT	BÙI HỒNG NHẬT	\N	0813447398	\N	f	f	f	f	\N	\N	\N	t	t	\N	Phụ tá	\N	\N	\N	\N	\N	\N	\N	\N	\N	\N	\N	\N	\N	\N	\N	\N	\N	\N	\N	\N	\N	\N	\N	\N	\N	\N	2026-04-15 08:03:21.955	f	f	\N	\N	\N	\N	\N	\N	\N	\N	\N	\N	\N	\N	\N	\N	\N	\N	\N	\N	\N	f	\N	\N	\N	\N	\N	\N	\N	\N	\N	\N	\N	\N	\N	\N	\N	\N	\N	\N	\N	f	$2b$10$iyHNT/wLPddS5GGdt7jQoOwSW/82dgocGuLfZ3iwOdFAh1TkvlrIG	\N	\N	\N	f	t	f	2025-04-21 00:00:00	0.00	\N	\N	\N	\N
6c38becb-7e4f-4eee-b7fc-b14500907604	\N	NGUYỄN THỊ KIM THOA	NGUYỄN THỊ KIM THOA	\N	0327524377	thoan2215@gmail.com	f	f	f	f	765f6593-2b19-4d06-cc8c-08dc4d479451	\N	\N	f	t	\N	Phụ tá	\N	\N	\N	\N	\N	\N	\N	\N	\N	\N	\N	\N	\N	\N	\N	\N	\N	\N	\N	\N	\N	\N	\N	\N	\N	\N	2026-04-15 08:11:08.079	f	f	\N	\N	\N	\N	\N	\N	\N	\N	\N	\N	\N	\N	\N	\N	\N	\N	\N	\N	\N	f	\N	\N	\N	\N	\N	\N	\N	\N	\N	\N	\N	\N	\N	\N	\N	\N	\N	\N	\N	f	\N	\N	\N	\N	f	t	f	2024-03-15 00:00:00	0.00	\N	\N	\N	\N
af86b5bf-5b0d-4da4-877a-b27a006c1543	\N	Đinh Hồng Khánh	Đinh Hồng Khánh	\N	\N	\N	f	f	f	f	765f6593-2b19-4d06-cc8c-08dc4d479451	\N	\N	t	t	\N	Trợ lý bác sĩ	\N	\N	\N	\N	\N	\N	\N	\N	\N	\N	\N	\N	\N	\N	\N	\N	\N	\N	\N	\N	\N	\N	\N	\N	\N	\N	2026-04-15 08:14:46.628	f	f	\N	\N	\N	\N	\N	\N	\N	\N	\N	\N	\N	\N	\N	\N	\N	\N	\N	\N	\N	f	\N	\N	\N	\N	\N	\N	\N	\N	\N	\N	\N	\N	\N	\N	\N	\N	\N	\N	\N	f	$2b$10$aBJl7FzhyY0KGBGKtD.OhO0yVnGgGgwcV5e9ZRFtK4Nyg6PysELJu	\N	\N	\N	f	t	f	\N	0.00	\N	\N	\N	\N
aa151f38-446e-45ef-ab21-b2d2009bdf05	\N	vãng lai	vãng lai	\N	\N	\N	f	f	f	f	f0f6361e-b99d-4ac7-4108-08dd8159c64a	\N	\N	t	t	\N	Nhân viên sale	\N	\N	\N	\N	\N	\N	\N	\N	\N	\N	\N	\N	\N	\N	\N	\N	\N	\N	\N	\N	\N	\N	\N	\N	\N	\N	2026-04-15 08:18:51.788	f	f	\N	\N	\N	\N	\N	\N	\N	\N	\N	\N	\N	\N	\N	\N	\N	\N	\N	\N	\N	f	\N	\N	\N	\N	\N	\N	\N	\N	\N	\N	\N	\N	\N	\N	\N	\N	\N	\N	\N	f	$2b$10$ZNyqsTQNEsQugcPiyzCQHuPhmWb4NUWHdSLVpLZHliD.mFYiCCbgu	\N	\N	\N	f	f	f	\N	0.00	\N	\N	\N	\N
2a9c0dcb-5fb4-43cf-82c6-afe30077c408	[NV00006] BÁC SĨ 03	BÁC SĨ 03	BAC SI 03	\N	0364564030	maivina.rhm11@gmail.com	f	f	f	f	c6b4b453-d260-46d4-4fd9-08db24f7ae8e	NV00006	\N	f	t	male	Bác sĩ	\N	\N	\N	\N	\N	\N	\N	\N	\N	\N	\N	\N	\N	\N	\N	\N	\N	2023-04-13 00:00:00	\N	\N	\N	\N	2023-04-13 14:16:03.226111	\N	ec24a7fb-2196-41f1-82f0-b5d0551cb59b	2023-04-13 14:16:03.226112	2026-04-15 08:24:25.406	f	f	\N	\N	\N	\N	\N	\N	\N	\N	\N	\N	\N	\N	\N	\N	\N	\N	\N	\N	\N	f	\N	\N	\N	\N	\N	\N	\N	\N	\N	\N	\N	\N	\N	\N	\N	\N	\N	\N	\N	f	\N	\N	\N	\N	t	f	f	2023-04-13 00:00:00	\N	\N	\N	\N	\N
7735a6ac-1697-49e2-bfd9-b365002ffbd8	\N	HangLT1 Sale online	HangLT1 Sale online	\N	\N	\N	f	f	f	f	c6b4b453-d260-46d4-4fd9-08db24f7ae8e	\N	\N	f	t	\N	Nhân viên sale	\N	\N	\N	\N	\N	\N	\N	\N	\N	\N	\N	\N	\N	\N	\N	\N	\N	\N	\N	\N	\N	\N	\N	\N	\N	\N	2026-04-15 08:30:18.889	f	f	\N	\N	\N	\N	\N	\N	\N	\N	\N	\N	\N	\N	\N	\N	\N	\N	\N	\N	\N	f	\N	\N	\N	\N	\N	\N	\N	\N	\N	\N	\N	\N	\N	\N	\N	\N	\N	\N	\N	f	$2b$10$dU1WHkEhXHFE2sD1IfhOYO3XkmVKPwDlrb1af/8E5D5k64Pu5PfiC	\N	\N	\N	f	f	f	\N	0.00	\N	\N	\N	\N
dcef554a-be49-4b35-9003-afe30076c3a5	[NV00003] PT3 Bảo Nhi	PT3 Bảo Nhi	PT3 Bao Nhi	\N	0963964390	Baonhi.ydn@gmail.com	f	f	f	f	c6b4b453-d260-46d4-4fd9-08db24f7ae8e	NV00003	\N	f	t	male	Phụ tá	\N	\N	\N	\N	\N	\N	\N	\N	\N	\N	\N	\N	\N	\N	\N	\N	\N	2023-04-13 00:00:00	\N	\N	\N	\N	2023-04-13 14:12:24.441013	\N	ec24a7fb-2196-41f1-82f0-b5d0551cb59b	2023-04-13 14:12:24.441014	2026-04-15 08:45:58.61	f	f	\N	\N	\N	\N	\N	\N	\N	\N	\N	\N	\N	\N	\N	\N	\N	\N	\N	\N	\N	f	\N	\N	\N	\N	\N	\N	\N	\N	\N	\N	\N	\N	\N	\N	\N	\N	\N	\N	\N	f	\N	\N	\N	\N	f	t	f	2023-04-13 00:00:00	\N	\N	\N	\N	\N
40fa1545-44a5-4d2e-a5e6-afe30078dd31	[NV00008] TVV Trâm Anh	TVV Trâm Anh	TVV Tram Anh	\N	0969847141	Tramanh1204997@gmail.com	f	f	f	f	c6b4b453-d260-46d4-4fd9-08db24f7ae8e	NV00008	\N	t	t	male	Trợ lý bác sĩ	\N	\N	\N	\N	\N	\N	\N	\N	\N	\N	\N	\N	\N	\N	\N	\N	\N	2023-04-13 00:00:00	\N	\N	\N	\N	2023-04-13 14:20:03.147963	\N	ec24a7fb-2196-41f1-82f0-b5d0551cb59b	2023-04-13 14:20:03.147964	2026-04-15 08:47:33.595	f	f	\N	\N	\N	\N	\N	\N	\N	\N	\N	\N	\N	\N	\N	\N	\N	\N	\N	\N	\N	f	\N	\N	\N	\N	\N	\N	\N	\N	\N	\N	\N	\N	\N	\N	\N	\N	\N	\N	\N	f	\N	\N	\N	\N	f	t	f	2023-04-13 00:00:00	\N	\N	\N	\N	\N
1b61ddd3-f501-4c52-9c22-afe300752d06	[NV00002] Vũ Thị Thùy Trâm	Vũ Thị Thùy Trâm	Vu Thi Thuy Tram	\N	0785450989	Vutram167@gmail.com	f	f	f	f	c6b4b453-d260-46d4-4fd9-08db24f7ae8e	NV00002	\N	t	t	male	Quản lý cơ sở	\N	\N	\N	\N	\N	\N	\N	\N	\N	\N	\N	\N	\N	\N	\N	\N	\N	2023-04-13 00:00:00	\N	\N	\N	\N	2023-04-13 14:06:37.460731	\N	b19424da-e016-41c8-b992-17181969c924	2023-04-13 14:06:37.460731	2026-04-15 08:51:07.501	f	f	\N	\N	\N	\N	\N	\N	\N	\N	\N	\N	\N	\N	\N	\N	\N	\N	\N	\N	\N	f	\N	\N	\N	\N	\N	\N	\N	\N	\N	\N	\N	\N	\N	\N	\N	\N	\N	\N	\N	f	\N	\N	\N	\N	f	f	f	2023-04-13 00:00:00	\N	\N	\N	\N	\N
e0a2fd9f-4714-42e0-8687-afe30078dd2f	\N	TVV Trâm Anh	TVV Trâm Anh	\N	0969847141	Tramanh1204997@gmail.com	f	f	f	f	c6b4b453-d260-46d4-4fd9-08db24f7ae8e	\N	\N	f	t	\N	Trợ lý bác sĩ	\N	\N	\N	\N	\N	\N	\N	\N	\N	\N	\N	\N	\N	\N	\N	\N	\N	\N	\N	\N	\N	\N	\N	\N	\N	\N	2026-04-15 08:47:57.651	f	f	\N	\N	\N	\N	\N	\N	\N	\N	\N	\N	\N	\N	\N	\N	\N	\N	\N	\N	\N	f	\N	\N	\N	\N	\N	\N	\N	\N	\N	\N	\N	\N	\N	\N	\N	\N	\N	\N	\N	f	\N	\N	\N	\N	f	t	f	2023-04-01 00:00:00	0.00	\N	\N	\N	\N
eade2d78-8ff1-491b-bdd3-afe30077c406	\N	BÁC SĨ 03	BÁC SĨ 03	\N	0364564030	maivina.rhm11@gmail.com	f	f	f	f	c6b4b453-d260-46d4-4fd9-08db24f7ae8e	\N	\N	f	t	\N	Bác sĩ	\N	\N	\N	\N	\N	\N	\N	\N	\N	\N	\N	\N	\N	\N	\N	\N	\N	\N	\N	\N	\N	\N	\N	\N	\N	\N	2026-04-15 08:52:53.581	f	f	\N	\N	\N	\N	\N	\N	\N	\N	\N	\N	\N	\N	\N	\N	\N	\N	\N	\N	\N	f	\N	\N	\N	\N	\N	\N	\N	\N	\N	\N	\N	\N	\N	\N	\N	\N	\N	\N	\N	f	\N	\N	\N	\N	t	f	f	2024-02-15 00:00:00	0.00	\N	\N	\N	\N
9cb15416-dadd-4136-a10b-afe30076c3a3	\N	PT3 Bảo Nhi	PT3 Bảo Nhi	\N	0963964390	Baonhi.ydn@gmail.com	f	f	f	f	c6b4b453-d260-46d4-4fd9-08db24f7ae8e	\N	\N	f	t	\N	Phụ tá	\N	\N	\N	\N	\N	\N	\N	\N	\N	\N	\N	\N	\N	\N	\N	\N	\N	\N	\N	\N	\N	\N	\N	\N	\N	\N	2026-04-15 08:54:03.754	f	f	\N	\N	\N	\N	\N	\N	\N	\N	\N	\N	\N	\N	\N	\N	\N	\N	\N	\N	\N	f	\N	\N	\N	\N	\N	\N	\N	\N	\N	\N	\N	\N	\N	\N	\N	\N	\N	\N	\N	f	\N	\N	\N	\N	f	t	f	2023-04-01 00:00:00	0.00	\N	\N	\N	\N
0d8c04ec-8da8-4229-8229-b298004bfb1f	\N	PHẠM PHƯỚC GIA BẢO	PHẠM PHƯỚC GIA BẢO	\N	\N	\N	f	f	f	f	765f6593-2b19-4d06-cc8c-08dc4d479451	\N	\N	t	t	\N	Phụ tá	\N	\N	\N	\N	\N	\N	\N	\N	\N	\N	\N	\N	\N	\N	\N	\N	\N	\N	\N	\N	\N	\N	\N	\N	\N	\N	2026-04-15 09:12:38.588	f	f	\N	\N	\N	\N	\N	\N	\N	\N	\N	\N	\N	\N	\N	\N	\N	\N	\N	\N	\N	f	\N	\N	\N	\N	\N	\N	\N	\N	\N	\N	\N	\N	\N	\N	\N	\N	\N	\N	\N	f	$2b$10$E25gVSIzOujrTVyPfNq0XukwuyFAHQPpxtxMKt47vB5ELYG52prru	\N	\N	\N	f	t	f	\N	0.00	\N	\N	\N	\N
58a26a1d-d02c-4358-b326-b30100a8268a	\N	Lê Thị Trang	Lê Thị Trang	\N	\N	\N	f	f	f	f	f0f6361e-b99d-4ac7-4108-08dd8159c64a	\N	\N	t	t	\N	Phụ tá	\N	\N	\N	\N	\N	\N	\N	\N	\N	\N	\N	\N	\N	\N	\N	\N	\N	\N	\N	\N	\N	\N	\N	\N	\N	\N	2026-04-15 09:13:04.442	f	f	\N	\N	\N	\N	\N	\N	\N	\N	\N	\N	\N	\N	\N	\N	\N	\N	\N	\N	\N	f	\N	\N	\N	\N	\N	\N	\N	\N	\N	\N	\N	\N	\N	\N	\N	\N	\N	\N	\N	f	$2b$10$J/LfuoDjZTcVFV9B90nGE.62b8u906LjvnbLaddQrtBQkR1teodIW	\N	\N	\N	f	t	f	\N	0.00	\N	\N	\N	\N
6878bc9d-2459-4feb-8257-b0a900c4062f	[NV00063] Trịnh Công Quân	Trịnh Công Quân	Trinh Cong Quan	\N	0911379595	\N	f	f	f	f	c6b4b453-d260-46d4-4fd9-08db24f7ae8e	NV00063	\N	t	t	male	\N	\N	\N	\N	\N	\N	\N	\N	\N	\N	\N	\N	\N	\N	\N	\N	\N	\N	2023-10-28 00:00:00	\N	\N	\N	\N	2023-10-28 18:53:42.128261	\N	ec24a7fb-2196-41f1-82f0-b5d0551cb59b	2023-10-28 18:53:42.128263	2025-08-08 16:27:09.565095	f	f	\N	\N	\N	\N	contact	\N	\N	\N	\N	\N	\N	\N	\N	\N	\N	\N	\N	\N	\N	f	\N	\N	\N	\N	\N	\N	\N	\N	\N	\N	\N	\N	\N	\N	\N	\N	\N	\N	\N	f	\N	\N	\N	\N	f	f	f	\N	\N	\N	\N	\N	\N
fc7038fd-4a85-4df7-bee8-b00a0036fab9	[NV00015] Phạm Thị Bích Huyền	Phạm Thị Bích Huyền	Pham Thi Bich Huyen	\N	0976347285	\N	f	f	f	f	c6b4b453-d260-46d4-4fd9-08db24f7ae8e	NV00015	\N	t	t	male	\N	\N	\N	\N	\N	\N	\N	\N	\N	\N	\N	\N	\N	\N	\N	\N	\N	\N	2023-05-22 00:00:00	\N	\N	\N	\N	2023-05-22 10:20:10.429605	\N	ec24a7fb-2196-41f1-82f0-b5d0551cb59b	2023-05-22 10:20:10.429606	2025-07-30 09:20:56.856034	f	f	\N	\N	\N	\N	\N	\N	\N	\N	\N	\N	\N	\N	\N	\N	\N	\N	\N	\N	\N	f	\N	\N	\N	\N	\N	\N	\N	\N	\N	\N	\N	\N	\N	\N	\N	\N	\N	\N	\N	f	\N	\N	\N	\N	f	f	f	\N	\N	\N	\N	\N	\N
095c4b17-f485-42c5-8695-b0380045c44f	[NV00020] Huỳnh Ngọc Bảo Hân	Huỳnh Ngọc Bảo Hân	Huynh Ngoc Bao Han	\N	0776615968 	hanniehuynh261197@gmail.com	f	f	f	f	c6b4b453-d260-46d4-4fd9-08db24f7ae8e	NV00020	\N	f	t	male	\N	\N	\N	\N	\N	\N	\N	\N	\N	\N	\N	\N	\N	\N	\N	\N	\N	\N	2023-07-07 00:00:00	\N	\N	\N	\N	2023-07-07 11:14:00.795572	\N	b19424da-e016-41c8-b992-17181969c924	2023-07-07 11:14:00.795573	2023-12-21 15:25:41.143683	f	f	\N	\N	\N	\N	\N	\N	\N	\N	\N	\N	\N	\N	\N	\N	\N	\N	\N	\N	\N	f	\N	\N	\N	\N	\N	\N	\N	\N	\N	\N	\N	\N	\N	\N	\N	\N	\N	\N	\N	f	\N	\N	\N	\N	f	f	f	\N	\N	\N	\N	\N	\N
29f99581-44cd-4c45-9caa-b03a004d91dd	[NV00021] Đỗ Thị Thanh Tuyền	Đỗ Thị Thanh Tuyền	Do Thi Thanh Tuyen	\N	0932267580	dotuyen140488@gmail.com	f	f	f	f	c6b4b453-d260-46d4-4fd9-08db24f7ae8e	NV00021	\N	f	t	male	\N	\N	\N	\N	\N	\N	\N	\N	\N	\N	\N	\N	\N	\N	\N	\N	\N	\N	2023-07-09 00:00:00	\N	\N	\N	\N	2023-07-09 11:42:25.375136	\N	b19424da-e016-41c8-b992-17181969c924	2023-07-09 11:42:25.375136	2023-12-21 15:25:58.277033	f	f	\N	\N	\N	\N	\N	\N	\N	\N	\N	\N	\N	\N	\N	\N	\N	\N	\N	\N	\N	f	\N	\N	\N	\N	\N	\N	\N	\N	\N	\N	\N	\N	\N	\N	\N	\N	\N	\N	\N	f	\N	\N	\N	\N	f	f	f	\N	\N	\N	\N	\N	\N
6c5a824f-9bc5-4820-a19e-b04400aa740d	[NV00022] Bùi Thị Mai	Bùi Thị Mai	Bui Thi Mai	\N	0933868682	\N	f	f	f	f	c6b4b453-d260-46d4-4fd9-08db24f7ae8e	NV00022	\N	f	t	male	\N	\N	\N	\N	\N	\N	\N	\N	\N	\N	\N	\N	\N	\N	\N	\N	\N	\N	2023-07-19 00:00:00	\N	\N	\N	\N	2023-07-19 17:20:36.094926	\N	b19424da-e016-41c8-b992-17181969c924	2023-07-19 17:20:36.094928	2023-12-21 15:26:13.451504	f	f	\N	\N	\N	\N	\N	\N	\N	\N	\N	\N	\N	\N	\N	\N	\N	\N	\N	\N	\N	f	\N	\N	\N	\N	\N	\N	\N	\N	\N	\N	\N	\N	\N	\N	\N	\N	\N	\N	\N	f	\N	\N	\N	\N	f	f	f	\N	\N	\N	\N	\N	\N
f61d0ac5-5d52-409c-8e18-b04c00a7d49b	[NV00023] THẠCH THỊ THU HIỀN 	THẠCH THỊ THU HIỀN 	THACH THI THU HIEN 	\N	0704925249	hien925249@gmail.com	f	f	f	f	c6b4b453-d260-46d4-4fd9-08db24f7ae8e	NV00023	\N	f	t	male	\N	\N	\N	\N	\N	\N	\N	\N	\N	\N	\N	\N	\N	\N	\N	\N	\N	\N	2023-07-27 00:00:00	\N	\N	\N	\N	2023-07-27 17:11:03.127628	\N	b19424da-e016-41c8-b992-17181969c924	2023-07-27 17:11:03.127629	2023-12-21 15:26:21.778803	f	f	\N	\N	\N	\N	\N	\N	\N	\N	\N	\N	\N	\N	\N	\N	\N	\N	\N	\N	\N	f	\N	\N	\N	\N	\N	\N	\N	\N	\N	\N	\N	\N	\N	\N	\N	\N	\N	\N	\N	f	\N	\N	\N	\N	f	f	f	\N	\N	\N	\N	\N	\N
438010e2-9ebc-4abc-b40e-b04c00a86d4a	[NV00024] NGUYỄN THANH HOA	NGUYỄN THANH HOA	NGUYEN THANH HOA	\N	0963757969	hoalyly0808@gmail.com	f	f	f	f	c6b4b453-d260-46d4-4fd9-08db24f7ae8e	NV00024	\N	f	t	male	\N	\N	\N	\N	\N	\N	\N	\N	\N	\N	\N	\N	\N	\N	\N	\N	\N	\N	2023-07-27 00:00:00	\N	\N	\N	\N	2023-07-27 17:13:13.416378	\N	b19424da-e016-41c8-b992-17181969c924	2023-07-27 17:13:13.416378	2023-12-21 15:26:26.993062	f	f	\N	\N	\N	\N	\N	\N	\N	\N	\N	\N	\N	\N	\N	\N	\N	\N	\N	\N	\N	f	\N	\N	\N	\N	\N	\N	\N	\N	\N	\N	\N	\N	\N	\N	\N	\N	\N	\N	\N	f	\N	\N	\N	\N	f	f	f	\N	\N	\N	\N	\N	\N
b0bad840-1708-4bc6-8fba-b067007ee1b3	[NV00046] Trần Trọng Dưỡng	Trần Trọng Dưỡng	Tran Trong Duong	\N	0383640717	\N	f	f	f	f	b178d5ee-d9ac-477e-088e-08db9a4c4cf4	NV00046	\N	t	t	male	\N	\N	\N	\N	\N	\N	\N	\N	\N	\N	\N	\N	\N	\N	\N	\N	\N	\N	2023-08-23 00:00:00	\N	\N	\N	\N	2023-08-23 14:41:57.717137	\N	7c1e531a-10bd-40fc-a5a3-8a404bab47b6	2023-08-23 14:41:57.717138	2025-07-30 10:10:38.661441	f	f	\N	\N	\N	\N	\N	\N	\N	\N	\N	\N	\N	\N	\N	\N	\N	\N	\N	\N	\N	f	\N	\N	\N	\N	\N	\N	\N	\N	\N	\N	\N	\N	\N	\N	\N	\N	\N	\N	\N	f	\N	\N	\N	\N	f	f	f	\N	\N	\N	\N	\N	\N
ba1e46e2-2cdf-4740-93c0-b067007f9453	[NV00047] Điểu Thị Hà Nhi	Điểu Thị Hà Nhi	Dieu Thi Ha Nhi	\N	0336120030	\N	f	f	f	f	b178d5ee-d9ac-477e-088e-08db9a4c4cf4	NV00047	\N	f	t	male	\N	\N	\N	\N	\N	\N	\N	\N	\N	\N	\N	\N	\N	\N	\N	\N	\N	\N	2023-08-23 00:00:00	\N	\N	\N	\N	2023-08-23 14:44:30.143507	\N	b45ec157-435e-4898-b9ce-116aee98a5a2	2023-08-23 14:44:30.143508	2025-02-12 11:55:24.586711	f	f	\N	\N	\N	\N	\N	\N	\N	\N	\N	\N	\N	\N	\N	\N	\N	\N	\N	\N	\N	f	\N	\N	\N	\N	\N	\N	\N	\N	\N	\N	\N	\N	\N	\N	\N	\N	\N	\N	\N	f	\N	\N	\N	\N	f	f	f	\N	\N	\N	\N	\N	\N
1faea503-ecab-4308-ab42-b06c00800832	[NV00049] Lương Thị Đài Trang	Lương Thị Đài Trang	Luong Thi Dai Trang	\N	0909977982	trang.ltd1991@gmail.com	f	f	f	f	b178d5ee-d9ac-477e-088e-08db9a4c4cf4	NV00049	\N	f	t	male	\N	\N	\N	\N	\N	\N	\N	\N	\N	\N	\N	\N	\N	\N	\N	\N	\N	\N	2023-08-28 00:00:00	\N	\N	\N	\N	2023-08-28 14:46:09.019199	\N	b19424da-e016-41c8-b992-17181969c924	2023-08-28 14:46:09.019201	2023-10-09 12:04:03.493998	f	f	\N	\N	\N	\N	contact	\N	\N	\N	\N	\N	\N	\N	\N	\N	\N	\N	\N	\N	\N	f	\N	\N	\N	\N	\N	\N	\N	\N	\N	\N	\N	\N	\N	\N	\N	\N	\N	\N	\N	f	\N	\N	\N	\N	f	f	f	\N	\N	\N	\N	\N	\N
d6af6d7c-8714-4785-8fdf-b06d009c04fb	[NV00050] Trang Sale	Trang Sale	Trang Sale	\N	\N	\N	f	f	f	f	c6b4b453-d260-46d4-4fd9-08db24f7ae8e	NV00050	\N	f	t	male	\N	\N	\N	\N	\N	\N	\N	\N	\N	\N	\N	\N	\N	\N	\N	\N	\N	\N	2023-08-29 00:00:00	\N	\N	\N	\N	2023-08-29 16:28:02.967833	\N	b19424da-e016-41c8-b992-17181969c924	2023-08-29 16:28:02.967834	2023-12-21 15:26:51.395415	f	f	\N	\N	\N	\N	contact	\N	\N	\N	\N	\N	\N	\N	\N	\N	\N	\N	\N	\N	\N	f	\N	\N	\N	\N	\N	\N	\N	\N	\N	\N	\N	\N	\N	\N	\N	\N	\N	\N	\N	f	\N	\N	\N	\N	f	f	f	\N	\N	\N	\N	\N	\N
35b1a4da-1621-4dcc-8853-b072009d6337	[NV00052] Nguyễn Thị Kim Cúc 	Nguyễn Thị Kim Cúc 	Nguyen Thi Kim Cuc 	\N	0386776672	\N	f	f	f	f	b178d5ee-d9ac-477e-088e-08db9a4c4cf4	NV00052	\N	f	t	male	\N	\N	\N	\N	\N	\N	\N	\N	\N	\N	\N	\N	\N	\N	\N	\N	\N	\N	2023-09-03 00:00:00	\N	\N	\N	\N	2023-09-03 16:33:01.836367	\N	7c1e531a-10bd-40fc-a5a3-8a404bab47b6	2023-09-03 16:33:01.836369	2025-07-30 16:53:16.104352	f	f	\N	\N	\N	\N	contact	\N	\N	\N	\N	\N	\N	\N	\N	\N	\N	\N	\N	\N	\N	f	\N	\N	\N	\N	\N	\N	\N	\N	\N	\N	\N	\N	\N	\N	\N	\N	\N	\N	\N	f	\N	\N	\N	\N	f	f	f	\N	\N	\N	\N	\N	\N
075a132b-3ac2-4e0e-b41b-b07400ae219f	[NV00054] Huỳnh Trung Tín	Huỳnh Trung Tín	Huynh Trung Tin	\N	0856644556	\N	f	f	f	f	c6b4b453-d260-46d4-4fd9-08db24f7ae8e	NV00054	\N	t	t	male	\N	\N	\N	\N	\N	\N	\N	\N	\N	\N	\N	\N	\N	\N	\N	\N	\N	\N	2023-09-05 00:00:00	\N	\N	\N	\N	2023-09-05 17:33:59.566291	\N	ec24a7fb-2196-41f1-82f0-b5d0551cb59b	2023-09-05 17:33:59.566292	2025-07-30 09:20:35.046721	f	f	\N	\N	\N	\N	contact	\N	\N	\N	\N	\N	\N	\N	\N	\N	\N	\N	\N	\N	\N	f	\N	\N	\N	\N	\N	\N	\N	\N	\N	\N	\N	\N	\N	\N	\N	\N	\N	\N	\N	f	\N	\N	\N	\N	f	f	f	\N	\N	\N	\N	\N	\N
93f6ff1d-c2fe-4316-a129-b0b900c2d94f	[NV00065] Nguyễn Thế Kiên	Nguyễn Thế Kiên	Nguyen The Kien	\N	111	\N	f	f	f	f	c6b4b453-d260-46d4-4fd9-08db24f7ae8e	NV00065	\N	t	t	male	\N	\N	\N	\N	\N	\N	\N	\N	\N	\N	\N	\N	\N	\N	\N	\N	\N	\N	2023-11-13 00:00:00	\N	\N	\N	\N	2023-11-13 18:49:25.379478	\N	ec24a7fb-2196-41f1-82f0-b5d0551cb59b	2023-11-13 18:49:25.379479	2024-06-30 11:04:57.566009	f	f	\N	\N	\N	\N	contact	\N	\N	\N	\N	\N	\N	\N	\N	\N	\N	\N	\N	\N	\N	f	\N	\N	\N	\N	\N	\N	\N	\N	\N	\N	\N	\N	\N	\N	\N	\N	\N	\N	\N	f	\N	\N	\N	\N	f	f	f	\N	\N	\N	\N	\N	\N
f6075c03-7109-4156-a432-b0770091cc17	[NV00057] BÁC SĨ 09	BÁC SĨ 09	BAC SI 09	\N	0977698017	\N	f	f	f	f	c6b4b453-d260-46d4-4fd9-08db24f7ae8e	NV00057	\N	t	t	male	Bác sĩ	\N	\N	\N	\N	\N	\N	\N	\N	\N	\N	\N	\N	\N	\N	\N	\N	\N	2023-09-08 00:00:00	\N	\N	\N	\N	2023-09-08 15:50:49.888564	\N	ec24a7fb-2196-41f1-82f0-b5d0551cb59b	2023-09-08 15:50:49.888565	2026-04-15 06:48:53.658	f	f	\N	\N	\N	\N	contact	\N	\N	\N	\N	\N	\N	\N	\N	\N	\N	\N	\N	\N	\N	f	\N	\N	\N	\N	\N	\N	\N	\N	\N	\N	\N	\N	\N	\N	\N	\N	\N	\N	\N	f	$2b$10$kkQjEk1UQfaX92XdHJqt4ecT8lYX3HrBl/6384Lm6FTBXJzpC9P.q	\N	\N	\N	t	f	f	2023-09-08 00:00:00	\N	\N	\N	\N	\N
d206433d-88f0-468f-bc32-b1850075f141	[NV00137] BÁC SĨ 11	BÁC SĨ 11	BAC SI 11	\N	0836589378	tuanbao1910@gmail.com	f	f	f	f	c6b4b453-d260-46d4-4fd9-08db24f7ae8e	NV00137	\N	f	t	male	Bác sĩ	\N	\N	\N	\N	\N	\N	\N	\N	\N	\N	\N	\N	\N	\N	\N	\N	\N	2024-06-04 00:00:00	\N	\N	\N	\N	2024-06-04 14:09:24.909642	\N	ec24a7fb-2196-41f1-82f0-b5d0551cb59b	2024-06-04 14:09:24.909644	2026-04-15 08:24:34.457	f	f	\N	\N	\N	\N	contact	\N	\N	\N	\N	\N	\N	\N	\N	\N	\N	\N	\N	\N	\N	f	\N	\N	\N	\N	\N	\N	\N	\N	\N	\N	\N	\N	\N	\N	\N	\N	\N	\N	\N	f	\N	\N	\N	\N	t	f	f	2024-06-04 00:00:00	\N	\N	\N	\N	\N
25f6a581-cd81-4081-b17f-b05f002e943b	[NV00045] Bác sĩ (17) Full	Bác sĩ (17) Full	Bac si (17) Full	\N	\N	\N	f	f	f	f	c6b4b453-d260-46d4-4fd9-08db24f7ae8e	NV00045	\N	t	t	male	Bác sĩ	\N	\N	\N	\N	\N	\N	\N	\N	\N	\N	\N	\N	\N	\N	\N	\N	\N	2023-08-15 00:00:00	\N	\N	\N	\N	2023-08-15 09:49:35.344525	\N	b19424da-e016-41c8-b992-17181969c924	2023-08-15 09:49:35.344526	2026-04-15 08:24:56.275	f	f	\N	\N	\N	\N	\N	\N	\N	\N	\N	\N	\N	\N	\N	\N	\N	\N	\N	\N	\N	f	\N	\N	\N	\N	\N	\N	\N	\N	\N	\N	\N	\N	\N	\N	\N	\N	\N	\N	\N	f	$2b$10$eED7.LVnk5j2Cp5yO9u66e0dfc6iKBf4ZZjFzosLTWN4kRPvP9o3O	\N	\N	\N	t	f	f	2023-08-15 00:00:00	\N	\N	\N	\N	\N
27e35899-8277-4dbd-9721-b0590074fbdb	[NV00025] HUỲNH THỊ THANH THẢO - PT	HUỲNH THỊ THANH THẢO - PT	HUYNH THI THANH THAO - PT	\N	0767562600	thanhthaohuynhn@gmail.com	f	f	f	f	c6b4b453-d260-46d4-4fd9-08db24f7ae8e	NV00025	\N	f	t	male	Phụ tá	\N	\N	\N	\N	\N	\N	\N	\N	\N	\N	\N	\N	\N	\N	\N	\N	\N	2023-08-09 00:00:00	\N	\N	\N	\N	2023-08-09 14:05:55.502722	\N	ec24a7fb-2196-41f1-82f0-b5d0551cb59b	2023-08-09 14:05:55.502768	2026-04-15 08:30:04.906	f	f	\N	\N	\N	\N	\N	\N	\N	\N	\N	\N	\N	\N	\N	\N	\N	\N	\N	\N	\N	f	\N	\N	\N	\N	\N	\N	\N	\N	\N	\N	\N	\N	\N	\N	\N	\N	\N	\N	\N	f	\N	\N	\N	\N	f	t	f	2023-08-09 00:00:00	\N	\N	\N	\N	\N
10a5ef04-c071-4c46-a519-b06f009953a5	[NV00051] Nguyễn Thuỳ Hoàng Oanh	Nguyễn Thuỳ Hoàng Oanh	Nguyen Thuy Hoang Oanh	\N	0367356875	\N	f	f	f	f	c6b4b453-d260-46d4-4fd9-08db24f7ae8e	NV00051	\N	f	t	male	Phụ tá	\N	\N	\N	\N	\N	\N	\N	\N	\N	\N	\N	\N	\N	\N	\N	\N	\N	2023-08-31 00:00:00	\N	\N	\N	\N	2023-08-31 16:18:14.736195	\N	ec24a7fb-2196-41f1-82f0-b5d0551cb59b	2023-08-31 16:18:14.736196	2026-04-15 08:44:18.696	f	f	\N	\N	\N	\N	contact	\N	\N	\N	\N	\N	\N	\N	\N	\N	\N	\N	\N	\N	\N	f	\N	\N	\N	\N	\N	\N	\N	\N	\N	\N	\N	\N	\N	\N	\N	\N	\N	\N	\N	f	$2b$10$38xEMyIvofVmhacDlqpNPOwritN0exqrZautvNwj9vSpWuyOLDFw2	\N	\N	\N	f	t	f	2023-08-31 00:00:00	\N	\N	\N	\N	\N
5f52427c-2a08-429b-993c-afe8003ed181	[NV00013] Thuỳ Dung	Thuỳ Dung	Thuy Dung	\N	0989453198	tg1@clinic.vn	f	f	f	f	c6b4b453-d260-46d4-4fd9-08db24f7ae8e	NV00013	\N	f	t	male	Lễ tân	\N	\N	\N	\N	\N	\N	\N	\N	\N	\N	\N	\N	\N	\N	\N	\N	\N	2023-04-18 00:00:00	\N	\N	\N	\N	2023-04-18 10:48:42.883227	\N	b19424da-e016-41c8-b992-17181969c924	2023-04-18 10:48:42.883228	2026-04-15 08:48:12.55	f	f	\N	\N	\N	\N	\N	\N	\N	\N	\N	\N	\N	\N	\N	\N	\N	\N	\N	\N	\N	f	\N	\N	\N	\N	\N	\N	\N	\N	\N	\N	\N	\N	\N	\N	\N	\N	\N	\N	\N	f	$2b$10$JkCJsjWxU1MGLpEo8s97eecuT9.uZcf4hlPeVJ0bSYjF4Y3rSp5X6	\N	\N	\N	f	f	t	2023-04-18 00:00:00	\N	\N	\N	\N	\N
1ce75d4b-2552-4840-9907-afef00fca741	[NV00014] Thế Tú	Thế Tú	The Tu	\N	0834390143	\N	f	f	f	f	c6b4b453-d260-46d4-4fd9-08db24f7ae8e	NV00014	\N	t	t	male	Marketing	\N	\N	\N	\N	\N	\N	\N	\N	\N	\N	\N	\N	\N	\N	\N	\N	\N	2023-04-25 00:00:00	\N	\N	\N	\N	2023-04-25 22:19:52.959962	\N	b19424da-e016-41c8-b992-17181969c924	2023-04-25 22:19:52.959963	2026-04-15 08:48:28.534	f	f	\N	\N	\N	\N	\N	\N	\N	\N	\N	\N	\N	\N	\N	\N	\N	\N	\N	\N	\N	f	\N	\N	\N	\N	\N	\N	\N	\N	\N	\N	\N	\N	\N	\N	\N	\N	\N	\N	\N	f	$2b$10$f5KsnRZ599fSpjZJfHkbtO.nwP38gDYSV.wr6XTcG3eVbEvDebBwK	\N	\N	\N	f	f	f	2023-04-25 00:00:00	\N	\N	\N	\N	\N
c3e5b929-8343-41bb-807c-b02700c5a954	[NV00018] Trần Dương Ngọc Huyền Linh	Trần Dương Ngọc Huyền Linh	Tran Duong Ngoc Huyen Linh	\N	0357147655	linhtranduong712@gmail.com	f	f	f	f	c6b4b453-d260-46d4-4fd9-08db24f7ae8e	NV00018	\N	t	t	male	CSKH	\N	\N	\N	\N	\N	\N	\N	\N	\N	\N	\N	\N	\N	\N	\N	\N	\N	2023-06-20 00:00:00	\N	\N	\N	\N	2023-06-20 18:59:39.796136	\N	b19424da-e016-41c8-b992-17181969c924	2023-06-20 18:59:39.796136	2026-04-15 08:49:03.113	f	f	\N	\N	\N	\N	\N	\N	\N	\N	\N	\N	\N	\N	\N	\N	\N	\N	\N	\N	\N	f	\N	\N	\N	\N	\N	\N	\N	\N	\N	\N	\N	\N	\N	\N	\N	\N	\N	\N	\N	f	\N	\N	\N	\N	f	f	f	2023-06-20 00:00:00	\N	\N	\N	\N	\N
b15c4be7-af28-4910-8296-b0b900c29ef0	[NV00064] Trần Hoài Thương	Trần Hoài Thương	Tran Hoai Thuong	\N	111	\N	f	f	f	f	c6b4b453-d260-46d4-4fd9-08db24f7ae8e	NV00064	\N	f	t	male	Phụ tá	\N	\N	\N	\N	\N	\N	\N	\N	\N	\N	\N	\N	\N	\N	\N	\N	\N	2023-11-13 00:00:00	\N	\N	\N	\N	2023-11-13 18:48:35.571073	\N	ec24a7fb-2196-41f1-82f0-b5d0551cb59b	2023-11-13 18:48:35.571074	2026-04-15 08:49:23.502	f	f	\N	\N	\N	\N	contact	\N	\N	\N	\N	\N	\N	\N	\N	\N	\N	\N	\N	\N	\N	f	\N	\N	\N	\N	\N	\N	\N	\N	\N	\N	\N	\N	\N	\N	\N	\N	\N	\N	\N	f	$2b$10$E6osBCDLv3CwH94v641m5uh70ZgfFpd3VS54GzhnY/HLcmS329ksq	\N	\N	\N	f	t	f	2023-11-13 00:00:00	\N	\N	\N	\N	\N
4671592f-a16c-4748-ae82-b012002bcfe7	[NV00017] Trần Thị Thùy Linh	Trần Thị Thùy Linh	Tran Thi Thuy Linh	\N	0768693348	\N	f	f	f	f	c6b4b453-d260-46d4-4fd9-08db24f7ae8e	NV00017	\N	f	t	male	Phụ tá	\N	\N	\N	\N	\N	\N	\N	\N	\N	\N	\N	\N	\N	\N	\N	\N	\N	2023-05-30 00:00:00	\N	\N	\N	\N	2023-05-30 09:39:30.903525	\N	ec24a7fb-2196-41f1-82f0-b5d0551cb59b	2023-05-30 09:39:30.903526	2026-04-15 08:50:10.752	f	f	\N	\N	\N	\N	\N	\N	\N	\N	\N	\N	\N	\N	\N	\N	\N	\N	\N	\N	\N	f	\N	\N	\N	\N	\N	\N	\N	\N	\N	\N	\N	\N	\N	\N	\N	\N	\N	\N	\N	f	$2b$10$lK4Ta/9Dgiu97zE9sAWzpuyCu8UbJCMYZFZ4PlZeKyTwmvE.n6Q4O	\N	\N	\N	f	t	f	2023-05-30 00:00:00	\N	\N	\N	\N	\N
d2cb014e-6028-49aa-a4cd-b22000675e8f	[NV00206] Giới thiệu	Giới thiệu	Gioi thieu	\N	\N	\N	f	f	f	f	b178d5ee-d9ac-477e-088e-08db9a4c4cf4	NV00206	\N	t	t	male	Nhân viên sale	\N	\N	\N	\N	\N	\N	\N	\N	\N	\N	\N	\N	\N	\N	\N	\N	\N	2024-11-06 00:00:00	\N	\N	\N	\N	2024-11-06 13:16:21.382596	\N	\N	2024-11-06 13:16:21.382598	2026-04-15 09:06:52.021	f	f	\N	\N	\N	\N	contact	\N	\N	206	NV	\N	\N	\N	\N	\N	\N	\N	\N	\N	\N	f	\N	\N	\N	\N	\N	\N	\N	\N	\N	\N	\N	\N	\N	\N	\N	\N	\N	\N	\N	f	$2b$10$jpetaNgfmGBTTZb4PAVGTuQrtuH1YKwD0YHGcXaJcr9nErMzQmfhO	\N	\N	\N	f	f	f	2024-11-06 00:00:00	\N	\N	\N	\N	\N
e1290375-f78d-4978-b5e6-b1a9009603fa	[NV00148] Lê Hoàng Chương	Lê Hoàng Chương	Le Hoang Chuong	\N	0868910149	\N	f	f	f	f	b178d5ee-d9ac-477e-088e-08db9a4c4cf4	NV00148	\N	f	t	male	Phụ tá	\N	\N	\N	\N	\N	\N	\N	\N	\N	\N	\N	\N	\N	\N	\N	\N	\N	2024-07-10 00:00:00	\N	\N	\N	\N	2024-07-10 16:06:11.392449	\N	7c1e531a-10bd-40fc-a5a3-8a404bab47b6	2024-07-10 16:06:11.39245	2026-04-15 09:07:21.712	f	f	\N	\N	\N	\N	contact	\N	\N	148	NV	\N	\N	\N	\N	\N	\N	\N	\N	\N	\N	f	\N	\N	\N	\N	\N	\N	\N	\N	\N	\N	\N	\N	\N	\N	\N	\N	\N	\N	\N	f	$2b$10$cHJ5w2YQ2MzRZTKAzLgeku0gcftrF54EBOPI6X/8itxPqpa7znjr2	\N	\N	\N	f	t	f	2024-07-10 00:00:00	\N	\N	\N	\N	\N
fd0a127e-c04c-4e48-b094-b08e0098be99	[NV00059] Nguyễn Duy Bảo Thy	Nguyễn Duy Bảo Thy	Nguyen Duy Bao Thy	\N	\N	\N	f	f	f	f	b178d5ee-d9ac-477e-088e-08db9a4c4cf4	NV00059	\N	f	t	male	\N	\N	\N	\N	\N	\N	\N	\N	\N	\N	\N	\N	\N	\N	\N	\N	\N	\N	2023-10-01 00:00:00	\N	\N	\N	\N	2023-10-01 16:16:07.5492	\N	ec24a7fb-2196-41f1-82f0-b5d0551cb59b	2023-10-01 16:16:07.549201	2024-03-12 11:07:07.146074	f	f	\N	\N	\N	\N	contact	\N	\N	\N	\N	\N	\N	\N	\N	\N	\N	\N	\N	\N	\N	f	\N	\N	\N	\N	\N	\N	\N	\N	\N	\N	\N	\N	\N	\N	\N	\N	\N	\N	\N	f	\N	\N	\N	\N	f	f	f	\N	\N	\N	\N	\N	\N
dbc25041-4e39-42bf-912e-b09d0094fc7d	[NV00060] Sale Giang	Sale Giang	Sale Giang	\N	\N	\N	f	f	f	f	c6b4b453-d260-46d4-4fd9-08db24f7ae8e	NV00060	\N	f	t	male	\N	\N	\N	\N	\N	\N	\N	\N	\N	\N	\N	\N	\N	\N	\N	\N	\N	\N	2023-10-16 00:00:00	\N	\N	\N	\N	2023-10-16 16:02:26.547411	\N	b19424da-e016-41c8-b992-17181969c924	2023-10-16 16:02:26.547412	2023-12-09 15:41:53.965762	f	f	\N	\N	\N	\N	contact	\N	\N	\N	\N	\N	\N	\N	\N	\N	\N	\N	\N	\N	\N	f	\N	\N	\N	\N	\N	\N	\N	\N	\N	\N	\N	\N	\N	\N	\N	\N	\N	\N	\N	f	\N	\N	\N	\N	f	f	f	\N	\N	\N	\N	\N	\N
c9b6249a-2da3-46bb-9194-b09f009ff786	[NV00061] Sale Giang	Sale Giang	Sale Giang	\N	\N	\N	f	f	f	f	b178d5ee-d9ac-477e-088e-08db9a4c4cf4	NV00061	\N	f	t	male	\N	\N	\N	\N	\N	\N	\N	\N	\N	\N	\N	\N	\N	\N	\N	\N	\N	\N	2023-10-18 00:00:00	\N	\N	\N	\N	2023-10-18 16:42:25.299088	\N	b19424da-e016-41c8-b992-17181969c924	2023-10-18 16:42:25.299088	2023-12-09 15:42:11.512713	f	f	\N	\N	\N	\N	contact	\N	\N	\N	\N	\N	\N	\N	\N	\N	\N	\N	\N	\N	\N	f	\N	\N	\N	\N	\N	\N	\N	\N	\N	\N	\N	\N	\N	\N	\N	\N	\N	\N	\N	f	\N	\N	\N	\N	f	f	f	\N	\N	\N	\N	\N	\N
a0397b76-db87-4c59-997b-b0c8009c1e97	[NV00066] Hồng Quân	Hồng Quân	Hong Quan	\N	\N	\N	f	f	f	f	b178d5ee-d9ac-477e-088e-08db9a4c4cf4	NV00066	\N	f	t	male	\N	\N	\N	\N	\N	\N	\N	\N	\N	\N	\N	\N	\N	\N	\N	\N	\N	\N	2023-11-28 00:00:00	\N	\N	\N	\N	2023-11-28 16:28:24.822752	\N	b19424da-e016-41c8-b992-17181969c924	2023-11-28 16:28:24.822753	2023-12-09 15:42:20.4295	f	f	\N	\N	\N	\N	contact	\N	\N	\N	\N	\N	\N	\N	\N	\N	\N	\N	\N	\N	\N	f	\N	\N	\N	\N	\N	\N	\N	\N	\N	\N	\N	\N	\N	\N	\N	\N	\N	\N	\N	f	\N	\N	\N	\N	f	f	f	\N	\N	\N	\N	\N	\N
34674d1c-24ab-4c91-b784-b0d700901cb2	[NV00067] Trần Thị Kim Hương	Trần Thị Kim Hương	Tran Thi Kim Huong	\N	\N	\N	f	f	f	f	c6b4b453-d260-46d4-4fd9-08db24f7ae8e	NV00067	\N	f	t	male	\N	\N	\N	\N	\N	\N	\N	\N	\N	\N	\N	\N	\N	\N	\N	\N	\N	\N	2023-12-13 00:00:00	\N	\N	\N	\N	2023-12-13 15:44:41.764234	\N	b19424da-e016-41c8-b992-17181969c924	2023-12-13 15:44:41.764235	2024-06-21 07:37:38.321226	f	f	\N	\N	\N	\N	contact	\N	\N	\N	\N	\N	\N	\N	\N	\N	\N	\N	\N	\N	\N	f	\N	\N	\N	\N	\N	\N	\N	\N	\N	\N	\N	\N	\N	\N	\N	\N	\N	\N	\N	f	\N	\N	\N	\N	f	f	f	\N	\N	\N	\N	\N	\N
3d3efb60-080a-4894-aa88-b0ef007194be	[NV00070] Khánh Ly TD	Khánh Ly TD	Khanh Ly TD	\N	\N	\N	f	f	f	f	b178d5ee-d9ac-477e-088e-08db9a4c4cf4	NV00070	\N	f	t	male	\N	\N	\N	\N	\N	\N	\N	\N	\N	\N	\N	\N	\N	\N	\N	\N	\N	\N	2024-01-06 00:00:00	\N	\N	\N	\N	2024-01-06 13:53:32.153746	\N	b19424da-e016-41c8-b992-17181969c924	2024-01-06 13:53:32.153747	2025-04-22 12:02:00.393835	f	f	\N	\N	\N	\N	contact	\N	\N	\N	\N	\N	\N	\N	\N	\N	\N	\N	\N	\N	\N	f	\N	\N	\N	\N	\N	\N	\N	\N	\N	\N	\N	\N	\N	\N	\N	\N	\N	\N	\N	f	\N	\N	\N	\N	f	f	f	\N	\N	\N	\N	\N	\N
7d51cf18-b69f-47cf-a193-b0f9002a6ace	[NV00071] Hoa Sale	Hoa Sale	Hoa Sale	\N	\N	\N	f	f	f	f	c6b4b453-d260-46d4-4fd9-08db24f7ae8e	NV00071	\N	f	t	male	\N	\N	\N	\N	\N	\N	\N	\N	\N	\N	\N	\N	\N	\N	\N	\N	\N	\N	2024-01-16 00:00:00	\N	\N	\N	\N	2024-01-16 09:34:26.179587	\N	b19424da-e016-41c8-b992-17181969c924	2024-01-16 09:34:26.179597	2024-03-12 11:41:03.931	f	f	\N	\N	\N	\N	contact	\N	\N	\N	\N	\N	\N	\N	\N	\N	\N	\N	\N	\N	\N	f	\N	\N	\N	\N	\N	\N	\N	\N	\N	\N	\N	\N	\N	\N	\N	\N	\N	\N	\N	f	\N	\N	\N	\N	f	f	f	\N	\N	\N	\N	\N	\N
9dded667-116b-4fe1-901e-b0f900fe6af7	[NV00072] Hoa Sale	Hoa Sale	Hoa Sale	\N	\N	\N	f	f	f	f	b178d5ee-d9ac-477e-088e-08db9a4c4cf4	NV00072	\N	f	t	male	\N	\N	\N	\N	\N	\N	\N	\N	\N	\N	\N	\N	\N	\N	\N	\N	\N	\N	2024-01-16 00:00:00	\N	\N	\N	\N	2024-01-16 22:26:18.417783	\N	b19424da-e016-41c8-b992-17181969c924	2024-01-16 22:26:18.417783	2024-03-04 16:35:06.652634	f	f	\N	\N	\N	\N	contact	\N	\N	\N	\N	\N	\N	\N	\N	\N	\N	\N	\N	\N	\N	f	\N	\N	\N	\N	\N	\N	\N	\N	\N	\N	\N	\N	\N	\N	\N	\N	\N	\N	\N	f	\N	\N	\N	\N	f	f	f	\N	\N	\N	\N	\N	\N
fb896d89-a840-4ff8-b8c2-b14400feb0b0	[NV00096] PHẠM THỊ ANH	PHẠM THỊ ANH	PHAM THI ANH	\N	938251392	\N	f	f	f	f	765f6593-2b19-4d06-cc8c-08dc4d479451	NV00096	\N	t	t	male	\N	\N	\N	\N	\N	\N	\N	\N	\N	\N	\N	\N	\N	\N	\N	\N	\N	\N	2024-03-31 00:00:00	\N	\N	\N	\N	2024-03-31 22:27:17.916706	\N	a6720b68-3b2a-4d0d-80a9-c88cbad11c0a	2024-03-31 22:27:17.916707	2025-07-30 09:13:42.725394	f	f	\N	\N	\N	\N	contact	\N	\N	\N	\N	\N	\N	\N	\N	\N	\N	\N	\N	\N	\N	f	\N	\N	\N	\N	\N	\N	\N	\N	\N	\N	\N	\N	\N	\N	\N	\N	\N	\N	\N	f	\N	\N	\N	\N	f	f	f	\N	\N	\N	\N	\N	\N
0e1d8e49-1339-4f80-802a-b1450094b47b	[NV00100] VÕ THỊ YẾN LINH	VÕ THỊ YẾN LINH	VO THI YEN LINH	\N	0916599575	voyenlinh2512@gmail.com	f	f	f	f	765f6593-2b19-4d06-cc8c-08dc4d479451	NV00100	\N	t	t	male	\N	\N	\N	\N	\N	\N	\N	\N	\N	\N	\N	\N	\N	\N	\N	\N	\N	\N	2024-04-01 00:00:00	\N	\N	\N	\N	2024-04-01 16:01:25.100131	\N	a6720b68-3b2a-4d0d-80a9-c88cbad11c0a	2024-04-01 16:01:25.100132	2025-07-30 09:12:20.821834	f	f	\N	\N	\N	\N	contact	\N	\N	\N	\N	\N	\N	\N	\N	\N	\N	\N	\N	\N	\N	f	\N	\N	\N	\N	\N	\N	\N	\N	\N	\N	\N	\N	\N	\N	\N	\N	\N	\N	\N	f	\N	\N	\N	\N	f	f	f	\N	\N	\N	\N	\N	\N
fa4aaf58-b788-4d04-a980-b14500952068	[NV00101] NGUYỄN NHẬT ANH	NGUYỄN NHẬT ANH	NGUYEN NHAT ANH	\N	0392123968	\N	f	f	f	f	765f6593-2b19-4d06-cc8c-08dc4d479451	NV00101	\N	t	t	male	\N	\N	\N	\N	\N	\N	\N	\N	\N	\N	\N	\N	\N	\N	\N	\N	\N	\N	2024-04-01 00:00:00	\N	\N	\N	\N	2024-04-01 16:02:57.198974	\N	a6720b68-3b2a-4d0d-80a9-c88cbad11c0a	2024-04-01 16:02:57.198975	2025-07-30 09:12:15.769097	f	f	\N	\N	\N	\N	contact	\N	\N	\N	\N	\N	\N	\N	\N	\N	\N	\N	\N	\N	\N	f	\N	\N	\N	\N	\N	\N	\N	\N	\N	\N	\N	\N	\N	\N	\N	\N	\N	\N	\N	f	\N	\N	\N	\N	f	f	f	\N	\N	\N	\N	\N	\N
d18b8bd1-6585-4435-b514-b1280081ede9	[NV00074] Nguyễn Thị Huyền	Nguyễn Thị Huyền	Nguyen Thi Huyen	\N	0972071566	\N	f	f	f	f	b178d5ee-d9ac-477e-088e-08db9a4c4cf4	NV00074	\N	f	t	male	\N	\N	\N	\N	\N	\N	\N	\N	\N	\N	\N	\N	\N	\N	\N	\N	\N	\N	2024-03-03 00:00:00	\N	\N	\N	\N	2024-03-03 14:53:03.494836	\N	b45ec157-435e-4898-b9ce-116aee98a5a2	2024-03-03 14:53:03.494837	2025-02-12 11:55:12.701316	f	f	\N	\N	\N	\N	contact	\N	\N	\N	\N	\N	\N	\N	\N	\N	\N	\N	\N	\N	\N	f	\N	\N	\N	\N	\N	\N	\N	\N	\N	\N	\N	\N	\N	\N	\N	\N	\N	\N	\N	f	\N	\N	\N	\N	f	f	f	\N	\N	\N	\N	\N	\N
c016ab54-5c43-4b2d-a46a-b129009e637b	[NV00075] Hoa Sale 2	Hoa Sale 2	Hoa Sale 2	\N	\N	\N	f	f	f	f	b178d5ee-d9ac-477e-088e-08db9a4c4cf4	NV00075	\N	f	t	male	\N	\N	\N	\N	\N	\N	\N	\N	\N	\N	\N	\N	\N	\N	\N	\N	\N	\N	2024-03-04 00:00:00	\N	\N	\N	\N	2024-03-04 16:36:40.513669	\N	b19424da-e016-41c8-b992-17181969c924	2024-03-04 16:36:40.513671	2024-04-23 10:31:05.955721	f	f	\N	\N	\N	\N	contact	\N	\N	\N	\N	\N	\N	\N	\N	\N	\N	\N	\N	\N	\N	f	\N	\N	\N	\N	\N	\N	\N	\N	\N	\N	\N	\N	\N	\N	\N	\N	\N	\N	\N	f	\N	\N	\N	\N	f	f	f	\N	\N	\N	\N	\N	\N
3367a87a-26f6-4f5b-9443-b13d00bcebef	[NV00078] Trần Thị Xuân Thuý	Trần Thị Xuân Thuý	Tran Thi Xuan Thuy	\N	0325922960	xuanthuy28119@gmail.com	f	f	f	f	b178d5ee-d9ac-477e-088e-08db9a4c4cf4	NV00078	\N	f	t	male	\N	\N	\N	\N	\N	\N	\N	\N	\N	\N	\N	\N	\N	\N	\N	\N	\N	\N	2024-03-24 00:00:00	\N	\N	\N	\N	2024-03-24 18:27:50.55569	\N	b45ec157-435e-4898-b9ce-116aee98a5a2	2024-03-24 18:27:50.55569	2025-02-12 11:54:49.255169	f	f	\N	\N	\N	\N	contact	\N	\N	\N	\N	\N	\N	\N	\N	\N	\N	\N	\N	\N	\N	f	\N	\N	\N	\N	\N	\N	\N	\N	\N	\N	\N	\N	\N	\N	\N	\N	\N	\N	\N	f	\N	\N	\N	\N	f	f	f	\N	\N	\N	\N	\N	\N
9b2f6a6e-a6c9-4de2-bcac-b13d00bdb80f	[NV00079] Trần Thị Mai Duyên	Trần Thị Mai Duyên	Tran Thi Mai Duyen	\N	0337828822	tranmaiduyen2802@gmail.com	f	f	f	f	b178d5ee-d9ac-477e-088e-08db9a4c4cf4	NV00079	\N	t	t	male	\N	\N	\N	\N	\N	\N	\N	\N	\N	\N	\N	\N	\N	\N	\N	\N	\N	\N	2024-03-24 00:00:00	\N	\N	\N	\N	2024-03-24 18:30:44.740664	\N	7c1e531a-10bd-40fc-a5a3-8a404bab47b6	2024-03-24 18:30:44.740665	2025-07-30 10:11:59.570157	f	f	\N	\N	\N	\N	contact	\N	\N	\N	\N	\N	\N	\N	\N	\N	\N	\N	\N	\N	\N	f	\N	\N	\N	\N	\N	\N	\N	\N	\N	\N	\N	\N	\N	\N	\N	\N	\N	\N	\N	f	\N	\N	\N	\N	f	f	f	\N	\N	\N	\N	\N	\N
b6fe590f-c2c0-442f-b49d-b14100692cde	[NV00090] Nguyễn Thị Phương Chi	Nguyễn Thị Phương Chi	Nguyen Thi Phuong Chi	\N	\N	\N	f	f	f	f	cad65000-6ff3-47c7-cc8d-08dc4d479451	NV00090	\N	f	t	male	\N	\N	\N	\N	\N	\N	\N	\N	\N	\N	\N	\N	\N	\N	\N	\N	\N	\N	2024-03-28 00:00:00	\N	\N	\N	\N	2024-03-28 13:22:55.884962	\N	b19424da-e016-41c8-b992-17181969c924	2024-03-28 13:22:55.884964	2024-04-04 10:28:18.335439	f	f	\N	\N	\N	\N	contact	\N	\N	\N	\N	\N	\N	\N	\N	\N	\N	\N	\N	\N	\N	f	\N	\N	\N	\N	\N	\N	\N	\N	\N	\N	\N	\N	\N	\N	\N	\N	\N	\N	\N	f	\N	\N	\N	\N	f	f	f	\N	\N	\N	\N	\N	\N
8b1fe94e-82cb-40e6-8787-b14400fcf183	[NV00093] NGUYỄN THỊ ANH THƯ	NGUYỄN THỊ ANH THƯ	NGUYEN THI ANH THU	\N	060300007785	\N	f	f	f	f	765f6593-2b19-4d06-cc8c-08dc4d479451	NV00093	\N	t	t	male	\N	\N	\N	\N	\N	\N	\N	\N	\N	\N	\N	\N	\N	\N	\N	\N	\N	\N	2024-03-31 00:00:00	\N	\N	\N	\N	2024-03-31 22:20:56.324915	\N	a6720b68-3b2a-4d0d-80a9-c88cbad11c0a	2024-03-31 22:20:56.324916	2025-07-30 09:13:59.991844	f	f	\N	\N	\N	\N	contact	\N	\N	\N	\N	\N	\N	\N	\N	\N	\N	\N	\N	\N	\N	f	\N	\N	\N	\N	\N	\N	\N	\N	\N	\N	\N	\N	\N	\N	\N	\N	\N	\N	\N	f	\N	\N	\N	\N	f	f	f	\N	\N	\N	\N	\N	\N
a03c683c-6d48-47cc-9b65-b14400fb0d48	[NV00091] Võ Thị Thủy Tiên	Võ Thị Thủy Tiên	Vo Thi Thuy Tien	\N	\N	\N	f	f	f	f	765f6593-2b19-4d06-cc8c-08dc4d479451	NV00091	\N	f	t	male	\N	\N	\N	\N	\N	\N	\N	\N	\N	\N	\N	\N	\N	\N	\N	\N	\N	\N	2024-03-31 00:00:00	\N	\N	\N	\N	2024-03-31 22:14:03.117267	\N	a6720b68-3b2a-4d0d-80a9-c88cbad11c0a	2024-03-31 22:14:03.117268	2024-04-11 10:25:26.157787	f	f	\N	\N	\N	\N	contact	\N	\N	\N	\N	\N	\N	\N	\N	\N	\N	\N	\N	\N	\N	f	\N	\N	\N	\N	\N	\N	\N	\N	\N	\N	\N	\N	\N	\N	\N	\N	\N	\N	\N	f	\N	\N	\N	\N	f	f	f	\N	\N	\N	\N	\N	\N
df9a8fc0-9e77-485a-9dc8-b1450090786d	[NV00099] NGUYỄN THỊ KIM THOA	NGUYỄN THỊ KIM THOA	NGUYEN THI KIM THOA	\N	0327524377	thoan2215@gmail.com	f	f	f	f	765f6593-2b19-4d06-cc8c-08dc4d479451	NV00099	\N	t	t	male	\N	\N	\N	\N	\N	\N	\N	\N	\N	\N	\N	\N	\N	\N	\N	\N	\N	\N	2024-04-01 00:00:00	\N	\N	\N	\N	2024-04-01 15:46:00.040421	\N	a6720b68-3b2a-4d0d-80a9-c88cbad11c0a	2024-04-01 15:46:00.040423	2025-07-30 09:12:42.790923	f	f	\N	\N	\N	\N	contact	\N	\N	\N	\N	\N	\N	\N	\N	\N	\N	\N	\N	\N	\N	f	\N	\N	\N	\N	\N	\N	\N	\N	\N	\N	\N	\N	\N	\N	\N	\N	\N	\N	\N	f	\N	\N	\N	\N	f	f	f	\N	\N	\N	\N	\N	\N
c855ae3a-dfa5-4e2a-9235-b145008c05ab	[NV00097] Bác sĩ (03)	Bác sĩ (03)	Bac si (03)	\N	\N	\N	f	f	f	f	765f6593-2b19-4d06-cc8c-08dc4d479451	NV00097	\N	f	t	male	Phụ tá	\N	\N	\N	\N	\N	\N	\N	\N	\N	\N	\N	\N	\N	\N	\N	\N	\N	2024-04-01 00:00:00	\N	\N	\N	\N	2024-04-01 15:29:48.302856	\N	a6720b68-3b2a-4d0d-80a9-c88cbad11c0a	2024-04-01 15:29:48.302858	2026-04-15 08:07:58.659	f	f	\N	\N	\N	\N	contact	\N	\N	\N	\N	\N	\N	\N	\N	\N	\N	\N	\N	\N	\N	f	\N	\N	\N	\N	\N	\N	\N	\N	\N	\N	\N	\N	\N	\N	\N	\N	\N	\N	\N	f	$2b$10$k8Uf5PWYoL6El/W.i9LTruGAKjkNHGnpKSr74.xDOwdYOyTUN2kS.	\N	\N	\N	f	t	f	2024-04-01 00:00:00	\N	\N	\N	\N	\N
56515c28-91c0-46ba-b02d-b14700871dfd	[NV00103] LAN	LAN	LAN	\N	\N	\N	f	f	f	f	765f6593-2b19-4d06-cc8c-08dc4d479451	NV00103	\N	f	t	male	Phụ tá	\N	\N	\N	\N	\N	\N	\N	\N	\N	\N	\N	\N	\N	\N	\N	\N	\N	2024-04-03 00:00:00	\N	\N	\N	\N	2024-04-03 15:11:56.787799	\N	\N	2024-04-03 15:11:56.7878	2026-04-15 08:09:22.813	f	f	\N	\N	\N	\N	contact	\N	\N	\N	\N	\N	\N	\N	\N	\N	\N	\N	\N	\N	\N	f	\N	\N	\N	\N	\N	\N	\N	\N	\N	\N	\N	\N	\N	\N	\N	\N	\N	\N	\N	f	$2b$10$WJPpavnqT2kuU/6.X35oN.2I59Cr4lsFLts838WSyJXVRSusUO2fq	\N	\N	\N	f	t	f	2024-04-03 00:00:00	\N	\N	\N	\N	\N
9b662b4c-a0e9-4657-a8fb-b27a006be881	[NV00214] Võ Thị Yến Nhi	Võ Thị Yến Nhi	Vo Thi Yen Nhi	\N	\N	\N	f	f	f	f	765f6593-2b19-4d06-cc8c-08dc4d479451	NV00214	\N	t	t	male	Trợ lý bác sĩ	\N	\N	\N	\N	\N	\N	\N	\N	\N	\N	\N	\N	\N	\N	\N	\N	\N	2025-02-04 00:00:00	\N	\N	\N	\N	2025-02-04 13:32:52.909023	\N	a6720b68-3b2a-4d0d-80a9-c88cbad11c0a	2025-02-04 13:32:52.909024	2026-04-15 08:14:14.831	f	f	\N	\N	\N	\N	contact	\N	\N	214	NV	\N	\N	\N	\N	none	\N	\N	\N	\N	\N	f	\N	\N	\N	\N	\N	\N	\N	\N	\N	\N	\N	\N	\N	\N	\N	\N	\N	\N	\N	f	$2b$10$tU/wIkwK6I3YAvFRhSg96.qLJE8LVMY0Ayqicc696cJh86uc/aJuK	\N	\N	\N	f	t	f	2025-02-04 00:00:00	\N	\N	\N	\N	\N
7f8953bb-d165-45aa-a420-b0a4008cc019	[NV00062] Trần Thanh Thùy Dương	Trần Thanh Thùy Dương	Tran Thanh Thuy Duong	\N	949338340	\N	f	f	f	f	f0f6361e-b99d-4ac7-4108-08dd8159c64a	NV00062	\N	t	t	male	Trợ lý bác sĩ	\N	\N	\N	\N	\N	\N	\N	\N	\N	\N	\N	\N	\N	\N	\N	\N	\N	2023-10-23 00:00:00	\N	\N	\N	\N	2023-10-23 15:32:27.388754	\N	ec24a7fb-2196-41f1-82f0-b5d0551cb59b	2023-10-23 15:32:27.388754	2026-04-15 08:22:31.149	f	f	\N	\N	\N	\N	contact	\N	\N	\N	\N	\N	\N	\N	\N	\N	\N	\N	\N	\N	\N	f	\N	\N	\N	\N	\N	\N	\N	\N	\N	\N	\N	\N	\N	\N	\N	\N	\N	\N	\N	f	$2b$10$wAeyFRF4.Ayx6GRYaaKtQu/FIAJ.X77B1qbHOIjr2YNGmYbQcmiXu	\N	\N	\N	f	t	f	2023-10-23 00:00:00	\N	\N	\N	\N	\N
cbeb222d-fa95-411a-b761-b08e00301f68	[NV00058] Nguyễn Hoàng Thùy Vân	Nguyễn Hoàng Thùy Vân	Nguyen Hoang Thuy Van	\N	0975251905	\N	f	f	f	f	c6b4b453-d260-46d4-4fd9-08db24f7ae8e	NV00058	\N	f	t	male	Phụ tá	\N	\N	\N	\N	\N	\N	\N	\N	\N	\N	\N	\N	\N	\N	\N	\N	\N	2023-10-01 00:00:00	\N	\N	\N	\N	2023-10-01 09:55:12.560346	\N	ec24a7fb-2196-41f1-82f0-b5d0551cb59b	2023-10-01 09:55:12.560347	2026-04-15 08:43:29.077	f	f	\N	\N	\N	\N	contact	\N	\N	\N	\N	\N	\N	\N	\N	\N	\N	\N	\N	\N	\N	f	\N	\N	\N	\N	\N	\N	\N	\N	\N	\N	\N	\N	\N	\N	\N	\N	\N	\N	\N	f	$2b$10$6EIgs7DgQbqeJshJ6fQEFuRZWqfmYz/SO/pJDzUR9qkA1/taxaC9i	\N	\N	\N	f	t	f	2023-10-01 00:00:00	\N	\N	\N	\N	\N
15072dcd-a96b-4abf-9b11-b14800bf2931	[NV00104] Nguyễn Thị Kim Ngân	Nguyễn Thị Kim Ngân	Nguyen Thi Kim Ngan	\N	0704065233	\N	f	f	f	f	c6b4b453-d260-46d4-4fd9-08db24f7ae8e	NV00104	\N	t	t	male	Trợ lý bác sĩ	\N	\N	\N	\N	\N	\N	\N	\N	\N	\N	\N	\N	\N	\N	\N	\N	\N	2024-04-04 00:00:00	\N	\N	\N	\N	2024-04-04 18:35:59.734778	\N	b19424da-e016-41c8-b992-17181969c924	2024-04-04 18:35:59.734779	2026-04-15 08:44:40.456	f	f	\N	\N	\N	\N	contact	\N	\N	\N	\N	\N	\N	\N	\N	\N	\N	\N	\N	\N	\N	f	\N	\N	\N	\N	\N	\N	\N	\N	\N	\N	\N	\N	\N	\N	\N	\N	\N	\N	\N	f	$2b$10$tweMBHucQ3dNhQD0FmDkXuyKw4mC4YUMC9ngI4mZc3KKBPj1jgtJS	\N	\N	\N	f	t	f	2024-04-04 00:00:00	\N	\N	\N	\N	\N
69d79614-0477-433d-af96-b0e000622690	[NV00068] Trương Thị Triệu Vy	Trương Thị Triệu Vy	Truong Thi Trieu Vy	\N	0916361423	trieuvyy905@gmail.com	f	f	f	f	c6b4b453-d260-46d4-4fd9-08db24f7ae8e	NV00068	\N	f	t	male	Phụ tá	\N	\N	\N	\N	\N	\N	\N	\N	\N	\N	\N	\N	\N	\N	\N	\N	\N	2023-12-22 00:00:00	\N	\N	\N	\N	2023-12-22 12:57:21.332007	\N	ec24a7fb-2196-41f1-82f0-b5d0551cb59b	2023-12-22 12:57:21.332008	2026-04-15 08:48:50.035	f	f	\N	\N	\N	\N	contact	\N	\N	\N	\N	\N	\N	\N	\N	\N	\N	\N	\N	\N	\N	f	\N	\N	\N	\N	\N	\N	\N	\N	\N	\N	\N	\N	\N	\N	\N	\N	\N	\N	\N	f	\N	\N	\N	\N	f	t	f	2023-12-22 00:00:00	\N	\N	\N	\N	\N
bb5058ea-ccf7-4e47-b62d-b100003d33c4	[NV00073] Làu Xướng Nhộc	Làu Xướng Nhộc	Lau Xuong Nhoc	\N	0329413033	trangquehanh@gmail.com	f	f	f	f	b178d5ee-d9ac-477e-088e-08db9a4c4cf4	NV00073	\N	t	t	male	Lễ tân	\N	\N	\N	\N	\N	\N	\N	\N	\N	\N	\N	\N	\N	\N	\N	\N	\N	2024-01-23 00:00:00	\N	\N	\N	\N	2024-01-23 10:42:49.82752	\N	ec24a7fb-2196-41f1-82f0-b5d0551cb59b	2024-01-23 10:42:49.827522	2026-04-15 09:07:06.896	f	f	\N	\N	\N	\N	contact	\N	\N	\N	\N	\N	\N	\N	\N	\N	\N	\N	\N	\N	\N	f	\N	\N	\N	\N	\N	\N	\N	\N	\N	\N	\N	\N	\N	\N	\N	\N	\N	\N	\N	f	\N	\N	\N	\N	f	f	t	2024-01-23 00:00:00	\N	\N	\N	\N	\N
c7e7da34-3159-4e3f-9f44-b0e3003e4dfc	[NV00069] Phuongpham	Phuongpham	Phuongpham	\N	\N	\N	f	f	f	f	b178d5ee-d9ac-477e-088e-08db9a4c4cf4	NV00069	\N	f	t	male	Marketing	\N	\N	\N	\N	\N	\N	\N	\N	\N	\N	\N	\N	\N	\N	\N	\N	\N	2023-12-25 00:00:00	\N	\N	\N	\N	2023-12-25 10:46:50.653674	\N	b19424da-e016-41c8-b992-17181969c924	2023-12-25 10:46:50.653675	2026-04-15 09:08:08.47	f	f	\N	\N	\N	\N	contact	\N	\N	\N	\N	\N	\N	\N	\N	\N	\N	\N	\N	\N	\N	f	\N	\N	\N	\N	\N	\N	\N	\N	\N	\N	\N	\N	\N	\N	\N	\N	\N	\N	\N	f	$2b$10$2i8ZXPkwoR/w33YwiGz7uurNWFqQaWbjHHWBAf79zH2//hKQQuBWK	\N	\N	\N	f	f	f	2023-12-25 00:00:00	\N	\N	\N	\N	\N
fb15a040-c0eb-4000-9463-b14a009e567c	[NV00105] Phương Phạm	Phương Phạm	Phuong Pham	\N	\N	\N	f	f	f	f	cad65000-6ff3-47c7-cc8d-08dc4d479451	NV00105	\N	f	t	male	\N	\N	\N	\N	\N	\N	\N	\N	\N	\N	\N	\N	\N	\N	\N	\N	\N	\N	2024-04-06 00:00:00	\N	\N	\N	\N	2024-04-06 16:36:29.425472	\N	b19424da-e016-41c8-b992-17181969c924	2024-04-06 16:36:29.425473	2024-04-06 16:42:35.502633	f	f	\N	\N	\N	\N	contact	\N	\N	\N	\N	\N	\N	\N	\N	\N	\N	\N	\N	\N	\N	f	\N	\N	\N	\N	\N	\N	\N	\N	\N	\N	\N	\N	\N	\N	\N	\N	\N	\N	\N	f	\N	\N	\N	\N	f	f	f	\N	\N	\N	\N	\N	\N
5c07f9fb-6398-42ed-8494-b14c0086a467	[NV00106] Lê Vũ Huyền	Lê Vũ Huyền	Le Vu Huyen	\N	\N	\N	f	f	f	f	cad65000-6ff3-47c7-cc8d-08dc4d479451	NV00106	\N	f	t	male	\N	\N	\N	\N	\N	\N	\N	\N	\N	\N	\N	\N	\N	\N	\N	\N	\N	\N	2024-04-08 00:00:00	\N	\N	\N	\N	2024-04-08 15:10:13.036366	\N	b19424da-e016-41c8-b992-17181969c924	2024-04-08 15:10:13.036367	2024-04-15 16:31:35.835787	f	f	\N	\N	\N	\N	contact	\N	\N	\N	\N	\N	\N	\N	\N	\N	\N	\N	\N	\N	\N	f	\N	\N	\N	\N	\N	\N	\N	\N	\N	\N	\N	\N	\N	\N	\N	\N	\N	\N	\N	f	\N	\N	\N	\N	f	f	f	\N	\N	\N	\N	\N	\N
5ccc2f58-c2fd-4fdc-97b0-b14c00912e35	[NV00109] Uyen Sale TT	Uyen Sale TT	Uyen Sale TT	\N	\N	\N	f	f	f	f	cad65000-6ff3-47c7-cc8d-08dc4d479451	NV00109	\N	f	t	male	\N	\N	\N	\N	\N	\N	\N	\N	\N	\N	\N	\N	\N	\N	\N	\N	\N	\N	2024-04-08 00:00:00	\N	\N	\N	\N	2024-04-08 15:48:35.161333	\N	044856a7-d3f7-478a-83aa-df4c0a6aa9bd	2024-04-08 15:48:35.161334	2024-04-08 15:53:17.036253	f	f	\N	\N	\N	\N	contact	\N	\N	\N	\N	\N	\N	\N	\N	\N	\N	\N	\N	\N	\N	f	\N	\N	\N	\N	\N	\N	\N	\N	\N	\N	\N	\N	\N	\N	\N	\N	\N	\N	\N	f	\N	\N	\N	\N	f	f	f	\N	\N	\N	\N	\N	\N
18390d88-9c25-4db8-b607-b14f0038c9a5	[NV00110] NGUYỄN ỨNG LĨNH	NGUYỄN ỨNG LĨNH	NGUYEN UNG LINH	\N	\N	\N	f	f	f	f	765f6593-2b19-4d06-cc8c-08dc4d479451	NV00110	\N	t	t	male	\N	\N	\N	\N	\N	\N	\N	\N	\N	\N	\N	\N	\N	\N	\N	\N	\N	\N	2024-04-11 00:00:00	\N	\N	\N	\N	2024-04-11 10:26:45.456814	\N	a6720b68-3b2a-4d0d-80a9-c88cbad11c0a	2024-04-11 10:26:45.456816	2025-07-30 18:38:01.886249	f	f	\N	\N	\N	\N	contact	\N	\N	\N	\N	\N	\N	\N	\N	\N	\N	\N	\N	\N	\N	f	\N	\N	\N	\N	\N	\N	\N	\N	\N	\N	\N	\N	\N	\N	\N	\N	\N	\N	\N	f	\N	\N	\N	\N	f	f	f	\N	\N	\N	\N	\N	\N
2d889200-6715-4a05-8407-b153008ddc0a	[NV00112] PhuongKM	PhuongKM	PhuongKM	\N	\N	\N	f	f	f	f	cad65000-6ff3-47c7-cc8d-08dc4d479451	NV00112	\N	f	t	male	\N	\N	\N	\N	\N	\N	\N	\N	\N	\N	\N	\N	\N	\N	\N	\N	\N	\N	2024-04-15 00:00:00	\N	\N	\N	\N	2024-04-15 15:36:29.685788	\N	b19424da-e016-41c8-b992-17181969c924	2024-04-15 15:36:29.685789	2026-01-10 15:03:14.854249	f	f	\N	\N	\N	\N	contact	\N	\N	\N	\N	\N	\N	\N	\N	\N	\N	\N	\N	\N	\N	f	\N	\N	\N	\N	\N	\N	\N	\N	\N	\N	\N	\N	\N	\N	\N	\N	\N	\N	\N	f	\N	\N	\N	\N	f	f	f	\N	\N	\N	\N	\N	\N
04c006ae-56fe-4ebd-aa77-b154007a3f32	[NV00114] Huỳnh Trung Tín	Huỳnh Trung Tín	Huynh Trung Tin	\N	\N	\N	f	f	f	f	cad65000-6ff3-47c7-cc8d-08dc4d479451	NV00114	\N	f	t	male	\N	\N	\N	\N	\N	\N	\N	\N	\N	\N	\N	\N	\N	\N	\N	\N	\N	\N	2024-04-16 00:00:00	\N	\N	\N	\N	2024-04-16 14:25:05.232353	\N	b19424da-e016-41c8-b992-17181969c924	2024-04-16 14:25:05.232355	2026-01-10 15:03:10.8896	f	f	\N	\N	\N	\N	contact	\N	\N	\N	\N	\N	\N	\N	\N	\N	\N	\N	\N	\N	\N	f	\N	\N	\N	\N	\N	\N	\N	\N	\N	\N	\N	\N	\N	\N	\N	\N	\N	\N	\N	f	\N	\N	\N	\N	f	f	f	\N	\N	\N	\N	\N	\N
2fdd216e-60a9-4418-afdd-b15b003c2a06	[NV00116] Thyletan	Thyletan	Thyletan	\N	\N	\N	f	f	f	f	b178d5ee-d9ac-477e-088e-08db9a4c4cf4	NV00116	\N	f	t	male	\N	\N	\N	\N	\N	\N	\N	\N	\N	\N	\N	\N	\N	\N	\N	\N	\N	\N	2024-04-23 00:00:00	\N	\N	\N	\N	2024-04-23 10:39:03.060542	\N	b45ec157-435e-4898-b9ce-116aee98a5a2	2024-04-23 10:39:03.060544	2025-02-12 11:55:09.057453	f	f	\N	\N	\N	\N	contact	\N	\N	\N	\N	\N	\N	\N	\N	\N	\N	\N	\N	\N	\N	f	\N	\N	\N	\N	\N	\N	\N	\N	\N	\N	\N	\N	\N	\N	\N	\N	\N	\N	\N	f	\N	\N	\N	\N	f	f	f	\N	\N	\N	\N	\N	\N
dc12d4f9-733c-4478-a6b3-b15e00b1c142	[NV00119] Nguyễn Y Diện	Nguyễn Y Diện	Nguyen Y Dien	\N	0944 006 132	diexnguyen0609@gmail.com	f	f	f	f	c6b4b453-d260-46d4-4fd9-08db24f7ae8e	NV00119	\N	t	t	male	\N	\N	\N	\N	\N	\N	\N	\N	\N	\N	\N	\N	\N	\N	\N	\N	\N	\N	2024-04-26 00:00:00	\N	\N	\N	\N	2024-04-26 17:47:11.15142	\N	ec24a7fb-2196-41f1-82f0-b5d0551cb59b	2024-04-26 17:47:11.151422	2025-07-30 09:20:14.463271	f	f	\N	\N	\N	\N	contact	\N	\N	\N	\N	\N	\N	\N	\N	\N	\N	\N	\N	\N	\N	f	\N	\N	\N	\N	\N	\N	\N	\N	\N	\N	\N	\N	\N	\N	\N	\N	\N	\N	\N	f	\N	\N	\N	\N	f	f	f	\N	\N	\N	\N	\N	\N
58a0ff67-08b5-4990-833d-b165003717f3	[NV00121] Nguyễn Thị Kiều	Nguyễn Thị Kiều	Nguyen Thi Kieu	\N	\N	\N	f	f	f	f	cad65000-6ff3-47c7-cc8d-08dc4d479451	NV00121	\N	f	t	male	\N	\N	\N	\N	\N	\N	\N	\N	\N	\N	\N	\N	\N	\N	\N	\N	\N	\N	2024-05-03 00:00:00	\N	\N	\N	\N	2024-05-03 10:20:35.369643	\N	b19424da-e016-41c8-b992-17181969c924	2024-05-03 10:20:35.369645	2026-01-10 15:03:07.205918	f	f	\N	\N	\N	\N	contact	\N	\N	\N	\N	\N	\N	\N	\N	\N	\N	\N	\N	\N	\N	f	\N	\N	\N	\N	\N	\N	\N	\N	\N	\N	\N	\N	\N	\N	\N	\N	\N	\N	\N	f	\N	\N	\N	\N	f	f	f	\N	\N	\N	\N	\N	\N
b758cde7-e906-4cdc-b041-b16500372a3d	[NV00122] Phạm Thị Hà	Phạm Thị Hà	Pham Thi Ha	\N	\N	\N	f	f	f	f	cad65000-6ff3-47c7-cc8d-08dc4d479451	NV00122	\N	t	t	male	\N	\N	\N	\N	\N	\N	\N	\N	\N	\N	\N	\N	\N	\N	\N	\N	\N	\N	2024-05-03 00:00:00	\N	\N	\N	\N	2024-05-03 10:20:50.975751	\N	\N	2024-05-03 10:20:50.975752	2024-05-03 10:20:50.975753	f	f	\N	\N	\N	\N	contact	\N	\N	\N	\N	\N	\N	\N	\N	\N	\N	\N	\N	\N	\N	f	\N	\N	\N	\N	\N	\N	\N	\N	\N	\N	\N	\N	\N	\N	\N	\N	\N	\N	\N	f	\N	\N	\N	\N	f	f	f	\N	\N	\N	\N	\N	\N
3c07289b-680c-4a83-b185-b168003d254b	[NV00123] Hồng Anh 	Hồng Anh 	Hong Anh 	\N	\N	\N	f	f	f	f	cad65000-6ff3-47c7-cc8d-08dc4d479451	NV00123	\N	f	t	male	\N	\N	\N	\N	\N	\N	\N	\N	\N	\N	\N	\N	\N	\N	\N	\N	\N	\N	2024-05-06 00:00:00	\N	\N	\N	\N	2024-05-06 10:42:37.476001	\N	b19424da-e016-41c8-b992-17181969c924	2024-05-06 10:42:37.476006	2026-01-10 15:02:52.560107	f	f	\N	\N	\N	\N	contact	\N	\N	\N	\N	\N	\N	\N	\N	\N	\N	\N	\N	\N	\N	f	\N	\N	\N	\N	\N	\N	\N	\N	\N	\N	\N	\N	\N	\N	\N	\N	\N	\N	\N	f	\N	\N	\N	\N	f	f	f	\N	\N	\N	\N	\N	\N
1376985d-e308-418b-9856-b178009c0406	[NV00127] KT Kho	KT Kho	KT Kho	\N	\N	\N	f	f	f	f	cad65000-6ff3-47c7-cc8d-08dc4d479451	NV00127	\N	f	t	male	\N	\N	\N	\N	\N	\N	\N	\N	\N	\N	\N	\N	\N	\N	\N	\N	\N	\N	2024-05-22 00:00:00	\N	\N	\N	\N	2024-05-22 16:28:02.150214	\N	b19424da-e016-41c8-b992-17181969c924	2024-05-22 16:28:02.150216	2026-01-10 15:03:00.541725	f	f	\N	\N	\N	\N	contact	\N	\N	\N	\N	\N	\N	\N	\N	\N	\N	\N	\N	\N	\N	f	\N	\N	\N	\N	\N	\N	\N	\N	\N	\N	\N	\N	\N	\N	\N	\N	\N	\N	\N	f	\N	\N	\N	\N	f	f	f	\N	\N	\N	\N	\N	\N
a8628006-3c62-47ee-9120-b195005f5693	[NV00140] Ngô Văn Hoàng	Ngô Văn Hoàng	Ngo Van Hoang	\N	0399067021	\N	f	f	f	f	b178d5ee-d9ac-477e-088e-08db9a4c4cf4	NV00140	\N	f	t	male	\N	\N	\N	\N	\N	\N	\N	\N	\N	\N	\N	\N	\N	\N	\N	\N	\N	\N	2024-06-20 00:00:00	\N	\N	\N	\N	2024-06-20 12:47:06.942026	\N	b45ec157-435e-4898-b9ce-116aee98a5a2	2024-06-20 12:47:06.942027	2025-02-12 11:55:43.362406	f	f	\N	\N	\N	\N	contact	\N	\N	140	NV	\N	\N	\N	\N	\N	\N	\N	\N	\N	\N	f	\N	\N	\N	\N	\N	\N	\N	\N	\N	\N	\N	\N	\N	\N	\N	\N	\N	\N	\N	f	\N	\N	\N	\N	f	f	f	\N	\N	\N	\N	\N	\N
8ceae828-4518-467b-b960-b19b008eaf9c	[NV00143] Nguyễn Minh Trí	Nguyễn Minh Trí	Nguyen Minh Tri	\N	0328580096	\N	f	f	f	f	c6b4b453-d260-46d4-4fd9-08db24f7ae8e	NV00143	\N	t	t	male	\N	\N	\N	\N	\N	\N	\N	\N	\N	\N	\N	\N	\N	\N	\N	\N	\N	\N	2024-06-26 00:00:00	\N	\N	\N	\N	2024-06-26 15:39:30.226086	\N	ec24a7fb-2196-41f1-82f0-b5d0551cb59b	2024-06-26 15:39:30.226088	2025-07-30 09:20:04.26287	f	f	\N	\N	\N	\N	contact	\N	\N	143	NV	\N	\N	\N	\N	\N	\N	\N	\N	\N	\N	f	\N	\N	\N	\N	\N	\N	\N	\N	\N	\N	\N	\N	\N	\N	\N	\N	\N	\N	\N	f	\N	\N	\N	\N	f	f	f	\N	\N	\N	\N	\N	\N
4eb1cbf5-4172-4971-bc2a-b1ad00b03548	[NV00149] Nguyễn Quốc Đạt	Nguyễn Quốc Đạt	Nguyen Quoc Dat	\N	0822620644	dat82835@gmail.com	f	f	f	f	c6b4b453-d260-46d4-4fd9-08db24f7ae8e	NV00149	\N	t	t	male	\N	\N	\N	\N	\N	\N	\N	\N	\N	\N	\N	\N	\N	\N	\N	\N	\N	\N	2024-07-14 00:00:00	\N	\N	\N	\N	2024-07-14 17:41:33.252777	\N	ec24a7fb-2196-41f1-82f0-b5d0551cb59b	2024-07-14 17:41:33.252779	2025-07-30 09:19:54.088887	f	f	\N	\N	\N	\N	contact	\N	\N	149	NV	\N	\N	\N	\N	\N	\N	\N	\N	\N	\N	f	\N	\N	\N	\N	\N	\N	\N	\N	\N	\N	\N	\N	\N	\N	\N	\N	\N	\N	\N	f	\N	\N	\N	\N	f	f	f	\N	\N	\N	\N	\N	\N
c8b98b8c-2bd7-4f92-85a9-b1b000a74494	[NV00150] Nguyễn Thị Thu Hiền	Nguyễn Thị Thu Hiền	Nguyen Thi Thu Hien	\N	0372336369	\N	f	f	f	f	c6b4b453-d260-46d4-4fd9-08db24f7ae8e	NV00150	\N	t	t	male	\N	\N	\N	\N	\N	\N	\N	\N	\N	\N	\N	\N	\N	\N	\N	\N	\N	\N	2024-07-17 00:00:00	\N	\N	\N	\N	2024-07-17 17:09:00.224299	\N	ec24a7fb-2196-41f1-82f0-b5d0551cb59b	2024-07-17 17:09:00.2243	2025-07-30 09:19:00.941474	f	f	\N	\N	\N	\N	contact	\N	\N	150	NV	\N	\N	\N	\N	\N	\N	\N	\N	\N	\N	f	\N	\N	\N	\N	\N	\N	\N	\N	\N	\N	\N	\N	\N	\N	\N	\N	\N	\N	\N	f	\N	\N	\N	\N	f	f	f	\N	\N	\N	\N	\N	\N
65aacdd1-2ad8-456f-b2c1-b14c0090e6ed	[NV00107] Bác sĩ 1	Bác sĩ 1	Bac si 1	\N	\N	\N	f	f	f	f	cad65000-6ff3-47c7-cc8d-08dc4d479451	NV00107	\N	t	t	male	Bác sĩ	\N	\N	\N	\N	\N	\N	\N	\N	\N	\N	\N	\N	\N	\N	\N	\N	\N	2024-04-08 00:00:00	\N	\N	\N	\N	2024-04-08 15:47:34.335927	\N	b19424da-e016-41c8-b992-17181969c924	2024-04-08 15:47:34.335928	2026-04-15 06:57:39.345	f	f	\N	\N	\N	\N	contact	\N	\N	\N	\N	\N	\N	\N	\N	\N	\N	\N	\N	\N	\N	f	\N	\N	\N	\N	\N	\N	\N	\N	\N	\N	\N	\N	\N	\N	\N	\N	\N	\N	\N	f	$2b$10$ZQuqzknl8GNUxLlZFj8N9e/tKOk2HtAPA8HNPMBnDaJnBk9CnaIHK	\N	\N	\N	t	f	f	2024-04-08 00:00:00	\N	\N	\N	\N	\N
e401ca93-5bd3-4a20-8571-b15200c1ae94	[NV00111] Bác sĩ (16)	Bác sĩ (16)	Bac si (16)	\N	\N	\N	f	f	f	f	765f6593-2b19-4d06-cc8c-08dc4d479451	NV00111	\N	t	t	male	Bác sĩ	\N	\N	\N	\N	\N	\N	\N	\N	\N	\N	\N	\N	\N	\N	\N	\N	\N	2024-04-14 00:00:00	\N	\N	\N	\N	2024-04-14 18:45:10.463659	\N	a6720b68-3b2a-4d0d-80a9-c88cbad11c0a	2024-04-14 18:45:10.46366	2026-04-15 06:59:52.342	f	f	\N	\N	\N	\N	contact	\N	\N	\N	\N	\N	\N	\N	\N	\N	\N	\N	\N	\N	\N	f	\N	\N	\N	\N	\N	\N	\N	\N	\N	\N	\N	\N	\N	\N	\N	\N	\N	\N	\N	f	$2b$10$yn02SCUzjXWAixhMJ6p4wewf32WXIStd/OjFEeuf08G4n8a437/uy	\N	\N	\N	t	f	f	2024-04-14 00:00:00	\N	\N	\N	\N	\N
84c2c0d9-b365-4498-a8ff-b16000c1e203	[NV00120] Bác sĩ 15	Bác sĩ 15	Bac si 15	\N	0376097208	\N	f	f	f	f	b178d5ee-d9ac-477e-088e-08db9a4c4cf4	NV00120	\N	t	t	male	Bác sĩ	\N	\N	\N	\N	\N	\N	\N	\N	\N	\N	\N	\N	\N	\N	\N	\N	\N	2024-04-28 00:00:00	\N	\N	\N	\N	2024-04-28 18:45:54.353566	\N	7c1e531a-10bd-40fc-a5a3-8a404bab47b6	2024-04-28 18:45:54.353568	2026-04-15 07:57:45.95	f	f	\N	\N	\N	\N	contact	\N	\N	\N	\N	\N	\N	\N	\N	\N	\N	\N	\N	\N	\N	f	\N	\N	\N	\N	\N	\N	\N	\N	\N	\N	\N	\N	\N	\N	\N	\N	\N	\N	\N	f	$2b$10$dOXH75bMuO8nnU4BgUsgDeQVlhwbggR0CJRdQ8Ry6rNE.sn6cjMsO	\N	\N	\N	t	f	f	2024-04-28 00:00:00	\N	\N	\N	\N	\N
62a88838-b7c3-45e5-9f2f-b14c0090f19f	[NV00108] Bác sĩ 2	Bác sĩ 2	Bac si 2	\N	\N	\N	f	f	f	f	cad65000-6ff3-47c7-cc8d-08dc4d479451	NV00108	\N	f	t	male	Phụ tá	\N	\N	\N	\N	\N	\N	\N	\N	\N	\N	\N	\N	\N	\N	\N	\N	\N	2024-04-08 00:00:00	\N	\N	\N	\N	2024-04-08 15:47:43.460985	\N	b19424da-e016-41c8-b992-17181969c924	2024-04-08 15:47:43.460986	2026-04-15 08:05:27.87	f	f	\N	\N	\N	\N	contact	\N	\N	\N	\N	\N	\N	\N	\N	\N	\N	\N	\N	\N	\N	f	\N	\N	\N	\N	\N	\N	\N	\N	\N	\N	\N	\N	\N	\N	\N	\N	\N	\N	\N	f	$2b$10$N6nWEbOEkMHQJ5RRaQbG0eKhHORrjiy.m/s1rpzOTyt7Jz9TcfNlm	\N	\N	\N	f	t	f	2024-04-08 00:00:00	\N	\N	\N	\N	\N
c3abe138-7490-47c4-a74f-b1a70061dca4	[NV00147] BS (05)	BS (05)	BS (05)	\N	\N	\N	f	f	f	f	765f6593-2b19-4d06-cc8c-08dc4d479451	NV00147	\N	f	t	male	Phụ tá	\N	\N	\N	\N	\N	\N	\N	\N	\N	\N	\N	\N	\N	\N	\N	\N	\N	2024-07-08 00:00:00	\N	\N	\N	\N	2024-07-08 12:56:18.252125	\N	\N	2024-07-08 12:56:18.252127	2026-04-15 08:07:52.322	f	f	\N	\N	\N	\N	contact	\N	\N	147	NV	\N	\N	\N	\N	\N	\N	\N	\N	\N	\N	f	\N	\N	\N	\N	\N	\N	\N	\N	\N	\N	\N	\N	\N	\N	\N	\N	\N	\N	\N	f	$2b$10$HODkIrkzIE1IZUw1chkxJu8s9GucSihjgIxK6KyTYDbCg09Gqzkge	\N	\N	\N	f	t	f	2024-07-08 00:00:00	\N	\N	\N	\N	\N
1bfa813c-c7b5-46ae-8646-b1c600aa11c7	[NV00153] Phan Thị Thu Thảo	Phan Thị Thu Thảo	Phan Thi Thu Thao	\N	\N	\N	f	f	f	f	765f6593-2b19-4d06-cc8c-08dc4d479451	NV00153	\N	f	t	male	Phụ tá	\N	\N	\N	\N	\N	\N	\N	\N	\N	\N	\N	\N	\N	\N	\N	\N	\N	2024-08-08 00:00:00	\N	\N	\N	\N	2024-08-08 17:19:12.234189	\N	a6720b68-3b2a-4d0d-80a9-c88cbad11c0a	2024-08-08 17:19:12.23419	2026-04-15 08:12:32.049	f	f	\N	\N	\N	\N	contact	\N	\N	153	NV	\N	\N	\N	\N	\N	\N	\N	\N	\N	\N	f	\N	\N	\N	\N	\N	\N	\N	\N	\N	\N	\N	\N	\N	\N	\N	\N	\N	\N	\N	f	$2b$10$oc8KaCV2JsjCI79dgk/XF.giJvKU26ZLEHCk6HFSdPZV1gIAFn.zS	\N	\N	\N	f	t	f	2024-08-08 00:00:00	\N	\N	\N	\N	\N
2c314966-912b-47e4-9dfa-b1b10076a3da	[NV00152] BÁC SĨ 25	BÁC SĨ 25	BAC SI 25	\N	\N	\N	f	f	f	f	c6b4b453-d260-46d4-4fd9-08db24f7ae8e	NV00152	\N	f	t	male	Bác sĩ	\N	\N	\N	\N	\N	\N	\N	\N	\N	\N	\N	\N	\N	\N	\N	\N	\N	2024-07-18 00:00:00	\N	\N	\N	\N	2024-07-18 14:11:57.311611	\N	ec24a7fb-2196-41f1-82f0-b5d0551cb59b	2024-07-18 14:11:57.311613	2026-04-15 08:24:46.284	f	f	\N	\N	\N	\N	contact	\N	\N	152	NV	\N	\N	\N	\N	\N	\N	\N	\N	\N	\N	f	\N	\N	\N	\N	\N	\N	\N	\N	\N	\N	\N	\N	\N	\N	\N	\N	\N	\N	\N	f	$2b$10$93r8Gi67nmFJ7EyuAmt9UexVyUlaRmIK608ZprG5jkMFoUseKjLYK	\N	\N	\N	t	f	f	2024-07-18 00:00:00	\N	\N	\N	\N	\N
0b2ecb90-b004-49dd-8fd4-b1c700acf333	[NV00155] LÊ ĐÀM PHƯƠNG LINH	LÊ ĐÀM PHƯƠNG LINH	LE DAM PHUONG LINH	\N	0789 314 394	\N	f	f	f	f	c6b4b453-d260-46d4-4fd9-08db24f7ae8e	NV00155	\N	t	t	male	Trợ lý bác sĩ	\N	\N	\N	\N	\N	\N	\N	\N	\N	\N	\N	\N	\N	\N	\N	\N	\N	2024-08-09 00:00:00	\N	\N	\N	\N	2024-08-09 17:29:41.502806	\N	ec24a7fb-2196-41f1-82f0-b5d0551cb59b	2024-08-09 17:29:41.502807	2026-04-15 08:41:54.704	f	f	\N	\N	\N	\N	contact	\N	\N	155	NV	\N	\N	\N	\N	\N	\N	\N	\N	\N	\N	f	\N	\N	\N	\N	\N	\N	\N	\N	\N	\N	\N	\N	\N	\N	\N	\N	\N	\N	\N	f	$2b$10$JnV9zzQv50YDmpFPDj/tA.4Q5qXliKDc10VpMO5yZ6JkPSiFnN956	\N	\N	\N	f	t	f	2024-08-09 00:00:00	\N	\N	\N	\N	\N
de2c950e-2cb2-400d-aeb5-b19b00ad7824	[NV00145] Lê Thu Thủy	Lê Thu Thủy	Le Thu Thuy	\N	0962 242 893	\N	f	f	f	f	c6b4b453-d260-46d4-4fd9-08db24f7ae8e	NV00145	\N	f	t	male	Phụ tá	\N	\N	\N	\N	\N	\N	\N	\N	\N	\N	\N	\N	\N	\N	\N	\N	\N	2024-06-26 00:00:00	\N	\N	\N	\N	2024-06-26 17:31:34.944469	\N	ec24a7fb-2196-41f1-82f0-b5d0551cb59b	2024-06-26 17:31:34.94447	2026-04-15 08:42:49.612	f	f	\N	\N	\N	\N	contact	\N	\N	145	NV	\N	\N	\N	\N	\N	\N	\N	\N	\N	\N	f	\N	\N	\N	\N	\N	\N	\N	\N	\N	\N	\N	\N	\N	\N	\N	\N	\N	\N	\N	f	$2b$10$7kpOiARgrUm8aWg01cGWI.F3DlP2dQ1vhyukHPv2lq9KVU9856XA2	\N	\N	\N	f	t	f	2024-06-26 00:00:00	\N	\N	\N	\N	\N
6ff53dc4-c072-4a22-bee8-b197008be31b	[NV00141] Nguyễn Phi Long	Nguyễn Phi Long	Nguyen Phi Long	\N	0348819406	phiphilong26022003@gmail.com	f	f	f	f	c6b4b453-d260-46d4-4fd9-08db24f7ae8e	NV00141	\N	f	t	male	Phụ tá	\N	\N	\N	\N	\N	\N	\N	\N	\N	\N	\N	\N	\N	\N	\N	\N	\N	2024-06-22 00:00:00	\N	\N	\N	\N	2024-06-22 15:29:18.808016	\N	ec24a7fb-2196-41f1-82f0-b5d0551cb59b	2024-06-22 15:29:18.808017	2026-04-15 08:43:51.587	f	f	\N	\N	\N	\N	contact	\N	\N	141	NV	\N	\N	\N	\N	\N	\N	\N	\N	\N	\N	f	\N	\N	\N	\N	\N	\N	\N	\N	\N	\N	\N	\N	\N	\N	\N	\N	\N	\N	\N	f	\N	\N	\N	\N	f	t	f	2024-06-22 00:00:00	\N	\N	\N	\N	\N
0c88acae-2c59-49cf-a891-b1b000b2de19	[NV00151] BÁC SĨ 05	BÁC SĨ 05	BAC SI 05	\N	\N	tg@clinic.vn	f	f	f	f	c6b4b453-d260-46d4-4fd9-08db24f7ae8e	NV00151	\N	f	t	male	Bác sĩ	\N	\N	\N	\N	\N	\N	\N	\N	\N	\N	\N	\N	\N	\N	\N	\N	\N	2024-07-17 00:00:00	\N	\N	\N	\N	2024-07-17 17:51:14.214117	\N	b19424da-e016-41c8-b992-17181969c924	2024-07-17 17:51:14.214118	2026-04-15 08:52:59.438	f	f	\N	\N	\N	\N	contact	\N	\N	151	NV	\N	\N	\N	\N	\N	\N	\N	\N	\N	\N	f	\N	\N	\N	\N	\N	\N	\N	\N	\N	\N	\N	\N	\N	\N	\N	\N	\N	\N	\N	f	$2b$10$CWQotZ8Fgg1UGFJ6cXbNgeUBzChML.0XigBy2khISL2Y0dwXA0Oai	\N	\N	\N	t	f	f	2024-07-17 00:00:00	\N	\N	\N	\N	\N
e4d5e93f-5a50-47a3-9dc7-b1d70054b045	[NV00158] Tạ Thị Hiên	Tạ Thị Hiên	Ta Thi Hien	\N	\N	\N	f	f	f	f	cad65000-6ff3-47c7-cc8d-08dc4d479451	NV00158	\N	f	t	male	\N	\N	\N	\N	\N	\N	\N	\N	\N	\N	\N	\N	\N	\N	\N	\N	\N	\N	2024-08-25 00:00:00	\N	\N	\N	\N	2024-08-25 12:08:20.496114	\N	b19424da-e016-41c8-b992-17181969c924	2024-08-25 12:08:20.496153	2025-03-12 15:36:02.203787	f	f	\N	\N	\N	\N	contact	\N	\N	158	NV	\N	\N	\N	\N	\N	\N	\N	\N	\N	\N	f	\N	\N	\N	\N	\N	\N	\N	\N	\N	\N	\N	\N	\N	\N	\N	\N	\N	\N	\N	f	\N	\N	\N	\N	f	f	f	\N	\N	\N	\N	\N	\N
9bbd0e9b-72a2-4066-ac30-b1de007d79d5	[NV00159] LÊ HOÀNG ĐAN THY	LÊ HOÀNG ĐAN THY	LE HOANG DAN THY	\N	\N	\N	f	f	f	f	765f6593-2b19-4d06-cc8c-08dc4d479451	NV00159	\N	t	t	male	\N	\N	\N	\N	\N	\N	\N	\N	\N	\N	\N	\N	\N	\N	\N	\N	\N	\N	2024-09-01 00:00:00	\N	\N	\N	\N	2024-09-01 14:36:50.627903	\N	a6720b68-3b2a-4d0d-80a9-c88cbad11c0a	2024-09-01 14:36:50.627905	2025-07-30 18:38:35.975896	f	f	\N	\N	\N	\N	contact	\N	\N	159	NV	\N	\N	\N	\N	\N	\N	\N	\N	\N	\N	f	\N	\N	\N	\N	\N	\N	\N	\N	\N	\N	\N	\N	\N	\N	\N	\N	\N	\N	\N	f	\N	\N	\N	\N	f	f	f	\N	\N	\N	\N	\N	\N
08996df8-e364-499d-8bb8-b1e900d91a26	[NV00161] Thuỷ Tiên	Thuỷ Tiên	Thuy Tien	\N	\N	\N	f	f	f	f	cad65000-6ff3-47c7-cc8d-08dc4d479451	NV00161	\N	t	t	male	\N	\N	\N	\N	\N	\N	\N	\N	\N	\N	\N	\N	\N	\N	\N	\N	\N	\N	2024-09-12 00:00:00	\N	\N	\N	\N	2024-09-12 20:10:26.684379	\N	\N	2024-09-12 20:10:26.684381	2024-09-12 20:10:26.684381	f	f	\N	\N	\N	\N	contact	\N	\N	161	NV	\N	\N	\N	\N	\N	\N	\N	\N	\N	\N	f	\N	\N	\N	\N	\N	\N	\N	\N	\N	\N	\N	\N	\N	\N	\N	\N	\N	\N	\N	f	\N	\N	\N	\N	f	f	f	\N	\N	\N	\N	\N	\N
ab275cae-877a-4b48-b13f-b1e900d9323f	[NV00162] Phạm Hằng	Phạm Hằng	Pham Hang	\N	\N	\N	f	f	f	f	cad65000-6ff3-47c7-cc8d-08dc4d479451	NV00162	\N	f	t	male	\N	\N	\N	\N	\N	\N	\N	\N	\N	\N	\N	\N	\N	\N	\N	\N	\N	\N	2024-09-12 00:00:00	\N	\N	\N	\N	2024-09-12 20:10:47.24709	\N	b19424da-e016-41c8-b992-17181969c924	2024-09-12 20:10:47.247091	2026-01-10 15:02:38.235762	f	f	\N	\N	\N	\N	contact	\N	\N	162	NV	\N	\N	\N	\N	\N	\N	\N	\N	\N	\N	f	\N	\N	\N	\N	\N	\N	\N	\N	\N	\N	\N	\N	\N	\N	\N	\N	\N	\N	\N	f	\N	\N	\N	\N	f	f	f	\N	\N	\N	\N	\N	\N
2820dd1c-0cfe-4550-8d42-b1fe00996901	[NV00176] Võ Thị Ngọc Thảo	Võ Thị Ngọc Thảo	Vo Thi Ngoc Thao	\N	0817280596	\N	f	f	f	f	6861c928-0e13-4664-c781-08dcdfa45074	NV00176	\N	f	t	male	\N	\N	\N	\N	\N	\N	\N	\N	\N	\N	\N	\N	\N	\N	\N	\N	\N	\N	2024-10-03 00:00:00	\N	\N	\N	\N	2024-10-03 16:18:32.960312	\N	ab486efc-0431-46c2-9277-74c99f651d0d	2024-10-03 16:18:32.960314	2024-11-28 09:23:02.008144	f	f	\N	\N	\N	\N	contact	\N	\N	176	NV	\N	\N	\N	\N	\N	\N	\N	\N	\N	\N	f	\N	\N	\N	\N	\N	\N	\N	\N	\N	\N	\N	\N	\N	\N	\N	\N	\N	\N	\N	f	\N	\N	\N	\N	f	f	f	\N	\N	\N	\N	\N	\N
38bfa27f-c863-4251-a268-b1fe00b845c2	[NV00179] Nguyễn Thị Mỹ Tiên	Nguyễn Thị Mỹ Tiên	Nguyen Thi My Tien	\N	0886299997	\N	f	f	f	f	6861c928-0e13-4664-c781-08dcdfa45074	NV00179	\N	t	t	male	\N	\N	\N	\N	\N	\N	\N	\N	\N	\N	\N	\N	\N	\N	\N	\N	\N	\N	2024-10-03 00:00:00	\N	\N	\N	\N	2024-10-03 18:10:54.93758	\N	ec24a7fb-2196-41f1-82f0-b5d0551cb59b	2024-10-03 18:10:54.937581	2025-07-30 16:58:27.301813	f	f	\N	\N	\N	\N	contact	\N	\N	179	NV	\N	\N	\N	\N	\N	\N	\N	\N	\N	\N	f	\N	\N	\N	\N	\N	\N	\N	\N	\N	\N	\N	\N	\N	\N	\N	\N	\N	\N	\N	f	\N	\N	\N	\N	f	f	f	\N	\N	\N	\N	\N	\N
503bde02-d52a-461f-8caa-b1fe00bc8fe4	[NV00180] NGỌC SY PT	NGỌC SY PT	NGOC SY PT	\N	0363552985	\N	f	f	f	f	6861c928-0e13-4664-c781-08dcdfa45074	NV00180	\N	f	t	male	\N	\N	\N	\N	\N	\N	\N	\N	\N	\N	\N	\N	\N	\N	\N	\N	\N	\N	2024-10-03 00:00:00	\N	\N	\N	\N	2024-10-03 18:26:32.010554	\N	ab486efc-0431-46c2-9277-74c99f651d0d	2024-10-03 18:26:32.010555	2024-10-25 17:18:30.752686	f	f	\N	\N	\N	\N	contact	\N	\N	180	NV	\N	\N	\N	\N	\N	\N	\N	\N	\N	\N	f	\N	\N	\N	\N	\N	\N	\N	\N	\N	\N	\N	\N	\N	\N	\N	\N	\N	\N	\N	f	\N	\N	\N	\N	f	f	f	\N	\N	\N	\N	\N	\N
63805076-c1ee-45d8-ab38-b200008597a7	[NV00181] Trần Thị Anh Thư	Trần Thị Anh Thư	Tran Thi Anh Thu	\N	\N	\N	f	f	f	f	b178d5ee-d9ac-477e-088e-08db9a4c4cf4	NV00181	\N	t	t	male	\N	\N	\N	\N	\N	\N	\N	\N	\N	\N	\N	\N	\N	\N	\N	\N	\N	\N	2024-10-05 00:00:00	\N	\N	\N	\N	2024-10-05 15:06:23.703255	\N	7c1e531a-10bd-40fc-a5a3-8a404bab47b6	2024-10-05 15:06:23.703256	2025-07-30 10:12:23.180152	f	f	\N	\N	\N	\N	contact	\N	\N	181	NV	\N	\N	\N	\N	\N	\N	\N	\N	\N	\N	f	\N	\N	\N	\N	\N	\N	\N	\N	\N	\N	\N	\N	\N	\N	\N	\N	\N	\N	\N	f	\N	\N	\N	\N	f	f	f	\N	\N	\N	\N	\N	\N
406ef11e-5f05-4cae-98a9-b20f004c1caa	[NV00191] Phạm Hiển	Phạm Hiển	Pham Hien	\N	\N	\N	f	f	f	f	6861c928-0e13-4664-c781-08dcdfa45074	NV00191	\N	t	t	male	\N	\N	\N	\N	\N	\N	\N	\N	\N	\N	\N	\N	\N	\N	\N	\N	\N	\N	2024-10-20 00:00:00	\N	\N	\N	\N	2024-10-20 11:37:06.912971	\N	ab486efc-0431-46c2-9277-74c99f651d0d	2024-10-20 11:37:06.912973	2024-11-09 14:19:09.17884	f	f	\N	\N	\N	\N	contact	\N	\N	191	NV	\N	\N	\N	\N	\N	\N	\N	\N	\N	\N	f	\N	\N	\N	\N	\N	\N	\N	\N	\N	\N	\N	\N	\N	\N	\N	\N	\N	\N	\N	f	\N	\N	\N	\N	f	f	f	\N	\N	\N	\N	\N	\N
d26d2d72-193e-4a51-8839-b204007ad03e	[NV00184] Võ Hoàng Phương Thảo	Võ Hoàng Phương Thảo	Vo Hoang Phuong Thao	\N	0906333063	\N	f	f	f	f	6861c928-0e13-4664-c781-08dcdfa45074	NV00184	\N	f	t	male	\N	\N	\N	\N	\N	\N	\N	\N	\N	\N	\N	\N	\N	\N	\N	\N	\N	\N	2024-10-09 00:00:00	\N	\N	\N	\N	2024-10-09 14:27:09.0065	\N	b19424da-e016-41c8-b992-17181969c924	2024-10-09 14:27:09.006502	2025-02-12 11:54:34.571786	f	f	\N	\N	\N	\N	contact	\N	\N	184	NV	\N	\N	\N	\N	\N	\N	\N	\N	\N	\N	f	\N	\N	\N	\N	\N	\N	\N	\N	\N	\N	\N	\N	\N	\N	\N	\N	\N	\N	\N	f	\N	\N	\N	\N	f	f	f	\N	\N	\N	\N	\N	\N
6c0191f8-37c4-4e4c-8a59-b20a00918a29	[NV00185] Nguyễn Quang Toàn	Nguyễn Quang Toàn	Nguyen Quang Toan	\N	0386257178	\N	f	f	f	f	6861c928-0e13-4664-c781-08dcdfa45074	NV00185	\N	t	t	male	\N	\N	\N	\N	\N	\N	\N	\N	\N	\N	\N	\N	\N	\N	\N	\N	\N	\N	2024-10-15 00:00:00	\N	\N	\N	\N	2024-10-15 15:49:53.629812	\N	ec24a7fb-2196-41f1-82f0-b5d0551cb59b	2024-10-15 15:49:53.629813	2025-05-17 09:52:11.010078	f	f	\N	\N	\N	\N	contact	\N	\N	185	NV	\N	\N	\N	\N	\N	\N	\N	\N	\N	\N	f	\N	\N	\N	\N	\N	\N	\N	\N	\N	\N	\N	\N	\N	\N	\N	\N	\N	\N	\N	f	\N	\N	\N	\N	f	f	f	\N	\N	\N	\N	\N	\N
2219efb0-38c3-416b-8f1a-b20a0097a822	[NV00186] TRẦN THỊ MỸ HẬU	TRẦN THỊ MỸ HẬU	TRAN THI MY HAU	\N	0372599420	\N	f	f	f	f	6861c928-0e13-4664-c781-08dcdfa45074	NV00186	\N	t	t	male	\N	\N	\N	\N	\N	\N	\N	\N	\N	\N	\N	\N	\N	\N	\N	\N	\N	\N	2024-10-15 00:00:00	\N	\N	\N	\N	2024-10-15 16:12:09.925591	\N	ec24a7fb-2196-41f1-82f0-b5d0551cb59b	2024-10-15 16:12:09.925593	2025-07-24 11:59:46.203218	f	f	\N	\N	\N	\N	contact	\N	\N	186	NV	\N	\N	\N	\N	\N	\N	\N	\N	\N	\N	f	\N	\N	\N	\N	\N	\N	\N	\N	\N	\N	\N	\N	\N	\N	\N	\N	\N	\N	\N	f	\N	\N	\N	\N	f	f	f	\N	\N	\N	\N	\N	\N
cc267a22-9597-497a-bcfb-b20a01064dfb	[NV00187] PHƯỢNG - PT	PHƯỢNG - PT	PHUONG - PT	\N	\N	\N	f	f	f	f	6861c928-0e13-4664-c781-08dcdfa45074	NV00187	\N	f	t	male	\N	\N	\N	\N	\N	\N	\N	\N	\N	\N	\N	\N	\N	\N	\N	\N	\N	\N	2024-10-15 00:00:00	\N	\N	\N	\N	2024-10-15 22:55:01.311324	\N	ab486efc-0431-46c2-9277-74c99f651d0d	2024-10-15 22:55:01.311326	2024-11-28 09:22:27.39476	f	f	\N	\N	\N	\N	contact	\N	\N	187	NV	\N	\N	\N	\N	\N	\N	\N	\N	\N	\N	f	\N	\N	\N	\N	\N	\N	\N	\N	\N	\N	\N	\N	\N	\N	\N	\N	\N	\N	\N	f	\N	\N	\N	\N	f	f	f	\N	\N	\N	\N	\N	\N
2acb9676-3f73-421e-83d5-b20f0048c3b4	[NV00188] Nguyễn Thị Hồng Diễm	Nguyễn Thị Hồng Diễm	Nguyen Thi Hong Diem	\N	0932757176	menhim.nthd@gmail.com	f	f	f	f	6861c928-0e13-4664-c781-08dcdfa45074	NV00188	\N	t	t	male	\N	\N	\N	\N	\N	\N	\N	\N	\N	\N	\N	\N	\N	\N	\N	\N	\N	\N	2024-10-20 00:00:00	\N	\N	\N	\N	2024-10-20 11:24:55.640561	\N	ab486efc-0431-46c2-9277-74c99f651d0d	2024-10-20 11:24:55.640562	2024-11-09 14:18:37.114639	f	f	\N	\N	\N	\N	contact	\N	\N	188	NV	\N	\N	\N	\N	\N	\N	\N	\N	\N	\N	f	\N	\N	\N	\N	\N	\N	\N	\N	\N	\N	\N	\N	\N	\N	\N	\N	\N	\N	\N	f	\N	\N	\N	\N	f	f	f	\N	\N	\N	\N	\N	\N
455bd1b6-8582-4f21-9ada-b20f004b123e	[NV00189] Kim Yến PT	Kim Yến PT	Kim Yen PT	\N	\N	\N	f	f	f	f	6861c928-0e13-4664-c781-08dcdfa45074	NV00189	\N	f	t	male	\N	\N	\N	\N	\N	\N	\N	\N	\N	\N	\N	\N	\N	\N	\N	\N	\N	\N	2024-10-20 00:00:00	\N	\N	\N	\N	2024-10-20 11:33:19.565639	\N	ab486efc-0431-46c2-9277-74c99f651d0d	2024-10-20 11:33:19.56564	2024-11-28 09:22:16.52944	f	f	\N	\N	\N	\N	contact	\N	\N	189	NV	\N	\N	\N	\N	\N	\N	\N	\N	\N	\N	f	\N	\N	\N	\N	\N	\N	\N	\N	\N	\N	\N	\N	\N	\N	\N	\N	\N	\N	\N	f	\N	\N	\N	\N	f	f	f	\N	\N	\N	\N	\N	\N
0944e29c-3818-4d09-ae30-b211009d276e	[NV00195] hientt1	hientt1	hientt1	\N	\N	\N	f	f	f	f	cad65000-6ff3-47c7-cc8d-08dc4d479451	NV00195	\N	f	t	male	\N	\N	\N	\N	\N	\N	\N	\N	\N	\N	\N	\N	\N	\N	\N	\N	\N	\N	2024-10-22 00:00:00	\N	\N	\N	\N	2024-10-22 16:32:10.819477	\N	b19424da-e016-41c8-b992-17181969c924	2024-10-22 16:32:10.819478	2025-03-12 15:36:16.563949	f	f	\N	\N	\N	\N	contact	\N	\N	195	NV	\N	\N	\N	\N	\N	\N	\N	\N	\N	\N	f	\N	\N	\N	\N	\N	\N	\N	\N	\N	\N	\N	\N	\N	\N	\N	\N	\N	\N	\N	f	\N	\N	\N	\N	f	f	f	\N	\N	\N	\N	\N	\N
b30a87ba-a137-4cf1-bce5-b211009d5629	[NV00196] kientest	kientest	kientest	\N	\N	\N	f	f	f	f	cad65000-6ff3-47c7-cc8d-08dc4d479451	NV00196	\N	f	t	male	\N	\N	\N	\N	\N	\N	\N	\N	\N	\N	\N	\N	\N	\N	\N	\N	\N	\N	2024-10-22 00:00:00	\N	\N	\N	\N	2024-10-22 16:32:50.694519	\N	b19424da-e016-41c8-b992-17181969c924	2024-10-22 16:32:50.69452	2024-10-22 16:34:01.819994	f	f	\N	\N	\N	\N	contact	\N	\N	196	NV	\N	\N	\N	\N	\N	\N	\N	\N	\N	\N	f	\N	\N	\N	\N	\N	\N	\N	\N	\N	\N	\N	\N	\N	\N	\N	\N	\N	\N	\N	f	\N	\N	\N	\N	f	f	f	\N	\N	\N	\N	\N	\N
6110b69a-0f5e-41a7-bd7b-b2140054b0e0	[NV00197] NGUYỄN THỊ CẨM CHÂU	NGUYỄN THỊ CẨM CHÂU	NGUYEN THI CAM CHAU	\N	0377736749	\N	f	f	f	f	6861c928-0e13-4664-c781-08dcdfa45074	NV00197	\N	t	t	male	\N	\N	\N	\N	\N	\N	\N	\N	\N	\N	\N	\N	\N	\N	\N	\N	\N	\N	2024-10-25 00:00:00	\N	\N	\N	\N	2024-10-25 12:08:21.011768	\N	ec24a7fb-2196-41f1-82f0-b5d0551cb59b	2024-10-25 12:08:21.011769	2025-07-24 12:00:15.145183	f	f	\N	\N	\N	\N	contact	\N	\N	197	NV	\N	\N	\N	\N	\N	\N	\N	\N	\N	\N	f	\N	\N	\N	\N	\N	\N	\N	\N	\N	\N	\N	\N	\N	\N	\N	\N	\N	\N	\N	f	\N	\N	\N	\N	f	f	f	\N	\N	\N	\N	\N	\N
1002317f-743f-422e-b0b3-b21400a9b56e	[NV00198] Nguyễn Trúc Phương	Nguyễn Trúc Phương	Nguyen Truc Phuong	\N	0911 504 604	\N	f	f	f	f	6861c928-0e13-4664-c781-08dcdfa45074	NV00198	\N	t	t	male	\N	\N	\N	\N	\N	\N	\N	\N	\N	\N	\N	\N	\N	\N	\N	\N	\N	\N	2024-10-25 00:00:00	\N	\N	\N	\N	2024-10-25 17:17:53.429825	\N	ec24a7fb-2196-41f1-82f0-b5d0551cb59b	2024-10-25 17:17:53.429826	2025-08-25 15:00:26.219336	f	f	\N	\N	\N	\N	contact	\N	\N	198	NV	\N	\N	\N	\N	\N	\N	\N	\N	\N	\N	f	\N	\N	\N	\N	\N	\N	\N	\N	\N	\N	\N	\N	\N	\N	\N	\N	\N	\N	\N	f	\N	\N	\N	\N	f	f	f	\N	\N	\N	\N	\N	\N
76bf0364-83c2-48ec-8cf2-b1d4007525d4	[NV00157] Bác sĩ 19	Bác sĩ 19	Bac si 19	\N	\N	\N	f	f	f	f	cad65000-6ff3-47c7-cc8d-08dc4d479451	NV00157	\N	t	t	male	Bác sĩ	\N	\N	\N	\N	\N	\N	\N	\N	\N	\N	\N	\N	\N	\N	\N	\N	\N	2024-08-22 00:00:00	\N	\N	\N	\N	2024-08-22 14:06:31.319001	\N	b19424da-e016-41c8-b992-17181969c924	2024-08-22 14:06:31.319005	2026-04-15 06:58:04.453	f	f	\N	\N	\N	\N	contact	\N	\N	157	NV	\N	\N	\N	\N	\N	\N	\N	\N	\N	\N	f	\N	\N	\N	\N	\N	\N	\N	\N	\N	\N	\N	\N	\N	\N	\N	\N	\N	\N	\N	f	$2b$10$srrKzVLKYfFQpxVoFWmV..vo.CxwZ9pTL3E/j5MNhXeK8FT5YLTj2	\N	\N	\N	t	f	f	2024-08-22 00:00:00	\N	\N	\N	\N	\N
e5615653-f580-40f6-a947-b1cf0063ad95	[NV00156] Bác sĩ 28	Bác sĩ 28	Bac si 28	\N	\N	\N	f	f	f	f	cad65000-6ff3-47c7-cc8d-08dc4d479451	NV00156	\N	f	t	male	Phụ tá	\N	\N	\N	\N	\N	\N	\N	\N	\N	\N	\N	\N	\N	\N	\N	\N	\N	2024-08-17 00:00:00	\N	\N	\N	\N	2024-08-17 13:02:55.001873	\N	\N	2024-08-17 13:02:55.001875	2026-04-15 06:58:19.562	f	f	\N	\N	\N	\N	contact	\N	\N	156	NV	\N	\N	\N	\N	\N	\N	\N	\N	\N	\N	f	\N	\N	\N	\N	\N	\N	\N	\N	\N	\N	\N	\N	\N	\N	\N	\N	\N	\N	\N	f	$2b$10$EZYvKbZwkdCDjzU5yCq2HeXfAXpmhr2dHYxo9VLlwQiLA0uf1SOTC	\N	\N	\N	f	t	f	2024-08-17 00:00:00	\N	\N	\N	\N	\N
29420e73-db6e-4b8a-8c0a-b1f7002d747f	[NV00169] BS (20)	BS (20)	BS (20)	\N	\N	\N	f	f	f	f	765f6593-2b19-4d06-cc8c-08dc4d479451	NV00169	\N	t	t	male	Bác sĩ	\N	\N	\N	\N	\N	\N	\N	\N	\N	\N	\N	\N	\N	\N	\N	\N	\N	2024-09-26 00:00:00	\N	\N	\N	\N	2024-09-26 09:45:29.80954	\N	a6720b68-3b2a-4d0d-80a9-c88cbad11c0a	2024-09-26 09:45:29.809541	2026-04-15 07:00:46.033	f	f	\N	\N	\N	\N	contact	\N	\N	169	NV	\N	\N	\N	\N	\N	\N	\N	\N	\N	\N	f	\N	\N	\N	\N	\N	\N	\N	\N	\N	\N	\N	\N	\N	\N	\N	\N	\N	\N	\N	f	$2b$10$1Do4dVy8SkbkAOQej9vuouUhIG3mmfYTaBeYpSTKZedi9pbjiQTxC	\N	\N	\N	t	f	f	2024-09-26 00:00:00	\N	\N	\N	\N	\N
5c6fe241-0c75-4e08-8dd1-b2110032b4ee	[NV00193] BÁC SĨ 21	BÁC SĨ 21	BAC SI 21	\N	\N	\N	f	f	f	f	6861c928-0e13-4664-c781-08dcdfa45074	NV00193	\N	t	t	male	Bác sĩ	\N	\N	\N	\N	\N	\N	\N	\N	\N	\N	\N	\N	\N	\N	\N	\N	\N	2024-10-22 00:00:00	\N	\N	\N	\N	2024-10-22 10:04:37.059759	\N	ec24a7fb-2196-41f1-82f0-b5d0551cb59b	2024-10-22 10:04:37.059761	2026-04-15 08:00:08.342	f	f	\N	\N	\N	\N	contact	\N	\N	193	NV	\N	\N	\N	\N	\N	\N	\N	\N	\N	\N	f	\N	\N	\N	\N	\N	\N	\N	\N	\N	\N	\N	\N	\N	\N	\N	\N	\N	\N	\N	f	$2b$10$39QcdQdVU03IMRwP6p0Rv.xa5QJhdOiKM6oUlAoSGDDrxcnLqk0KG	\N	\N	\N	t	f	f	2024-10-22 00:00:00	\N	\N	\N	\N	\N
821edbea-ec64-4840-88c9-b2010075fdd2	[NV00182] BÁC SĨ 26	BÁC SĨ 26	BAC SI 26	\N	\N	\N	f	f	f	f	6861c928-0e13-4664-c781-08dcdfa45074	NV00182	\N	t	t	male	Bác sĩ	\N	\N	\N	\N	\N	\N	\N	\N	\N	\N	\N	\N	\N	\N	\N	\N	\N	2024-10-06 00:00:00	\N	\N	\N	\N	2024-10-06 14:09:35.632345	\N	ec24a7fb-2196-41f1-82f0-b5d0551cb59b	2024-10-06 14:09:35.632347	2026-04-15 08:00:21.16	f	f	\N	\N	\N	\N	contact	\N	\N	182	NV	\N	\N	\N	\N	\N	\N	\N	\N	\N	\N	f	\N	\N	\N	\N	\N	\N	\N	\N	\N	\N	\N	\N	\N	\N	\N	\N	\N	\N	\N	f	$2b$10$6lfADjRbIwyKbJ8uGdBKzuApoD6T16VF07FypBQW24MOAkuihkM4a	\N	\N	\N	t	f	f	2024-10-06 00:00:00	\N	\N	\N	\N	\N
8cbb6e8f-5e5e-4d03-806e-b1fe009a325e	[NV00178] Trần Thị Thùy Trang	Trần Thị Thùy Trang	Tran Thi Thuy Trang	\N	0898147426	\N	f	f	f	f	6861c928-0e13-4664-c781-08dcdfa45074	NV00178	\N	t	t	male	Lễ tân	\N	\N	\N	\N	\N	\N	\N	\N	\N	\N	\N	\N	\N	\N	\N	\N	\N	2024-10-03 00:00:00	\N	\N	\N	\N	2024-10-03 16:21:24.79265	\N	ec24a7fb-2196-41f1-82f0-b5d0551cb59b	2024-10-03 16:21:24.792651	2026-04-15 08:57:15.365	f	f	\N	\N	\N	\N	contact	\N	\N	178	NV	\N	\N	\N	\N	\N	\N	\N	\N	\N	\N	f	\N	\N	\N	\N	\N	\N	\N	\N	\N	\N	\N	\N	\N	\N	\N	\N	\N	\N	\N	f	$2b$10$ZmvsLiWqmh.GZLS29GBwFObMwt5qqUeVbLVEaI6F3Fa8RxM0ZFtme	\N	\N	\N	f	f	t	2024-10-03 00:00:00	\N	\N	\N	\N	\N
8f81c758-ea3e-4639-ba6c-b21400a9c79d	[NV00199] KIÊN PT Q3	KIÊN PT Q3	KIEN PT Q3	\N	\N	\N	f	f	f	f	6861c928-0e13-4664-c781-08dcdfa45074	NV00199	\N	f	t	male	Phụ tá	\N	\N	\N	\N	\N	\N	\N	\N	\N	\N	\N	\N	\N	\N	\N	\N	\N	2024-10-25 00:00:00	\N	\N	\N	\N	2024-10-25 17:18:08.947733	\N	\N	2024-10-25 17:18:08.947734	2026-04-15 08:58:20.202	f	f	\N	\N	\N	\N	contact	\N	\N	199	NV	\N	\N	\N	\N	\N	\N	\N	\N	\N	\N	f	\N	\N	\N	\N	\N	\N	\N	\N	\N	\N	\N	\N	\N	\N	\N	\N	\N	\N	\N	f	$2b$10$B/IGgeudDrv8ktSUkFXRXOvg0UGcXxr2OkTlllvC5fmeQsBZscY8W	\N	\N	\N	f	t	f	2024-10-25 00:00:00	\N	\N	\N	\N	\N
3f07440d-022c-487e-b374-b21400aa22d5	[NV00200] Nguyễn Thị Thanh Mai	Nguyễn Thị Thanh Mai	Nguyen Thi Thanh Mai	\N	0914 689398	thmainguyen77@gmail.com	f	f	f	f	6861c928-0e13-4664-c781-08dcdfa45074	NV00200	\N	f	t	male	Phụ tá	\N	\N	\N	\N	\N	\N	\N	\N	\N	\N	\N	\N	\N	\N	\N	\N	\N	2024-10-25 00:00:00	\N	\N	\N	\N	2024-10-25 17:19:26.787567	\N	b19424da-e016-41c8-b992-17181969c924	2024-10-25 17:19:26.787569	2026-04-15 09:00:36.094	f	f	\N	\N	\N	\N	contact	\N	\N	200	NV	\N	\N	\N	\N	\N	\N	\N	\N	\N	\N	f	\N	\N	\N	\N	\N	\N	\N	\N	\N	\N	\N	\N	\N	\N	\N	\N	\N	\N	\N	f	\N	\N	\N	\N	f	t	f	2024-10-25 00:00:00	\N	\N	\N	\N	\N
f3988238-c6f3-48d7-992e-b20f004be645	[NV00190] Wu Trần Cẩm Tiên	Wu Trần Cẩm Tiên	Wu Tran Cam Tien	\N	\N	\N	f	f	f	f	6861c928-0e13-4664-c781-08dcdfa45074	NV00190	\N	f	t	male	Phụ tá	\N	\N	\N	\N	\N	\N	\N	\N	\N	\N	\N	\N	\N	\N	\N	\N	\N	2024-10-20 00:00:00	\N	\N	\N	\N	2024-10-20 11:36:20.496592	\N	ab486efc-0431-46c2-9277-74c99f651d0d	2024-10-20 11:36:20.496592	2026-04-15 09:01:27.615	f	f	\N	\N	\N	\N	contact	\N	\N	190	NV	\N	\N	\N	\N	\N	\N	\N	\N	\N	\N	f	\N	\N	\N	\N	\N	\N	\N	\N	\N	\N	\N	\N	\N	\N	\N	\N	\N	\N	\N	f	$2b$10$Sy4WJVVXr86DL/53pjNMpuxt/6qhIBrO9DH8qlmt9.OtWM/PaRf7e	\N	\N	\N	f	t	f	2024-10-20 00:00:00	\N	\N	\N	\N	\N
fac429d6-1411-42a3-b543-b21900a43dd1	[NV00203] Trần Quốc Khá	Trần Quốc Khá	Tran Quoc Kha	\N	0393986310	\N	f	f	f	f	c6b4b453-d260-46d4-4fd9-08db24f7ae8e	NV00203	\N	t	t	male	\N	\N	\N	\N	\N	\N	\N	\N	\N	\N	\N	\N	\N	\N	\N	\N	\N	\N	2024-10-30 00:00:00	\N	\N	\N	\N	2024-10-30 16:57:59.095119	\N	ec24a7fb-2196-41f1-82f0-b5d0551cb59b	2024-10-30 16:57:59.095123	2026-01-03 12:43:30.898976	f	f	\N	\N	\N	\N	contact	\N	\N	203	NV	\N	\N	\N	\N	\N	\N	\N	\N	\N	\N	f	\N	\N	\N	\N	\N	\N	\N	\N	\N	\N	\N	\N	\N	\N	\N	\N	\N	\N	\N	f	\N	\N	\N	\N	f	f	f	\N	\N	\N	\N	\N	\N
88dd8447-017f-4f38-abb5-b21d00b9e6b7	[NV00204] NGUYỄN HUỲNH ĐỨC	NGUYỄN HUỲNH ĐỨC	NGUYEN HUYNH DUC	\N	0947940950	\N	f	f	f	f	c6b4b453-d260-46d4-4fd9-08db24f7ae8e	NV00204	\N	t	t	male	\N	\N	\N	\N	\N	\N	\N	\N	\N	\N	\N	\N	\N	\N	\N	\N	\N	\N	2024-11-03 00:00:00	\N	\N	\N	\N	2024-11-03 18:16:50.741185	\N	\N	2024-11-03 18:16:50.741187	2024-11-03 18:16:50.741187	f	f	\N	\N	\N	\N	contact	\N	\N	204	NV	\N	\N	\N	\N	\N	\N	\N	\N	\N	\N	f	\N	\N	\N	\N	\N	\N	\N	\N	\N	\N	\N	\N	\N	\N	\N	\N	\N	\N	\N	f	\N	\N	\N	\N	f	f	f	\N	\N	\N	\N	\N	\N
f91752bd-eb9d-49d3-98e5-b2200066be7f	[NV00205] Vãng lai	Vãng lai	Vang lai	\N	\N	\N	f	f	f	f	b178d5ee-d9ac-477e-088e-08db9a4c4cf4	NV00205	\N	f	t	male	\N	\N	\N	\N	\N	\N	\N	\N	\N	\N	\N	\N	\N	\N	\N	\N	\N	\N	2024-11-06 00:00:00	\N	\N	\N	\N	2024-11-06 13:14:04.795965	\N	b19424da-e016-41c8-b992-17181969c924	2024-11-06 13:14:04.795967	2025-04-22 13:14:22.896286	f	f	\N	\N	\N	\N	contact	\N	\N	205	NV	\N	\N	\N	\N	\N	\N	\N	\N	\N	\N	f	\N	\N	\N	\N	\N	\N	\N	\N	\N	\N	\N	\N	\N	\N	\N	\N	\N	\N	\N	f	\N	\N	\N	\N	f	f	f	\N	\N	\N	\N	\N	\N
d91ce630-be54-4bdc-815e-b2870083b9c3	[NV00219] Lan Anh QLCS	Lan Anh QLCS	Lan Anh QLCS	\N	\N	\N	f	f	f	f	6861c928-0e13-4664-c781-08dcdfa45074	NV00219	\N	f	t	male	\N	\N	\N	\N	\N	\N	\N	\N	\N	\N	\N	\N	\N	\N	\N	\N	\N	\N	2025-02-17 00:00:00	\N	\N	\N	\N	2025-02-17 14:59:35.902987	\N	b19424da-e016-41c8-b992-17181969c924	2025-02-17 14:59:35.902989	2025-03-12 15:50:44.199007	f	f	\N	\N	\N	\N	contact	\N	\N	219	NV	\N	\N	\N	\N	none	\N	\N	\N	\N	\N	f	\N	\N	\N	\N	\N	\N	\N	\N	\N	\N	\N	\N	\N	\N	\N	\N	\N	\N	\N	f	\N	\N	\N	\N	f	f	f	\N	\N	\N	\N	\N	\N
17ef0076-50f2-45dc-8edc-b28e00936229	[NV00225] Trần Thị Ngọc Nhi 	Trần Thị Ngọc Nhi 	Tran Thi Ngoc Nhi 	\N	0827177839	\N	f	f	f	f	6861c928-0e13-4664-c781-08dcdfa45074	NV00225	\N	t	t	male	\N	\N	\N	\N	\N	\N	\N	\N	\N	\N	\N	\N	\N	\N	\N	\N	\N	\N	2025-02-24 00:00:00	\N	\N	\N	\N	2025-02-24 15:56:36.403184	\N	ec24a7fb-2196-41f1-82f0-b5d0551cb59b	2025-02-24 15:56:36.403186	2025-07-30 16:57:48.12215	f	f	\N	\N	\N	\N	contact	\N	\N	225	NV	\N	\N	\N	\N	none	\N	\N	\N	\N	\N	f	\N	\N	\N	\N	\N	\N	\N	\N	\N	\N	\N	\N	\N	\N	\N	\N	\N	\N	\N	f	\N	\N	\N	\N	f	f	f	\N	\N	\N	\N	\N	\N
050abf22-af1f-4467-9211-b298004bfb27	[NV00227] PHẠM PHƯỚC GIA BẢO	PHẠM PHƯỚC GIA BẢO	PHAM PHUOC GIA BAO	\N	\N	\N	f	f	f	f	765f6593-2b19-4d06-cc8c-08dc4d479451	NV00227	\N	t	t	male	\N	\N	\N	\N	\N	\N	\N	\N	\N	\N	\N	\N	\N	\N	\N	\N	\N	\N	2025-03-06 00:00:00	\N	\N	\N	\N	2025-03-06 11:36:38.315619	\N	a6720b68-3b2a-4d0d-80a9-c88cbad11c0a	2025-03-06 11:36:38.31562	2025-03-06 11:43:34.592108	f	f	\N	\N	\N	\N	contact	\N	\N	227	NV	\N	\N	\N	\N	none	\N	\N	\N	\N	\N	f	\N	\N	\N	\N	\N	\N	\N	\N	\N	\N	\N	\N	\N	\N	\N	\N	\N	\N	\N	f	\N	\N	\N	\N	f	f	f	\N	\N	\N	\N	\N	\N
2e779399-ebcb-4c98-9a3a-b29d00b787f5	[NV00230] Phạm Thị Ánh	Phạm Thị Ánh	Pham Thi Anh	\N	\N	\N	f	f	f	f	cad65000-6ff3-47c7-cc8d-08dc4d479451	NV00230	\N	t	t	male	\N	\N	\N	\N	\N	\N	\N	\N	\N	\N	\N	\N	\N	\N	\N	\N	\N	\N	2025-03-11 00:00:00	\N	\N	\N	\N	2025-03-11 18:08:12.973412	\N	\N	2025-03-11 18:08:12.973413	2025-03-11 18:08:12.973414	f	f	\N	\N	\N	\N	contact	\N	\N	230	NV	\N	\N	\N	\N	none	\N	\N	\N	\N	\N	f	\N	\N	\N	\N	\N	\N	\N	\N	\N	\N	\N	\N	\N	\N	\N	\N	\N	\N	\N	f	\N	\N	\N	\N	f	f	f	\N	\N	\N	\N	\N	\N
0965f4ae-093f-4d59-bc39-b29e006fc296	[NV00232] Trần Hải Anh	Trần Hải Anh	Tran Hai Anh	\N	\N	\N	f	f	f	f	b178d5ee-d9ac-477e-088e-08db9a4c4cf4	NV00232	\N	f	t	male	\N	\N	\N	\N	\N	\N	\N	\N	\N	\N	\N	\N	\N	\N	\N	\N	\N	\N	2025-03-12 00:00:00	\N	\N	\N	\N	2025-03-12 13:46:54.365497	\N	7c1e531a-10bd-40fc-a5a3-8a404bab47b6	2025-03-12 13:46:54.365498	2025-07-30 10:13:00.345131	f	f	\N	\N	\N	\N	contact	\N	\N	232	NV	\N	\N	\N	\N	none	\N	\N	\N	\N	\N	f	\N	\N	\N	\N	\N	\N	\N	\N	\N	\N	\N	\N	\N	\N	\N	\N	\N	\N	\N	f	\N	\N	\N	\N	f	f	f	\N	\N	\N	\N	\N	\N
b47a1193-0724-4c27-bf20-b29e006ffe92	[NV00233] Nguyễn Thị Kim Phương	Nguyễn Thị Kim Phương	Nguyen Thi Kim Phuong	\N	\N	\N	f	f	f	f	b178d5ee-d9ac-477e-088e-08db9a4c4cf4	NV00233	\N	t	t	male	\N	\N	\N	\N	\N	\N	\N	\N	\N	\N	\N	\N	\N	\N	\N	\N	\N	\N	2025-03-12 00:00:00	\N	\N	\N	\N	2025-03-12 13:47:45.551402	\N	7c1e531a-10bd-40fc-a5a3-8a404bab47b6	2025-03-12 13:47:45.551403	2025-07-30 10:13:05.512545	f	f	\N	\N	\N	\N	contact	\N	\N	233	NV	\N	\N	\N	\N	none	\N	\N	\N	\N	\N	f	\N	\N	\N	\N	\N	\N	\N	\N	\N	\N	\N	\N	\N	\N	\N	\N	\N	\N	\N	f	\N	\N	\N	\N	f	f	f	\N	\N	\N	\N	\N	\N
ef59b6fe-20f0-461d-8a63-b29e008fa65b	[NV00234] Khiếu Phượng QLCS	Khiếu Phượng QLCS	Khieu Phuong QLCS	\N	\N	\N	f	f	f	f	cad65000-6ff3-47c7-cc8d-08dc4d479451	NV00234	\N	f	t	male	\N	\N	\N	\N	\N	\N	\N	\N	\N	\N	\N	\N	\N	\N	\N	\N	\N	\N	2025-03-12 00:00:00	\N	\N	\N	\N	2025-03-12 15:43:00.780317	\N	b19424da-e016-41c8-b992-17181969c924	2025-03-12 15:43:00.780318	2025-04-22 12:02:47.038069	f	f	\N	\N	\N	\N	contact	\N	\N	234	NV	\N	\N	\N	\N	none	\N	\N	\N	\N	\N	f	\N	\N	\N	\N	\N	\N	\N	\N	\N	\N	\N	\N	\N	\N	\N	\N	\N	\N	\N	f	\N	\N	\N	\N	f	f	f	\N	\N	\N	\N	\N	\N
bac8af08-3f26-49ef-8a95-b2a700354d8b	[NV00248] Bùi Kim Chi	Bùi Kim Chi	Bui Kim Chi	\N	0944909725	\N	f	f	f	f	b178d5ee-d9ac-477e-088e-08db9a4c4cf4	NV00248	\N	t	t	male	\N	\N	\N	\N	\N	\N	\N	\N	\N	\N	\N	\N	\N	\N	\N	\N	\N	\N	2025-03-21 00:00:00	\N	\N	\N	\N	2025-03-21 10:14:04.195984	\N	ec24a7fb-2196-41f1-82f0-b5d0551cb59b	2025-03-21 10:14:04.195986	2025-10-18 17:12:20.608555	f	f	\N	\N	\N	\N	contact	\N	\N	248	NV	\N	\N	\N	\N	none	\N	\N	\N	\N	\N	f	\N	\N	\N	\N	\N	\N	\N	\N	\N	\N	\N	\N	\N	\N	\N	\N	\N	\N	\N	f	\N	\N	\N	\N	f	f	f	\N	\N	\N	\N	\N	\N
b0fc5aac-5d9e-4627-bfc7-b2ab007a180a	[NV00249] Phạm Hồng Tín	Phạm Hồng Tín	Pham Hong Tin	\N	\N	\N	f	f	f	f	b178d5ee-d9ac-477e-088e-08db9a4c4cf4	NV00249	\N	t	t	male	\N	\N	\N	\N	\N	\N	\N	\N	\N	\N	\N	\N	\N	\N	\N	\N	\N	\N	2025-03-25 00:00:00	\N	\N	\N	\N	2025-03-25 14:24:31.817731	\N	7c1e531a-10bd-40fc-a5a3-8a404bab47b6	2025-03-25 14:24:31.817734	2025-07-30 10:13:12.1239	f	f	\N	\N	\N	\N	contact	\N	\N	249	NV	\N	\N	\N	\N	none	\N	\N	\N	\N	\N	f	\N	\N	\N	\N	\N	\N	\N	\N	\N	\N	\N	\N	\N	\N	\N	\N	\N	\N	\N	f	\N	\N	\N	\N	f	f	f	\N	\N	\N	\N	\N	\N
b571d6e8-ef16-4e12-ade0-b2ac00883282	[NV00250] Võ Ngọc Anh Thư 	Võ Ngọc Anh Thư 	Vo Ngoc Anh Thu 	\N	0703226111	\N	f	f	f	f	c6b4b453-d260-46d4-4fd9-08db24f7ae8e	NV00250	\N	t	t	male	\N	\N	\N	\N	\N	\N	\N	\N	\N	\N	\N	\N	\N	\N	\N	\N	\N	\N	2025-03-26 00:00:00	\N	\N	\N	\N	2025-03-26 15:15:52.750992	\N	ec24a7fb-2196-41f1-82f0-b5d0551cb59b	2025-03-26 15:15:52.750993	2026-01-15 18:34:26.482814	f	f	\N	\N	\N	\N	contact	\N	\N	250	NV	\N	\N	\N	\N	none	\N	\N	\N	\N	\N	f	\N	\N	\N	\N	\N	\N	\N	\N	\N	\N	\N	\N	\N	\N	\N	\N	\N	\N	\N	f	\N	\N	\N	\N	f	f	f	\N	\N	\N	\N	\N	\N
e76e9d92-c7de-4286-91f4-b2b2004e4d15	[NV00252] NGUYỄN HOÀNG VINH	NGUYỄN HOÀNG VINH	NGUYEN HOANG VINH	\N	\N	\N	f	f	f	f	6861c928-0e13-4664-c781-08dcdfa45074	NV00252	\N	f	t	male	\N	\N	\N	\N	\N	\N	\N	\N	\N	\N	\N	\N	\N	\N	\N	\N	\N	\N	2025-04-01 00:00:00	\N	\N	\N	\N	2025-04-01 11:45:05.13702	\N	b19424da-e016-41c8-b992-17181969c924	2025-04-01 11:45:05.137022	2025-04-22 12:03:18.284826	f	f	\N	\N	\N	\N	contact	\N	\N	252	NV	\N	\N	\N	\N	none	\N	\N	\N	\N	\N	f	\N	\N	\N	\N	\N	\N	\N	\N	\N	\N	\N	\N	\N	\N	\N	\N	\N	\N	\N	f	\N	\N	\N	\N	f	f	f	\N	\N	\N	\N	\N	\N
6118532b-fca4-45ba-847a-b2b300c8f050	[NV00253] Đỗ Thanh Tùng	Đỗ Thanh Tùng	Do Thanh Tung	\N	0928587886	thanhtung1318@gmail.com	f	f	f	f	6861c928-0e13-4664-c781-08dcdfa45074	NV00253	\N	f	t	male	\N	\N	\N	\N	\N	\N	\N	\N	\N	\N	\N	\N	\N	\N	\N	\N	\N	\N	2025-04-02 00:00:00	\N	\N	\N	\N	2025-04-02 19:11:35.732124	\N	b19424da-e016-41c8-b992-17181969c924	2025-04-02 19:11:35.732125	2025-06-07 13:36:11.533054	f	f	\N	\N	\N	\N	contact	\N	\N	253	NV	\N	\N	\N	\N	none	\N	\N	\N	\N	\N	f	\N	\N	\N	\N	\N	\N	\N	\N	\N	\N	\N	\N	\N	\N	\N	\N	\N	\N	\N	f	\N	\N	\N	\N	f	f	f	\N	\N	\N	\N	\N	\N
dbd01e3d-77e1-456f-a47d-b2b400878faf	[NV00254] YẾN NHI	YẾN NHI	YEN NHI	\N	\N	\N	f	f	f	f	6861c928-0e13-4664-c781-08dcdfa45074	NV00254	\N	t	t	male	\N	\N	\N	\N	\N	\N	\N	\N	\N	\N	\N	\N	\N	\N	\N	\N	\N	\N	2025-04-03 00:00:00	\N	\N	\N	\N	2025-04-03 15:13:33.808728	\N	ec24a7fb-2196-41f1-82f0-b5d0551cb59b	2025-04-03 15:13:33.808731	2025-07-30 16:57:44.2756	f	f	\N	\N	\N	\N	contact	\N	\N	254	NV	\N	\N	\N	\N	none	\N	\N	\N	\N	\N	f	\N	\N	\N	\N	\N	\N	\N	\N	\N	\N	\N	\N	\N	\N	\N	\N	\N	\N	\N	f	\N	\N	\N	\N	f	f	f	\N	\N	\N	\N	\N	\N
61410f5f-83d2-4b0d-b25d-b27b00aa34a2	[NV00216] CAO THỊ THUỲ LINH	CAO THỊ THUỲ LINH	CAO THI THUY LINH	\N	\N	\N	f	f	f	f	765f6593-2b19-4d06-cc8c-08dc4d479451	NV00216	\N	t	t	male	Lễ tân	\N	\N	\N	\N	\N	\N	\N	\N	\N	\N	\N	\N	\N	\N	\N	\N	\N	2025-02-05 00:00:00	\N	\N	\N	\N	2025-02-05 17:19:41.977938	\N	a6720b68-3b2a-4d0d-80a9-c88cbad11c0a	2025-02-05 17:19:41.977941	2026-04-15 08:08:46.253	f	f	\N	\N	\N	\N	contact	\N	\N	216	NV	\N	\N	\N	\N	none	\N	\N	\N	\N	\N	f	\N	\N	\N	\N	\N	\N	\N	\N	\N	\N	\N	\N	\N	\N	\N	\N	\N	\N	\N	f	$2b$10$rWrJx1aYJ0LiK9UuNVSgwOo4jxYMFnPbK3tMGsOUUmTDONZ4mmjWO	\N	\N	\N	f	f	t	2025-02-05 00:00:00	\N	\N	\N	\N	\N
ceebf57c-76e5-4cc8-926a-b29e002bd09a	[NV00231] Lê Hồng Yến 	Lê Hồng Yến	Le Hong Yen 	\N	0707619839	\N	f	f	f	f	c6b4b453-d260-46d4-4fd9-08db24f7ae8e	NV00231	\N	t	t	male	Lễ tân	\N	\N	\N	\N	\N	\N	\N	\N	\N	\N	\N	\N	\N	\N	\N	\N	\N	2025-03-12 00:00:00	\N	\N	\N	\N	2025-03-12 09:39:31.502038	\N	ec24a7fb-2196-41f1-82f0-b5d0551cb59b	2025-03-12 09:39:31.502043	2026-04-15 08:42:29.508	f	f	\N	\N	\N	\N	contact	\N	\N	231	NV	\N	\N	\N	\N	none	\N	\N	\N	\N	\N	f	\N	\N	\N	\N	\N	\N	\N	\N	\N	\N	\N	\N	\N	\N	\N	\N	\N	\N	\N	f	$2b$10$dg5/XkQsIZGLaNH3ehdeO.nO957kWOkarzuHbIAlwVmQXBXy9y2hG	\N	\N	\N	f	f	t	2025-03-12 00:00:00	\N	\N	\N	\N	\N
e20b7f60-8f92-452d-96d6-b2d1001a1351	[NV00262] Thùy Lễ Tân	Thùy Lễ Tân	Thuy Le Tan	\N	\N	\N	f	f	f	f	f0f6361e-b99d-4ac7-4108-08dd8159c64a	NV00262	\N	t	t	male	Lễ tân	\N	\N	\N	\N	\N	\N	\N	\N	\N	\N	\N	\N	\N	\N	\N	\N	\N	2025-05-02 00:00:00	\N	\N	\N	\N	2025-05-02 08:34:56.271659	\N	b19424da-e016-41c8-b992-17181969c924	2025-05-02 08:34:56.27166	2026-04-15 08:18:14.503	f	f	\N	\N	\N	\N	contact	\N	\N	262	NV	\N	\N	\N	\N	none	\N	\N	\N	\N	\N	f	\N	\N	\N	\N	\N	\N	\N	\N	\N	\N	\N	\N	\N	\N	\N	\N	\N	\N	\N	f	$2b$10$pYD8s0VBia3zbd681PcQGuxCpajdOZdTSSFAQUiu65yvQqMUuna3y	\N	\N	\N	f	f	t	2025-05-02 00:00:00	\N	\N	\N	\N	\N
3e117c0d-3bcf-48b4-8c04-b2c700523ff0	[NV00256] Hạnh Trang	Hạnh Trang	Hanh Trang	\N	\N	\N	f	f	f	f	f0f6361e-b99d-4ac7-4108-08dd8159c64a	NV00256	\N	t	t	male	Quản lý cơ sở	\N	\N	\N	\N	\N	\N	\N	\N	\N	\N	\N	\N	\N	\N	\N	\N	\N	2025-04-22 00:00:00	\N	\N	\N	\N	2025-04-22 11:59:27.732393	\N	b19424da-e016-41c8-b992-17181969c924	2025-04-22 11:59:27.732395	2026-04-15 08:23:36.954	f	f	\N	\N	\N	\N	contact	\N	\N	256	NV	\N	\N	\N	\N	none	\N	\N	\N	\N	\N	f	\N	\N	\N	\N	\N	\N	\N	\N	\N	\N	\N	\N	\N	\N	\N	\N	\N	\N	\N	f	$2b$10$WT8hoG5iJwsh0zs8WO9N1OUPy9oHoVzKJvB436qw38jjccra08aL6	\N	\N	\N	f	f	f	2025-04-22 00:00:00	\N	\N	\N	\N	\N
a7518d60-2989-42f6-b4f4-b25500619691	[NV00212] PHAN THỊ TUYẾT MAI	PHAN THỊ TUYẾT MAI	PHAN THI TUYET MAI	\N	0981932776	\N	f	f	f	f	c6b4b453-d260-46d4-4fd9-08db24f7ae8e	NV00212	\N	f	t	male	Bác sĩ	\N	\N	\N	\N	\N	\N	\N	\N	\N	\N	\N	\N	\N	\N	\N	\N	\N	2024-12-29 00:00:00	\N	\N	\N	\N	2024-12-29 12:55:18.454594	\N	ec24a7fb-2196-41f1-82f0-b5d0551cb59b	2024-12-29 12:55:18.45477	2026-04-15 08:45:21.665	f	f	\N	\N	\N	\N	contact	\N	\N	212	NV	\N	\N	\N	\N	\N	\N	\N	\N	\N	\N	f	\N	\N	\N	\N	\N	\N	\N	\N	\N	\N	\N	\N	\N	\N	\N	\N	\N	\N	\N	f	$2b$10$lnXi3vheSu2GLiQTehg42eCF1qLdtewP6XDVLY87tDJoyM3MElteW	\N	\N	\N	t	f	f	2024-12-29 00:00:00	\N	\N	\N	\N	\N
3fc1d5a6-836c-47b9-bcc1-b28e0093ebf3	[NV00226] cskh Linh	cskh Linh	cskh Linh	\N	\N	\N	f	f	f	f	c6b4b453-d260-46d4-4fd9-08db24f7ae8e	NV00226	\N	t	t	male	CSKH	\N	\N	\N	\N	\N	\N	\N	\N	\N	\N	\N	\N	\N	\N	\N	\N	\N	2025-02-24 00:00:00	\N	\N	\N	\N	2025-02-24 15:58:33.982878	\N	ec24a7fb-2196-41f1-82f0-b5d0551cb59b	2025-02-24 15:58:33.982879	2026-04-15 08:51:52.536	f	f	\N	\N	\N	\N	contact	\N	\N	226	NV	\N	\N	\N	\N	none	\N	\N	\N	\N	\N	f	\N	\N	\N	\N	\N	\N	\N	\N	\N	\N	\N	\N	\N	\N	\N	\N	\N	\N	\N	f	$2b$10$ltW1AJ19J9K8Bfscp53CM.u97n6TGF/cVnWLkqlZEQL0tCEnF2Cpm	\N	\N	\N	f	f	f	2025-02-24 00:00:00	\N	\N	\N	\N	\N
023b115a-5cf2-42ee-af16-b2180038bedc	[NV00201] Trần Diễm Hương 	Trần Diễm Hương	Tran Diem Huong 	\N	0342447099	hdiem36669@gmail.com	f	f	f	f	6861c928-0e13-4664-c781-08dcdfa45074	NV00201	\N	t	t	male	Trợ lý bác sĩ	\N	\N	\N	\N	\N	\N	\N	\N	\N	\N	\N	\N	\N	\N	\N	\N	\N	2024-10-29 00:00:00	\N	\N	\N	\N	2024-10-29 10:26:36.254047	\N	ec24a7fb-2196-41f1-82f0-b5d0551cb59b	2024-10-29 10:26:36.254049	2026-04-15 08:56:36.422	f	f	\N	\N	\N	\N	contact	\N	\N	201	NV	\N	\N	\N	\N	\N	\N	\N	\N	\N	\N	f	\N	\N	\N	\N	\N	\N	\N	\N	\N	\N	\N	\N	\N	\N	\N	\N	\N	\N	\N	f	\N	\N	\N	\N	f	t	f	2024-10-29 00:00:00	\N	\N	\N	\N	\N
dc126a07-fdd7-45b7-a9ea-b242002638ad	[NV00211] Trợ Lý Bác Sĩ	Trợ Lý Bác Sĩ	Tro Ly Bac Si	\N	\N	\N	f	f	f	f	6861c928-0e13-4664-c781-08dcdfa45074	NV00211	\N	f	t	male	Trợ lý bác sĩ	\N	\N	\N	\N	\N	\N	\N	\N	\N	\N	\N	\N	\N	\N	\N	\N	\N	2024-12-10 00:00:00	\N	\N	\N	\N	2024-12-10 09:19:09.590665	\N	ab486efc-0431-46c2-9277-74c99f651d0d	2024-12-10 09:19:09.590667	2026-04-15 08:57:38.599	f	f	\N	\N	\N	\N	contact	\N	\N	211	NV	\N	\N	\N	\N	\N	\N	\N	\N	\N	\N	f	\N	\N	\N	\N	\N	\N	\N	\N	\N	\N	\N	\N	\N	\N	\N	\N	\N	\N	\N	f	$2b$10$Y/YlrPAqRo.CGu6WR80P5OcdJuVFzPAsZuWPXk9KUHrdB4217Y12.	\N	\N	\N	f	t	f	2024-12-10 00:00:00	\N	\N	\N	\N	\N
9dc4fd00-57df-49cb-b889-b2ba00988cf5	[NV00255] NGỌC DIÊM	NGỌC DIÊM	NGOC DIEM	\N	\N	\N	f	f	f	f	6861c928-0e13-4664-c781-08dcdfa45074	NV00255	\N	t	t	male	CSKH	\N	\N	\N	\N	\N	\N	\N	\N	\N	\N	\N	\N	\N	\N	\N	\N	\N	2025-04-09 00:00:00	\N	\N	\N	\N	2025-04-09 16:15:25.189847	\N	a6720b68-3b2a-4d0d-80a9-c88cbad11c0a	2025-04-09 16:15:25.189848	2026-04-15 08:59:59.464	f	f	\N	\N	\N	\N	contact	\N	\N	255	NV	\N	\N	\N	\N	none	\N	\N	\N	\N	\N	f	\N	\N	\N	\N	\N	\N	\N	\N	\N	\N	\N	\N	\N	\N	\N	\N	\N	\N	\N	f	$2b$10$CJFFguky.fxJbQ9nC.MEzufw/Dq..2g2J1fGjADuV1neVG/6MXKwi	\N	\N	\N	f	f	f	2025-04-09 00:00:00	\N	\N	\N	\N	\N
65a12989-5a6e-4694-97eb-b2810029f59b	[NV00217] Nguyễn Hữu Thịnh	Nguyễn Hữu Thịnh	Nguyen Huu Thinh	\N	\N	\N	f	f	f	f	b178d5ee-d9ac-477e-088e-08db9a4c4cf4	NV00217	\N	f	t	male	Phụ tá	\N	\N	\N	\N	\N	\N	\N	\N	\N	\N	\N	\N	\N	\N	\N	\N	\N	2025-02-11 00:00:00	\N	\N	\N	\N	2025-02-11 09:32:46.171364	\N	7c1e531a-10bd-40fc-a5a3-8a404bab47b6	2025-02-11 09:32:46.171365	2026-04-15 09:07:47.547	f	f	\N	\N	\N	\N	contact	\N	\N	217	NV	\N	\N	\N	\N	none	\N	\N	\N	\N	\N	f	\N	\N	\N	\N	\N	\N	\N	\N	\N	\N	\N	\N	\N	\N	\N	\N	\N	\N	\N	f	$2b$10$NRCHy85s1qQf.3OaHjE/BuGeFKtlX/HErq9pLzE61s0vZbrrBwKNS	\N	\N	\N	f	t	f	2025-02-11 00:00:00	\N	\N	\N	\N	\N
e4a83179-3b9b-4dd1-8ad1-b2d2002326f7	[NV00265] Trần Thị Thùy Linh	Trần Thị Thùy Linh	Tran Thi Thuy Linh	\N	\N	\N	f	f	f	f	f0f6361e-b99d-4ac7-4108-08dd8159c64a	NV00265	\N	t	t	male	\N	\N	\N	\N	\N	\N	\N	\N	\N	\N	\N	\N	\N	\N	\N	\N	\N	\N	2025-05-03 00:00:00	\N	\N	\N	\N	2025-05-03 09:07:59.117732	\N	b45ec157-435e-4898-b9ce-116aee98a5a2	2025-05-03 09:07:59.117734	2025-07-30 10:07:57.300131	f	f	\N	\N	\N	\N	contact	\N	\N	265	NV	\N	\N	\N	\N	none	\N	\N	\N	\N	\N	f	\N	\N	\N	\N	\N	\N	\N	\N	\N	\N	\N	\N	\N	\N	\N	\N	\N	\N	\N	f	\N	\N	\N	\N	f	f	f	\N	\N	\N	\N	\N	\N
5361eeda-6eec-406d-9440-b2d2002377d5	[NV00266] Lê Thu Thủy	Lê Thu Thủy	Le Thu Thuy	\N	\N	\N	f	f	f	f	f0f6361e-b99d-4ac7-4108-08dd8159c64a	NV00266	\N	f	t	male	\N	\N	\N	\N	\N	\N	\N	\N	\N	\N	\N	\N	\N	\N	\N	\N	\N	\N	2025-05-03 00:00:00	\N	\N	\N	\N	2025-05-03 09:09:08.125652	\N	b45ec157-435e-4898-b9ce-116aee98a5a2	2025-05-03 09:09:08.125653	2025-07-24 10:38:59.550865	f	f	\N	\N	\N	\N	contact	\N	\N	266	NV	\N	\N	\N	\N	none	\N	\N	\N	\N	\N	f	\N	\N	\N	\N	\N	\N	\N	\N	\N	\N	\N	\N	\N	\N	\N	\N	\N	\N	\N	f	\N	\N	\N	\N	f	f	f	\N	\N	\N	\N	\N	\N
25ff397f-545a-4e0c-ae8e-b2d2006f3947	[NV00270] Nguyễn Thành Huy Thuận	Nguyễn Thành Huy Thuận	Nguyen Thanh Huy Thuan	\N	\N	\N	f	f	f	f	f0f6361e-b99d-4ac7-4108-08dd8159c64a	NV00270	\N	f	t	male	\N	\N	\N	\N	\N	\N	\N	\N	\N	\N	\N	\N	\N	\N	\N	\N	\N	\N	2025-05-03 00:00:00	\N	\N	\N	\N	2025-05-03 13:44:57.194566	\N	b45ec157-435e-4898-b9ce-116aee98a5a2	2025-05-03 13:44:57.194568	2025-07-24 10:38:44.820648	f	f	\N	\N	\N	\N	contact	\N	\N	270	NV	\N	\N	\N	\N	none	\N	\N	\N	\N	\N	f	\N	\N	\N	\N	\N	\N	\N	\N	\N	\N	\N	\N	\N	\N	\N	\N	\N	\N	\N	f	\N	\N	\N	\N	f	f	f	\N	\N	\N	\N	\N	\N
051a9314-486c-40d0-9d56-b2d300ac9bd3	[NV00274] Phan Thị Hoài Lang	Phan Thị Hoài Lang	Phan Thi Hoai Lang	\N	0967 594849	\N	f	f	f	f	c6b4b453-d260-46d4-4fd9-08db24f7ae8e	NV00274	\N	t	t	male	\N	\N	\N	\N	\N	\N	\N	\N	\N	\N	\N	\N	\N	\N	\N	\N	\N	\N	2025-05-04 00:00:00	\N	\N	\N	\N	2025-05-04 17:28:26.94148	\N	\N	2025-05-04 17:28:26.941482	2025-05-04 17:28:26.941483	f	f	\N	\N	\N	\N	contact	\N	\N	274	NV	\N	\N	\N	\N	none	\N	\N	\N	\N	\N	f	\N	\N	\N	\N	\N	\N	\N	\N	\N	\N	\N	\N	\N	\N	\N	\N	\N	\N	\N	f	\N	\N	\N	\N	f	f	f	\N	\N	\N	\N	\N	\N
3c7dab48-7bfe-4774-a001-b2d9005f323e	[NV00276] Vũ Kim Loan	Vũ Kim Loan	Vu Kim Loan	\N	\N	\N	f	f	f	f	cad65000-6ff3-47c7-cc8d-08dc4d479451	NV00276	\N	f	t	male	\N	\N	\N	\N	\N	\N	\N	\N	\N	\N	\N	\N	\N	\N	\N	\N	\N	\N	2025-05-10 00:00:00	\N	\N	\N	\N	2025-05-10 12:46:35.939778	\N	b19424da-e016-41c8-b992-17181969c924	2025-05-10 12:46:35.939782	2026-01-10 15:02:32.491588	f	f	\N	\N	\N	\N	contact	\N	\N	276	NV	\N	\N	\N	\N	none	\N	\N	\N	\N	\N	f	\N	\N	\N	\N	\N	\N	\N	\N	\N	\N	\N	\N	\N	\N	\N	\N	\N	\N	\N	f	\N	\N	\N	\N	f	f	f	\N	\N	\N	\N	\N	\N
2392195f-c02d-455b-ac2e-b2db00cc18d4	[NV00277] Trần Các Thi	Trần Các Thi	Tran Cac Thi	\N	\N	\N	f	f	f	f	f0f6361e-b99d-4ac7-4108-08dd8159c64a	NV00277	\N	t	t	male	\N	\N	\N	\N	\N	\N	\N	\N	\N	\N	\N	\N	\N	\N	\N	\N	\N	\N	2025-05-12 00:00:00	\N	\N	\N	\N	2025-05-12 19:23:05.665007	\N	d67346f6-837e-499d-8e8f-0eea533fcd4c	2025-05-12 19:23:05.665012	2025-10-22 16:06:23.915593	f	f	\N	\N	\N	\N	contact	\N	\N	277	NV	\N	\N	\N	\N	none	\N	\N	\N	\N	\N	f	\N	\N	\N	\N	\N	\N	\N	\N	\N	\N	\N	\N	\N	\N	\N	\N	\N	\N	\N	f	\N	\N	\N	\N	f	f	f	\N	\N	\N	\N	\N	\N
5cfd1bc8-9184-4822-a10b-b2e600b9c3a6	[NV00286] NGUYỄN MINH DƯƠNG	NGUYỄN MINH DƯƠNG	NGUYEN MINH DUONG	\N	033 471 3911	\N	f	f	f	f	c6b4b453-d260-46d4-4fd9-08db24f7ae8e	NV00286	\N	t	t	male	\N	\N	\N	\N	\N	\N	\N	\N	\N	\N	\N	\N	\N	\N	\N	\N	\N	\N	2025-05-23 00:00:00	\N	\N	\N	\N	2025-05-23 18:16:20.818206	\N	\N	2025-05-23 18:16:20.818208	2025-05-23 18:16:20.818209	f	f	\N	\N	\N	\N	contact	\N	\N	286	NV	\N	\N	\N	\N	none	\N	\N	\N	\N	\N	f	\N	\N	\N	\N	\N	\N	\N	\N	\N	\N	\N	\N	\N	\N	\N	\N	\N	\N	\N	f	\N	\N	\N	\N	f	f	f	\N	\N	\N	\N	\N	\N
f0f44462-0f8b-42c2-b67d-b30e00953e82	[NV00304] Thái Ái Lưu 	Thái Ái Lưu 	Thai Ai Luu 	\N	0392112926	\N	f	f	f	f	f0f6361e-b99d-4ac7-4108-08dd8159c64a	NV00304	\N	f	t	male	\N	\N	\N	\N	\N	\N	\N	\N	\N	\N	\N	\N	\N	\N	\N	\N	\N	\N	2025-07-02 00:00:00	\N	\N	\N	\N	2025-07-02 16:03:22.885116	\N	d67346f6-837e-499d-8e8f-0eea533fcd4c	2025-07-02 16:03:22.885118	2025-10-22 16:05:48.801369	f	f	\N	\N	\N	\N	contact	\N	\N	304	NV	\N	\N	\N	\N	none	\N	\N	\N	\N	\N	f	\N	\N	\N	\N	\N	\N	\N	\N	\N	\N	\N	\N	\N	\N	\N	\N	\N	\N	\N	f	\N	\N	\N	\N	f	f	f	\N	\N	\N	\N	\N	\N
6c8bf379-824f-4ea7-b548-b2ef007363e4	[NV00288] Phan Thị Quỳnh Như	Phan Thị Quỳnh Như	Phan Thi Quynh Nhu	\N	0388269902	quynhnhune512@gmail.com	f	f	f	f	6861c928-0e13-4664-c781-08dcdfa45074	NV00288	\N	t	t	male	\N	\N	\N	\N	\N	\N	\N	\N	\N	\N	\N	\N	\N	\N	\N	\N	\N	\N	2025-06-01 00:00:00	\N	\N	\N	\N	2025-06-01 14:00:07.371548	\N	b19424da-e016-41c8-b992-17181969c924	2025-06-01 14:00:07.37155	2025-10-22 11:28:19.747098	f	f	\N	\N	\N	\N	contact	\N	\N	288	NV	\N	\N	\N	\N	none	\N	\N	\N	\N	\N	f	\N	\N	\N	\N	\N	\N	\N	\N	\N	\N	\N	\N	\N	\N	\N	\N	\N	\N	\N	f	\N	\N	\N	\N	f	f	f	\N	\N	\N	\N	\N	\N
8f6b2f39-4428-4f91-ac01-b2f20049d966	[NV00290] Nguyễn Thị Kim Ly	Nguyễn Thị Kim Ly	Nguyen Thi Kim Ly	\N	\N	\N	f	f	f	f	f0f6361e-b99d-4ac7-4108-08dd8159c64a	NV00290	\N	f	t	male	\N	\N	\N	\N	\N	\N	\N	\N	\N	\N	\N	\N	\N	\N	\N	\N	\N	\N	2025-06-04 00:00:00	\N	\N	\N	\N	2025-06-04 11:28:52.606576	\N	b45ec157-435e-4898-b9ce-116aee98a5a2	2025-06-04 11:28:52.606579	2025-07-24 10:38:38.646706	f	f	\N	\N	\N	\N	contact	\N	\N	290	NV	\N	\N	\N	\N	none	\N	\N	\N	\N	\N	f	\N	\N	\N	\N	\N	\N	\N	\N	\N	\N	\N	\N	\N	\N	\N	\N	\N	\N	\N	f	\N	\N	\N	\N	f	f	f	\N	\N	\N	\N	\N	\N
2cda35e9-f89c-40b2-8679-b2f20079df21	[NV00291] Bùi Hồng Nhật	Bùi Hồng Nhật	Bui Hong Nhat	\N	\N	\N	f	f	f	f	f0f6361e-b99d-4ac7-4108-08dd8159c64a	NV00291	\N	t	t	male	\N	\N	\N	\N	\N	\N	\N	\N	\N	\N	\N	\N	\N	\N	\N	\N	\N	\N	2025-06-04 00:00:00	\N	\N	\N	\N	2025-06-04 14:23:43.255389	\N	b45ec157-435e-4898-b9ce-116aee98a5a2	2025-06-04 14:23:43.255392	2025-07-30 10:07:32.417983	f	f	\N	\N	\N	\N	contact	\N	\N	291	NV	\N	\N	\N	\N	none	\N	\N	\N	\N	\N	f	\N	\N	\N	\N	\N	\N	\N	\N	\N	\N	\N	\N	\N	\N	\N	\N	\N	\N	\N	f	\N	\N	\N	\N	f	f	f	\N	\N	\N	\N	\N	\N
e2464370-0aaa-44b2-ab03-b30000722598	[NV00293] Nguyễn Đình Bình	Nguyễn Đình Bình	Nguyen Dinh Binh	\N	\N	\N	f	f	f	f	cad65000-6ff3-47c7-cc8d-08dc4d479451	NV00293	\N	f	t	male	\N	\N	\N	\N	\N	\N	\N	\N	\N	\N	\N	\N	\N	\N	\N	\N	\N	\N	2025-06-18 00:00:00	\N	\N	\N	\N	2025-06-18 13:55:35.759896	\N	b19424da-e016-41c8-b992-17181969c924	2025-06-18 13:55:35.759898	2026-01-10 15:02:27.563796	f	f	\N	\N	\N	\N	contact	\N	\N	293	NV	\N	\N	\N	\N	none	\N	\N	\N	\N	\N	f	\N	\N	\N	\N	\N	\N	\N	\N	\N	\N	\N	\N	\N	\N	\N	\N	\N	\N	\N	f	\N	\N	\N	\N	f	f	f	\N	\N	\N	\N	\N	\N
09686643-05ea-4806-8226-b30100a7e589	[NV00294] Phan Thanh Thuận	Phan Thanh Thuận	Phan Thanh Thuan	\N	\N	\N	f	f	f	f	f0f6361e-b99d-4ac7-4108-08dd8159c64a	NV00294	\N	t	t	male	\N	\N	\N	\N	\N	\N	\N	\N	\N	\N	\N	\N	\N	\N	\N	\N	\N	\N	2025-06-19 00:00:00	\N	\N	\N	\N	2025-06-19 17:11:17.574445	\N	b45ec157-435e-4898-b9ce-116aee98a5a2	2025-06-19 17:11:17.574447	2025-07-30 10:07:25.368302	f	f	\N	\N	\N	\N	contact	\N	\N	294	NV	\N	\N	\N	\N	none	\N	\N	\N	\N	\N	f	\N	\N	\N	\N	\N	\N	\N	\N	\N	\N	\N	\N	\N	\N	\N	\N	\N	\N	\N	f	\N	\N	\N	\N	f	f	f	\N	\N	\N	\N	\N	\N
518b2018-46ff-4599-9b6c-b30100a8270d	[NV00295] Lê Thị Trang	Lê Thị Trang	Le Thi Trang	\N	\N	\N	f	f	f	f	f0f6361e-b99d-4ac7-4108-08dd8159c64a	NV00295	\N	t	t	male	\N	\N	\N	\N	\N	\N	\N	\N	\N	\N	\N	\N	\N	\N	\N	\N	\N	\N	2025-06-19 00:00:00	\N	\N	\N	\N	2025-06-19 17:12:13.480365	\N	b45ec157-435e-4898-b9ce-116aee98a5a2	2025-06-19 17:12:13.480368	2025-07-30 10:07:20.177208	f	f	\N	\N	\N	\N	contact	\N	\N	295	NV	\N	\N	\N	\N	none	\N	\N	\N	\N	\N	f	\N	\N	\N	\N	\N	\N	\N	\N	\N	\N	\N	\N	\N	\N	\N	\N	\N	\N	\N	f	\N	\N	\N	\N	f	f	f	\N	\N	\N	\N	\N	\N
17c5164e-49fb-44af-bef5-b305008f7d81	[NV00296] Lê Đặng Yến Linh	Lê Đặng Yến Linh	Le Dang Yen Linh	\N	\N	\N	f	f	f	f	f0f6361e-b99d-4ac7-4108-08dd8159c64a	NV00296	\N	t	t	male	\N	\N	\N	\N	\N	\N	\N	\N	\N	\N	\N	\N	\N	\N	\N	\N	\N	\N	2025-06-23 00:00:00	\N	\N	\N	\N	2025-06-23 15:42:25.920327	\N	b45ec157-435e-4898-b9ce-116aee98a5a2	2025-06-23 15:42:25.920328	2025-07-30 10:07:14.366546	f	f	\N	\N	\N	\N	contact	\N	\N	296	NV	\N	\N	\N	\N	none	\N	\N	\N	\N	\N	f	\N	\N	\N	\N	\N	\N	\N	\N	\N	\N	\N	\N	\N	\N	\N	\N	\N	\N	\N	f	\N	\N	\N	\N	f	f	f	\N	\N	\N	\N	\N	\N
d718dbb4-d36c-494b-ac3c-b30500bae129	[NV00297] Nguyễn Thị Hồng An	Nguyễn Thị Hồng An	Nguyen Thi Hong An	\N	\N	\N	f	f	f	f	f0f6361e-b99d-4ac7-4108-08dd8159c64a	NV00297	\N	f	t	male	\N	\N	\N	\N	\N	\N	\N	\N	\N	\N	\N	\N	\N	\N	\N	\N	\N	\N	2025-06-23 00:00:00	\N	\N	\N	\N	2025-06-23 18:20:24.454429	\N	b45ec157-435e-4898-b9ce-116aee98a5a2	2025-06-23 18:20:24.45443	2025-07-24 10:38:33.753136	f	f	\N	\N	\N	\N	contact	\N	\N	297	NV	\N	\N	\N	\N	none	\N	\N	\N	\N	\N	f	\N	\N	\N	\N	\N	\N	\N	\N	\N	\N	\N	\N	\N	\N	\N	\N	\N	\N	\N	f	\N	\N	\N	\N	f	f	f	\N	\N	\N	\N	\N	\N
9d0b8466-5b82-4f6f-89d0-b313006ab92f	[NV00305] LÊ HOÀNG CHƯƠNG	LÊ HOÀNG CHƯƠNG	LE HOANG CHUONG	\N	\N	\N	f	f	f	f	765f6593-2b19-4d06-cc8c-08dc4d479451	NV00305	\N	t	t	male	\N	\N	\N	\N	\N	\N	\N	\N	\N	\N	\N	\N	\N	\N	\N	\N	\N	\N	2025-07-07 00:00:00	\N	\N	\N	\N	2025-07-07 13:28:34.076589	\N	a6720b68-3b2a-4d0d-80a9-c88cbad11c0a	2025-07-07 13:28:34.076591	2025-07-07 13:29:01.354104	f	f	\N	\N	\N	\N	contact	\N	\N	305	NV	\N	\N	\N	\N	none	\N	\N	\N	\N	\N	f	\N	\N	\N	\N	\N	\N	\N	\N	\N	\N	\N	\N	\N	\N	\N	\N	\N	\N	\N	f	\N	\N	\N	\N	f	f	f	\N	\N	\N	\N	\N	\N
ae9bb6ca-1b6d-4a23-9502-b3130071fa34	[NV00306] Trần Thị Trâm	Trần Thị Trâm	Tran Thi Tram	\N	\N	\N	f	f	f	f	f0f6361e-b99d-4ac7-4108-08dd8159c64a	NV00306	\N	f	t	male	\N	\N	\N	\N	\N	\N	\N	\N	\N	\N	\N	\N	\N	\N	\N	\N	\N	\N	2025-07-07 00:00:00	\N	\N	\N	\N	2025-07-07 13:54:58.733333	\N	d67346f6-837e-499d-8e8f-0eea533fcd4c	2025-07-07 13:54:58.733335	2025-10-22 16:03:46.423734	f	f	\N	\N	\N	\N	contact	\N	\N	306	NV	\N	\N	\N	\N	none	\N	\N	\N	\N	\N	f	\N	\N	\N	\N	\N	\N	\N	\N	\N	\N	\N	\N	\N	\N	\N	\N	\N	\N	\N	f	\N	\N	\N	\N	f	f	f	\N	\N	\N	\N	\N	\N
c60c5f6b-2e8a-4b6c-b605-b2d2005627b2	[NV00269] Bác sĩ 17	Bác sĩ 17	Bac si 17	\N	\N	\N	f	f	f	f	f0f6361e-b99d-4ac7-4108-08dd8159c64a	NV00269	\N	f	t	male	Phụ tá	\N	\N	\N	\N	\N	\N	\N	\N	\N	\N	\N	\N	\N	\N	\N	\N	\N	2025-05-03 00:00:00	\N	\N	\N	\N	2025-05-03 12:13:40.860448	\N	b45ec157-435e-4898-b9ce-116aee98a5a2	2025-05-03 12:13:40.86045	2026-04-15 08:01:48.45	f	f	\N	\N	\N	\N	contact	\N	\N	269	NV	\N	\N	\N	\N	none	\N	\N	\N	\N	\N	f	\N	\N	\N	\N	\N	\N	\N	\N	\N	\N	\N	\N	\N	\N	\N	\N	\N	\N	\N	f	$2b$10$y57CTCPviGzLu3aFslUk/OJ.Zs4L5HFoStIr.xStzCZPXQICccLNq	\N	\N	\N	f	t	f	2025-05-03 00:00:00	\N	\N	\N	\N	\N
43ae0751-c082-4729-abc0-b2e7005cb134	[NV00287] Hà Thị Nga	Hà Thị Nga	Ha Thi Nga	\N	\N	\N	f	f	f	f	cad65000-6ff3-47c7-cc8d-08dc4d479451	NV00287	\N	f	t	male	Phụ tá	\N	\N	\N	\N	\N	\N	\N	\N	\N	\N	\N	\N	\N	\N	\N	\N	\N	2025-05-24 00:00:00	\N	\N	\N	\N	2025-05-24 12:37:28.920799	\N	\N	2025-05-24 12:37:28.9208	2026-04-15 08:06:12.212	f	f	\N	\N	\N	\N	contact	\N	\N	287	NV	\N	\N	\N	\N	none	\N	\N	\N	\N	\N	f	\N	\N	\N	\N	\N	\N	\N	\N	\N	\N	\N	\N	\N	\N	\N	\N	\N	\N	\N	f	$2b$10$jK7pm3K.Eyjy.18HmfK3yeB4RjZFQRZTN8qVkRl45JtSYxU5CT79e	\N	\N	\N	f	t	f	2025-05-24 00:00:00	\N	\N	\N	\N	\N
36eaca2a-d02a-495b-a253-b2d2009c4ebe	[NV00273] giới thiệu	giới thiệu	gioi thieu	\N	\N	\N	f	f	f	f	f0f6361e-b99d-4ac7-4108-08dd8159c64a	NV00273	\N	t	t	male	Nhân viên sale	\N	\N	\N	\N	\N	\N	\N	\N	\N	\N	\N	\N	\N	\N	\N	\N	\N	2025-05-03 00:00:00	\N	\N	\N	\N	2025-05-03 16:29:05.91288	\N	b45ec157-435e-4898-b9ce-116aee98a5a2	2025-05-03 16:29:05.912881	2026-04-15 08:18:42.534	f	f	\N	\N	\N	\N	contact	\N	\N	273	NV	\N	\N	\N	\N	none	\N	\N	\N	\N	\N	f	\N	\N	\N	\N	\N	\N	\N	\N	\N	\N	\N	\N	\N	\N	\N	\N	\N	\N	\N	f	$2b$10$KgjyjiZW16.TAkwx8H.ZluUP9YxS0cO95ETJayTK9W/zMUFogGQWK	\N	\N	\N	f	f	f	2025-05-03 00:00:00	\N	\N	\N	\N	\N
0f7003b2-ae29-47df-ab2d-b2d2009bdf6d	[NV00272] vãng lai	vãng lai	vang lai	\N	\N	\N	f	f	f	f	f0f6361e-b99d-4ac7-4108-08dd8159c64a	NV00272	\N	f	t	male	Phụ tá	\N	\N	\N	\N	\N	\N	\N	\N	\N	\N	\N	\N	\N	\N	\N	\N	\N	2025-05-03 00:00:00	\N	\N	\N	\N	2025-05-03 16:27:30.923231	\N	b45ec157-435e-4898-b9ce-116aee98a5a2	2025-05-03 16:27:30.923233	2026-04-15 08:18:59.728	f	f	\N	\N	\N	\N	contact	\N	\N	272	NV	\N	\N	\N	\N	none	\N	\N	\N	\N	\N	f	\N	\N	\N	\N	\N	\N	\N	\N	\N	\N	\N	\N	\N	\N	\N	\N	\N	\N	\N	f	$2b$10$SxBgqB9W/p8Do9kVM8MHe.AHCp1imnQbI6f.VPXKgZDeI9nabu/ti	\N	\N	\N	f	t	f	2025-05-03 00:00:00	\N	\N	\N	\N	\N
0b6495ce-aa07-4cdb-b245-b2df0056ffaa	[NV00284] BÙI HỒNG NHẬT	BÙI HỒNG NHẬT	BUI HONG NHAT	\N	0813447398	\N	f	f	f	f	c6b4b453-d260-46d4-4fd9-08db24f7ae8e	NV00284	\N	f	t	male	Phụ tá	\N	\N	\N	\N	\N	\N	\N	\N	\N	\N	\N	\N	\N	\N	\N	\N	\N	2025-05-16 00:00:00	\N	\N	\N	\N	2025-05-16 12:16:45.15157	\N	\N	2025-05-16 12:16:45.151571	2026-04-15 08:25:18.003	f	f	\N	\N	\N	\N	contact	\N	\N	284	NV	\N	\N	\N	\N	none	\N	\N	\N	\N	\N	f	\N	\N	\N	\N	\N	\N	\N	\N	\N	\N	\N	\N	\N	\N	\N	\N	\N	\N	\N	f	$2b$10$tiukQ/tj.bZ6U6Ve7DUyJ.t2wyxU5c2dikAbWiueOwOo/XsuWrO4u	\N	\N	\N	f	t	f	2025-05-16 00:00:00	\N	\N	\N	\N	\N
c18748bb-ff7b-45f8-838c-b2d20022e624	[NV00264] Phạm Ngọc Hân	Phạm Ngọc Hân	Pham Ngoc Han	\N	\N	\N	f	f	f	f	f0f6361e-b99d-4ac7-4108-08dd8159c64a	NV00264	\N	f	t	male	Trợ lý bác sĩ	\N	\N	\N	\N	\N	\N	\N	\N	\N	\N	\N	\N	\N	\N	\N	\N	\N	2025-05-03 00:00:00	\N	\N	\N	\N	2025-05-03 09:07:03.799252	\N	b45ec157-435e-4898-b9ce-116aee98a5a2	2025-05-03 09:07:03.799254	2026-04-15 08:21:33.062	f	f	\N	\N	\N	\N	contact	\N	\N	264	NV	\N	\N	\N	\N	none	\N	\N	\N	\N	\N	f	\N	\N	\N	\N	\N	\N	\N	\N	\N	\N	\N	\N	\N	\N	\N	\N	\N	\N	\N	f	$2b$10$p2dZvFYkV1kKbKHVPc.RnOVK6QTBABIepT83K2bbkfFoBlVQ1/4Aq	\N	\N	\N	f	t	f	2025-05-03 00:00:00	\N	\N	\N	\N	\N
94f92fd6-dbdf-4a5b-87dd-b2d20051162e	[NV00268] Phan Minh Thuỳ 	Phan Minh Thuỳ	Phan Minh Thuy 	\N	0868146201	\N	f	f	f	f	c6b4b453-d260-46d4-4fd9-08db24f7ae8e	NV00268	\N	t	t	male	Lễ tân	\N	\N	\N	\N	\N	\N	\N	\N	\N	\N	\N	\N	\N	\N	\N	\N	\N	2025-05-03 00:00:00	\N	\N	\N	\N	2025-05-03 11:55:13.645021	\N	\N	2025-05-03 11:55:13.645022	2026-04-15 08:46:18.291	f	f	\N	\N	\N	\N	contact	\N	\N	268	NV	\N	\N	\N	\N	none	\N	\N	\N	\N	\N	f	\N	\N	\N	\N	\N	\N	\N	\N	\N	\N	\N	\N	\N	\N	\N	\N	\N	\N	\N	f	$2b$10$ML4ab7ByHvPXK7/NzWC8U.9YPuXhiwnFeBmttVrh9nrraiPOzr7HW	\N	\N	\N	f	f	t	2025-05-03 00:00:00	\N	\N	\N	\N	\N
c4b5e2b1-f147-4229-b9e8-b2e200313906	[NV00285] Trần Thị Thùy Trang	Trần Thị Thùy Trang	Tran Thi Thuy Trang	\N	0898147426	\N	f	f	f	f	6861c928-0e13-4664-c781-08dcdfa45074	NV00285	\N	f	t	male	Lễ tân	\N	\N	\N	\N	\N	\N	\N	\N	\N	\N	\N	\N	\N	\N	\N	\N	\N	2025-05-19 00:00:00	\N	\N	\N	\N	2025-05-19 09:59:12.872301	\N	\N	2025-05-19 09:59:12.872302	2026-04-15 08:57:24.854	f	f	\N	\N	\N	\N	contact	\N	\N	285	NV	\N	\N	\N	\N	none	\N	\N	\N	\N	\N	f	\N	\N	\N	\N	\N	\N	\N	\N	\N	\N	\N	\N	\N	\N	\N	\N	\N	\N	\N	f	$2b$10$GPNw.XLknyXw7PNiP4Da7.xA9RgEY4HvsRNPsjhr7R6bZTydpU5MO	\N	\N	\N	f	f	t	2025-05-19 00:00:00	\N	\N	\N	\N	\N
a457ba34-9356-467a-9f16-b31f00101b4c	[NV00311] Tuyết Mai	Tuyết Mai	Tuyet Mai	\N	\N	\N	f	f	f	f	cad65000-6ff3-47c7-cc8d-08dc4d479451	NV00311	\N	f	t	male	\N	\N	\N	\N	\N	\N	\N	\N	\N	\N	\N	\N	\N	\N	\N	\N	\N	\N	2025-07-19 00:00:00	\N	\N	\N	\N	2025-07-19 07:58:38.546758	\N	b19424da-e016-41c8-b992-17181969c924	2025-07-19 07:58:38.546761	2026-01-10 15:02:22.275936	f	f	\N	\N	\N	\N	contact	\N	\N	311	NV	\N	\N	\N	\N	none	\N	\N	\N	\N	\N	f	\N	\N	\N	\N	\N	\N	\N	\N	\N	\N	\N	\N	\N	\N	\N	\N	\N	\N	\N	f	\N	\N	\N	\N	f	f	f	\N	\N	\N	\N	\N	\N
474c91a3-e453-4c6b-a111-b32900f67044	[NV00312] test	test	test	\N	\N	\N	f	f	f	f	b178d5ee-d9ac-477e-088e-08db9a4c4cf4	NV00312	\N	f	t	male	\N	\N	\N	\N	\N	\N	\N	\N	\N	\N	\N	\N	\N	\N	\N	\N	\N	\N	2025-07-29 00:00:00	\N	\N	\N	\N	2025-07-29 21:57:15.315986	\N	b19424da-e016-41c8-b992-17181969c924	2025-07-29 21:57:15.315987	2025-10-21 15:21:35.078988	f	f	\N	\N	\N	\N	contact	\N	\N	312	NV	\N	\N	\N	\N	none	\N	\N	\N	\N	\N	f	\N	\N	\N	\N	\N	\N	\N	\N	\N	\N	\N	\N	\N	\N	\N	\N	\N	\N	\N	f	\N	\N	\N	\N	f	f	f	\N	\N	\N	\N	\N	\N
6f9cbd25-ef5d-49ef-80dd-b330004d44be	[NV00314] LÂM THÀNH ĐẠT	LÂM THÀNH ĐẠT	LAM THANH DAT	\N	\N	\N	f	f	f	f	6861c928-0e13-4664-c781-08dcdfa45074	NV00314	\N	t	t	male	\N	\N	\N	\N	\N	\N	\N	\N	\N	\N	\N	\N	\N	\N	\N	\N	\N	\N	2025-08-05 00:00:00	\N	\N	\N	\N	2025-08-05 11:41:19.567167	\N	f879eaed-e8df-4b2f-91ae-e0409eabb639	2025-08-05 11:41:19.567168	2025-08-05 17:12:41.978224	f	f	\N	\N	\N	\N	contact	\N	\N	314	NV	\N	\N	\N	\N	none	\N	\N	\N	\N	\N	f	\N	\N	\N	\N	\N	\N	\N	\N	\N	\N	\N	\N	\N	\N	\N	\N	\N	\N	\N	f	\N	\N	\N	\N	f	f	f	\N	\N	\N	\N	\N	\N
178ca7f1-7b03-47bb-a7ea-b33100431a3e	[NV00315] NGUYỄN HỒNG UYỂN NHI	NGUYỄN HỒNG UYỂN NHI	NGUYEN HONG UYEN NHI	\N	\N	\N	f	f	f	f	6861c928-0e13-4664-c781-08dcdfa45074	NV00315	\N	t	t	male	\N	\N	\N	\N	\N	\N	\N	\N	\N	\N	\N	\N	\N	\N	\N	\N	\N	\N	2025-08-06 00:00:00	\N	\N	\N	\N	2025-08-06 11:04:18.766414	\N	f879eaed-e8df-4b2f-91ae-e0409eabb639	2025-08-06 11:04:18.766416	2025-08-06 11:04:25.262856	f	f	\N	\N	\N	\N	contact	\N	\N	315	NV	\N	\N	\N	\N	none	\N	\N	\N	\N	\N	f	\N	\N	\N	\N	\N	\N	\N	\N	\N	\N	\N	\N	\N	\N	\N	\N	\N	\N	\N	f	\N	\N	\N	\N	f	f	f	\N	\N	\N	\N	\N	\N
46f167bc-f475-4abe-b971-b33400bb3f99	[NV00316] Nguyễn Vũ Thái Hoan	Nguyễn Vũ Thái Hoan	Nguyen Vu Thai Hoan	\N	\N	\N	f	f	f	f	b178d5ee-d9ac-477e-088e-08db9a4c4cf4	NV00316	\N	f	t	male	\N	\N	\N	\N	\N	\N	\N	\N	\N	\N	\N	\N	\N	\N	\N	\N	\N	\N	2025-08-09 00:00:00	\N	\N	\N	\N	2025-08-09 18:21:45.04062	\N	7c1e531a-10bd-40fc-a5a3-8a404bab47b6	2025-08-09 18:21:45.040622	2025-08-10 15:37:50.215454	f	f	\N	\N	\N	\N	contact	\N	\N	316	NV	\N	\N	\N	\N	none	\N	\N	\N	\N	\N	f	\N	\N	\N	\N	\N	\N	\N	\N	\N	\N	\N	\N	\N	\N	\N	\N	\N	\N	\N	f	\N	\N	\N	\N	f	f	f	\N	\N	\N	\N	\N	\N
b0d2c820-6a76-457c-b491-b339002af4e7	[NV00318] Nguyễn Thị Thu Hiền	Nguyễn Thị Thu Hiền	Nguyen Thi Thu Hien	\N	\N	\N	f	f	f	f	f0f6361e-b99d-4ac7-4108-08dd8159c64a	NV00318	\N	f	t	male	\N	\N	\N	\N	\N	\N	\N	\N	\N	\N	\N	\N	\N	\N	\N	\N	\N	\N	2025-08-14 00:00:00	\N	\N	\N	\N	2025-08-14 09:36:24.023303	\N	d67346f6-837e-499d-8e8f-0eea533fcd4c	2025-08-14 09:36:24.023305	2025-10-22 16:03:29.367173	f	f	\N	\N	\N	\N	contact	\N	\N	318	NV	\N	\N	\N	\N	none	\N	\N	\N	\N	\N	f	\N	\N	\N	\N	\N	\N	\N	\N	\N	\N	\N	\N	\N	\N	\N	\N	\N	\N	\N	f	\N	\N	\N	\N	f	f	f	\N	\N	\N	\N	\N	\N
cc1399b7-a5c1-4b55-90e6-b37e0073364e	[NV00354] Tdental Sever	Tdental Sever	Tdental Sever	\N	\N	\N	f	f	f	f	dde8b85e-e35a-41fa-4a6b-08de107d59ec	NV00354	\N	t	t	male	\N	\N	\N	\N	\N	\N	\N	\N	\N	\N	\N	\N	\N	\N	\N	\N	\N	\N	2025-10-22 00:00:00	\N	\N	\N	\N	2025-10-22 13:59:28.472358	\N	b19424da-e016-41c8-b992-17181969c924	2025-10-22 13:59:28.47236	2025-10-24 10:27:01.59855	f	f	\N	\N	\N	\N	contact	\N	\N	354	NV	\N	\N	\N	\N	none	\N	\N	\N	\N	\N	f	\N	\N	\N	\N	\N	\N	\N	\N	\N	\N	\N	\N	\N	\N	\N	\N	\N	\N	\N	f	\N	\N	\N	\N	f	f	f	\N	\N	\N	\N	\N	\N
44314db4-4280-40a9-9129-b37e0073580c	[NV00355] Tdental Sever	Tdental Sever	Tdental Sever	\N	\N	\N	f	f	f	f	dde8b85e-e35a-41fa-4a6b-08de107d59ec	NV00355	\N	t	t	male	\N	\N	\N	\N	\N	\N	\N	\N	\N	\N	\N	\N	\N	\N	\N	\N	\N	\N	2025-10-22 00:00:00	\N	\N	\N	\N	2025-10-22 13:59:57.264539	\N	b19424da-e016-41c8-b992-17181969c924	2025-10-22 13:59:57.264541	2025-10-24 10:26:55.606467	f	f	\N	\N	\N	\N	contact	\N	\N	355	NV	\N	\N	\N	\N	none	\N	\N	\N	\N	\N	f	\N	\N	\N	\N	\N	\N	\N	\N	\N	\N	\N	\N	\N	\N	\N	\N	\N	\N	\N	f	\N	\N	\N	\N	f	f	f	\N	\N	\N	\N	\N	\N
9233d0f7-6657-4eaf-9f48-b3830092329f	[NV00356] Tdental Sever	Tdental Sever	Tdental Sever	\N	\N	\N	f	f	f	f	dde8b85e-e35a-41fa-4a6b-08de107d59ec	NV00356	\N	t	t	male	\N	\N	\N	\N	\N	\N	\N	\N	\N	\N	\N	\N	\N	\N	\N	\N	\N	\N	2025-10-27 00:00:00	\N	\N	\N	\N	2025-10-27 15:52:17.383152	\N	b19424da-e016-41c8-b992-17181969c924	2025-10-27 15:52:17.383153	2025-10-27 15:53:06.148878	f	f	\N	\N	\N	\N	contact	\N	\N	356	NV	\N	\N	\N	\N	none	\N	\N	\N	\N	\N	f	\N	\N	\N	\N	\N	\N	\N	\N	\N	\N	\N	\N	\N	\N	\N	\N	\N	\N	\N	f	\N	\N	\N	\N	f	f	f	\N	\N	\N	\N	\N	\N
b218ecdb-89eb-4573-82b4-b36d00859a57	[NV00337] Huỳnh Thanh Hiền	Huỳnh Thanh Hiền	Huynh Thanh Hien	\N	\N	\N	f	f	f	f	6861c928-0e13-4664-c781-08dcdfa45074	NV00337	\N	t	t	male	\N	\N	\N	\N	\N	\N	\N	\N	\N	\N	\N	\N	\N	\N	\N	\N	\N	\N	2025-10-05 00:00:00	\N	\N	\N	\N	2025-10-05 15:06:25.995214	\N	a6720b68-3b2a-4d0d-80a9-c88cbad11c0a	2025-10-05 15:06:25.995216	2025-10-05 16:21:24.886998	f	f	\N	\N	\N	\N	contact	\N	\N	337	NV	\N	\N	\N	\N	none	\N	\N	\N	\N	\N	f	\N	\N	\N	\N	\N	\N	\N	\N	\N	\N	\N	\N	\N	\N	\N	\N	\N	\N	\N	f	\N	\N	\N	\N	f	f	f	\N	\N	\N	\N	\N	\N
a8afe9b7-4657-4b24-9edf-b3710082ebf3	[NV00339] HÀ LINH NHI	HÀ LINH NHI	HA LINH NHI	\N	\N	\N	f	f	f	f	765f6593-2b19-4d06-cc8c-08dc4d479451	NV00339	\N	t	t	male	\N	\N	\N	\N	\N	\N	\N	\N	\N	\N	\N	\N	\N	\N	\N	\N	\N	\N	2025-10-09 00:00:00	\N	\N	\N	\N	2025-10-09 14:56:40.276435	\N	\N	2025-10-09 14:56:40.276436	2025-10-09 14:56:40.276436	f	f	\N	\N	\N	\N	contact	\N	\N	339	NV	\N	\N	\N	\N	none	\N	\N	\N	\N	\N	f	\N	\N	\N	\N	\N	\N	\N	\N	\N	\N	\N	\N	\N	\N	\N	\N	\N	\N	\N	f	\N	\N	\N	\N	f	f	f	\N	\N	\N	\N	\N	\N
b6e4d839-0ad8-47cb-94eb-b37400b2b769	[NV00340] Lê Thị Ngọc Oanh	Lê Thị Ngọc Oanh	Le Thi Ngoc Oanh	\N	\N	\N	f	f	f	f	765f6593-2b19-4d06-cc8c-08dc4d479451	NV00340	\N	t	t	male	\N	\N	\N	\N	\N	\N	\N	\N	\N	\N	\N	\N	\N	\N	\N	\N	\N	\N	2025-10-12 00:00:00	\N	\N	\N	\N	2025-10-12 17:50:41.201578	\N	\N	2025-10-12 17:50:41.201579	2025-10-12 17:50:41.20158	f	f	\N	\N	\N	\N	contact	\N	\N	340	NV	\N	\N	\N	\N	none	\N	\N	\N	\N	\N	f	\N	\N	\N	\N	\N	\N	\N	\N	\N	\N	\N	\N	\N	\N	\N	\N	\N	\N	\N	f	\N	\N	\N	\N	f	f	f	\N	\N	\N	\N	\N	\N
8de0627d-c6c3-4be9-ab52-b37500aecd48	[NV00341] Vũ Hoàng Lan Thanh	Vũ Hoàng Lan Thanh	Vu Hoang Lan Thanh	\N	\N	\N	f	f	f	f	6861c928-0e13-4664-c781-08dcdfa45074	NV00341	\N	t	t	male	\N	\N	\N	\N	\N	\N	\N	\N	\N	\N	\N	\N	\N	\N	\N	\N	\N	\N	2025-10-13 00:00:00	\N	\N	\N	\N	2025-10-13 17:36:26.052167	\N	\N	2025-10-13 17:36:26.05217	2025-10-13 17:36:26.052171	f	f	\N	\N	\N	\N	contact	\N	\N	341	NV	\N	\N	\N	\N	none	\N	\N	\N	\N	\N	f	\N	\N	\N	\N	\N	\N	\N	\N	\N	\N	\N	\N	\N	\N	\N	\N	\N	\N	\N	f	\N	\N	\N	\N	f	f	f	\N	\N	\N	\N	\N	\N
780943e0-56a7-47c8-92c0-b37d00886c83	[NV00342] C Lan	C Lan	C Lan	\N	\N	\N	f	f	f	f	cad65000-6ff3-47c7-cc8d-08dc4d479451	NV00342	\N	f	t	male	\N	\N	\N	\N	\N	\N	\N	\N	\N	\N	\N	\N	\N	\N	\N	\N	\N	\N	2025-10-21 00:00:00	\N	\N	\N	\N	2025-10-21 15:16:42.249703	\N	b19424da-e016-41c8-b992-17181969c924	2025-10-21 15:16:42.249704	2025-10-21 16:24:22.094927	f	f	\N	\N	\N	\N	contact	\N	\N	342	NV	\N	\N	\N	\N	none	\N	\N	\N	\N	\N	f	\N	\N	\N	\N	\N	\N	\N	\N	\N	\N	\N	\N	\N	\N	\N	\N	\N	\N	\N	f	\N	\N	\N	\N	f	f	f	\N	\N	\N	\N	\N	\N
75f229ba-738c-4bb5-9b29-b37d0091456d	[NV00344] C Lan	C Lan	C Lan	\N	\N	\N	f	f	f	f	dde8b85e-e35a-41fa-4a6b-08de107d59ec	NV00344	\N	t	t	male	\N	\N	\N	\N	\N	\N	\N	\N	\N	\N	\N	\N	\N	\N	\N	\N	\N	\N	2025-10-21 00:00:00	\N	\N	\N	\N	2025-10-21 15:48:54.975561	\N	b19424da-e016-41c8-b992-17181969c924	2025-10-21 15:48:54.975563	2025-10-22 13:56:48.942853	f	f	\N	\N	\N	\N	contact	\N	\N	344	NV	\N	\N	\N	\N	none	\N	\N	\N	\N	\N	f	\N	\N	\N	\N	\N	\N	\N	\N	\N	\N	\N	\N	\N	\N	\N	\N	\N	\N	\N	f	\N	\N	\N	\N	f	f	f	\N	\N	\N	\N	\N	\N
b20ecb65-e275-4ad8-a71d-b37d009b5908	[NV00345] Phạm Thị Giang	Phạm Thị Giang	Pham Thi Giang	\N	\N	\N	f	f	f	f	cad65000-6ff3-47c7-cc8d-08dc4d479451	NV00345	\N	f	t	male	\N	\N	\N	\N	\N	\N	\N	\N	\N	\N	\N	\N	\N	\N	\N	\N	\N	\N	2025-10-21 00:00:00	\N	\N	\N	\N	2025-10-21 16:25:36.238469	\N	b19424da-e016-41c8-b992-17181969c924	2025-10-21 16:25:36.238471	2026-01-10 15:01:59.654068	f	f	\N	\N	\N	\N	contact	\N	\N	345	NV	\N	\N	\N	\N	none	\N	\N	\N	\N	\N	f	\N	\N	\N	\N	\N	\N	\N	\N	\N	\N	\N	\N	\N	\N	\N	\N	\N	\N	\N	f	\N	\N	\N	\N	f	f	f	\N	\N	\N	\N	\N	\N
7ad8b225-3644-409d-8c79-b37d009bc1da	[NV00347] Hà Quỳnh Anh	Hà Quỳnh Anh	Ha Quynh Anh	\N	\N	\N	f	f	f	f	cad65000-6ff3-47c7-cc8d-08dc4d479451	NV00347	\N	f	t	male	\N	\N	\N	\N	\N	\N	\N	\N	\N	\N	\N	\N	\N	\N	\N	\N	\N	\N	2025-10-21 00:00:00	\N	\N	\N	\N	2025-10-21 16:27:05.684337	\N	b19424da-e016-41c8-b992-17181969c924	2025-10-21 16:27:05.684338	2026-01-10 15:02:03.664688	f	f	\N	\N	\N	\N	contact	\N	\N	347	NV	\N	\N	\N	\N	none	\N	\N	\N	\N	\N	f	\N	\N	\N	\N	\N	\N	\N	\N	\N	\N	\N	\N	\N	\N	\N	\N	\N	\N	\N	f	\N	\N	\N	\N	f	f	f	\N	\N	\N	\N	\N	\N
51e439df-0d77-43ee-b638-b37d00af58cf	[NV00348] Quang Việt	Quang Việt	Quang Viet	\N	\N	\N	f	f	f	f	cad65000-6ff3-47c7-cc8d-08dc4d479451	NV00348	\N	t	t	male	\N	\N	\N	\N	\N	\N	\N	\N	\N	\N	\N	\N	\N	\N	\N	\N	\N	\N	2025-10-21 00:00:00	\N	\N	\N	\N	2025-10-21 17:38:25.11521	\N	\N	2025-10-21 17:38:25.115212	2025-10-21 17:38:25.115212	f	f	\N	\N	\N	\N	contact	\N	\N	348	NV	\N	\N	\N	\N	none	\N	\N	\N	\N	\N	f	\N	\N	\N	\N	\N	\N	\N	\N	\N	\N	\N	\N	\N	\N	\N	\N	\N	\N	\N	f	\N	\N	\N	\N	f	f	f	\N	\N	\N	\N	\N	\N
74860849-4c76-4b15-8712-b37e00301272	[NV00349] Test	Test	Test	\N	\N	\N	f	f	f	f	dde8b85e-e35a-41fa-4a6b-08de107d59ec	NV00349	\N	t	t	male	\N	\N	\N	\N	\N	\N	\N	\N	\N	\N	\N	\N	\N	\N	\N	\N	\N	\N	2025-10-22 00:00:00	\N	\N	\N	\N	2025-10-22 09:55:01.499549	\N	b19424da-e016-41c8-b992-17181969c924	2025-10-22 09:55:01.499551	2025-10-22 18:12:28.105748	f	f	\N	\N	\N	\N	contact	\N	\N	349	NV	\N	\N	\N	\N	none	\N	\N	\N	\N	\N	f	\N	\N	\N	\N	\N	\N	\N	\N	\N	\N	\N	\N	\N	\N	\N	\N	\N	\N	\N	f	\N	\N	\N	\N	f	f	f	\N	\N	\N	\N	\N	\N
34c66f37-d620-4936-9685-b37e0072f6dc	[NV00352] Tdental Sever	Tdental Sever	Tdental Sever	\N	\N	\N	f	f	f	f	dde8b85e-e35a-41fa-4a6b-08de107d59ec	NV00352	\N	t	t	male	\N	\N	\N	\N	\N	\N	\N	\N	\N	\N	\N	\N	\N	\N	\N	\N	\N	\N	2025-10-22 00:00:00	\N	\N	\N	\N	2025-10-22 13:58:34.333436	\N	b19424da-e016-41c8-b992-17181969c924	2025-10-22 13:58:34.333437	2025-10-24 10:27:10.585317	f	f	\N	\N	\N	\N	contact	\N	\N	352	NV	\N	\N	\N	\N	none	\N	\N	\N	\N	\N	f	\N	\N	\N	\N	\N	\N	\N	\N	\N	\N	\N	\N	\N	\N	\N	\N	\N	\N	\N	f	\N	\N	\N	\N	f	f	f	\N	\N	\N	\N	\N	\N
3d19a763-4ecc-406b-b493-b3690092e93d	[NV00336] Bác sĩ 36	Bác sĩ 36	Bac si 36	\N	\N	\N	f	f	f	f	f0f6361e-b99d-4ac7-4108-08dd8159c64a	NV00336	\N	t	t	male	Bác sĩ	\N	\N	\N	\N	\N	\N	\N	\N	\N	\N	\N	\N	\N	\N	\N	\N	\N	2025-10-01 00:00:00	\N	\N	\N	\N	2025-10-01 15:54:53.215859	\N	d67346f6-837e-499d-8e8f-0eea533fcd4c	2025-10-01 15:54:53.21586	2026-04-15 08:01:32.299	f	f	\N	\N	\N	\N	contact	\N	\N	336	NV	\N	\N	\N	\N	none	\N	\N	\N	\N	\N	f	\N	\N	\N	\N	\N	\N	\N	\N	\N	\N	\N	\N	\N	\N	\N	\N	\N	\N	\N	f	$2b$10$trzFvh.24huYAm4dgmYOheXhKbHM6gvTQqes93f7lzwT3NRtx1vxK	\N	\N	\N	t	f	f	2025-10-01 00:00:00	\N	\N	\N	\N	\N
2846e1a3-ea9c-4355-bab5-b37000209e1c	[NV00338] Lê Vy	Lê Vy	Le Vy	\N	\N	\N	f	f	f	f	765f6593-2b19-4d06-cc8c-08dc4d479451	NV00338	\N	f	t	male	Phụ tá	\N	\N	\N	\N	\N	\N	\N	\N	\N	\N	\N	\N	\N	\N	\N	\N	\N	2025-10-08 00:00:00	\N	\N	\N	\N	2025-10-08 08:58:45.429215	\N	b19424da-e016-41c8-b992-17181969c924	2025-10-08 08:58:45.429216	2026-04-15 08:10:01.316	f	f	\N	\N	\N	\N	contact	\N	\N	338	NV	\N	\N	\N	\N	none	\N	\N	\N	\N	\N	f	\N	\N	\N	\N	\N	\N	\N	\N	\N	\N	\N	\N	\N	\N	\N	\N	\N	\N	\N	f	$2b$10$c5aD5wJ6Zz9wJeZwE35zOOADeCuVv6d5lu8YUQDCC/jEVZzUr/7.S	\N	\N	\N	f	t	f	2025-10-08 00:00:00	\N	\N	\N	\N	\N
444c7a55-9222-4780-ae91-b335007ae2dd	[NV00317] LƯƠNG CÔNG HOÀN	LƯƠNG CÔNG HOÀN	LUONG CONG HOAN	\N	\N	\N	f	f	f	f	765f6593-2b19-4d06-cc8c-08dc4d479451	NV00317	\N	f	t	male	Phụ tá	\N	\N	\N	\N	\N	\N	\N	\N	\N	\N	\N	\N	\N	\N	\N	\N	\N	2025-08-10 00:00:00	\N	\N	\N	\N	2025-08-10 14:27:24.89673	\N	\N	2025-08-10 14:27:24.896732	2026-04-15 08:10:23.61	f	f	\N	\N	\N	\N	contact	\N	\N	317	NV	\N	\N	\N	\N	none	\N	\N	\N	\N	\N	f	\N	\N	\N	\N	\N	\N	\N	\N	\N	\N	\N	\N	\N	\N	\N	\N	\N	\N	\N	f	$2b$10$VACmFfZLDUm8qMhrdMjCX.Da.kE/QsF.Ryku9WePanNFRVTWjSiq2	\N	\N	\N	f	t	f	2025-08-10 00:00:00	\N	\N	\N	\N	\N
634fc142-a5a8-43ef-8576-b317007af1cf	[NV00309] Mai Ngọc Điệp	Mai Ngọc Điệp	Mai Ngoc Diep	\N	\N	\N	f	f	f	f	765f6593-2b19-4d06-cc8c-08dc4d479451	NV00309	\N	t	t	male	Trợ lý bác sĩ	\N	\N	\N	\N	\N	\N	\N	\N	\N	\N	\N	\N	\N	\N	\N	\N	\N	2025-07-11 00:00:00	\N	\N	\N	\N	2025-07-11 14:27:37.647979	\N	e63cd38e-7871-48ca-ad23-507e93fd6b81	2025-07-11 14:27:37.64798	2026-04-15 08:10:43.648	f	f	\N	\N	\N	\N	contact	\N	\N	309	NV	\N	\N	\N	\N	none	\N	\N	\N	\N	\N	f	\N	\N	\N	\N	\N	\N	\N	\N	\N	\N	\N	\N	\N	\N	\N	\N	\N	\N	\N	f	$2b$10$ZSmHAuESoiVCtZ9ZLtOjFu7qT86Sk9DqfpAlnlEZesEB0..7YjCgW	\N	\N	\N	f	t	f	2025-07-11 00:00:00	\N	\N	\N	\N	\N
1c05bcd2-2476-4cc5-bc65-b37e004853e7	[NV00350] Trần Phan Thủy Tiên	Trần Phan Thủy Tiên	Tran Phan Thuy Tien	\N	\N	\N	f	f	f	f	765f6593-2b19-4d06-cc8c-08dc4d479451	NV00350	\N	t	t	male	Quản lý cơ sở	\N	\N	\N	\N	\N	\N	\N	\N	\N	\N	\N	\N	\N	\N	\N	\N	\N	2025-10-22 00:00:00	\N	\N	\N	\N	2025-10-22 11:23:20.237907	\N	b19424da-e016-41c8-b992-17181969c924	2025-10-22 11:23:20.237909	2026-04-15 08:13:42.325	f	f	\N	\N	\N	\N	contact	\N	\N	350	NV	\N	\N	\N	\N	none	\N	\N	\N	\N	\N	f	\N	\N	\N	\N	\N	\N	\N	\N	\N	\N	\N	\N	\N	\N	\N	\N	\N	\N	\N	f	$2b$10$xovS/.SSQ.MOGdJdZyeyw.Fjrhbbp.9MiwqkOVQWBMWFahl9qPLiC	\N	\N	\N	f	f	f	2025-10-22 00:00:00	\N	\N	\N	\N	\N
934fb190-e7a4-4716-a80d-b3390082ab63	[NV00319] TRẦN QUỲNH ANH	TRẦN QUỲNH ANH	TRAN QUYNH ANH	\N	\N	\N	f	f	f	f	6861c928-0e13-4664-c781-08dcdfa45074	NV00319	\N	f	t	male	Phụ tá	\N	\N	\N	\N	\N	\N	\N	\N	\N	\N	\N	\N	\N	\N	\N	\N	\N	2025-08-14 00:00:00	\N	\N	\N	\N	2025-08-14 14:55:45.180606	\N	\N	2025-08-14 14:55:45.180608	2026-04-15 08:56:14.569	f	f	\N	\N	\N	\N	contact	\N	\N	319	NV	\N	\N	\N	\N	none	\N	\N	\N	\N	\N	f	\N	\N	\N	\N	\N	\N	\N	\N	\N	\N	\N	\N	\N	\N	\N	\N	\N	\N	\N	f	$2b$10$YJZWv3Dvqutyy/VDw.VCheAqMrW5zj.2Eaf98C9JkuNlUUfJbdXRW	\N	\N	\N	f	t	f	2025-08-14 00:00:00	\N	\N	\N	\N	\N
1c5f7bac-bf38-45d0-a388-b37e0049403c	[NV00351] Trần Phan Thủy Tiên	Trần Phan Thủy Tiên	Tran Phan Thuy Tien	\N	\N	\N	f	f	f	f	6861c928-0e13-4664-c781-08dcdfa45074	NV00351	\N	f	t	male	Quản lý cơ sở	\N	\N	\N	\N	\N	\N	\N	\N	\N	\N	\N	\N	\N	\N	\N	\N	\N	2025-10-22 00:00:00	\N	\N	\N	\N	2025-10-22 11:26:41.905679	\N	\N	2025-10-22 11:26:41.90568	2026-04-15 08:56:47.294	f	f	\N	\N	\N	\N	contact	\N	\N	351	NV	\N	\N	\N	\N	none	\N	\N	\N	\N	\N	f	\N	\N	\N	\N	\N	\N	\N	\N	\N	\N	\N	\N	\N	\N	\N	\N	\N	\N	\N	f	$2b$10$CSpwdl7vgBdv1PZ1lnxhcOla4ij0/fIO14giBUAInp/Vs5i8NliVe	\N	\N	\N	f	f	f	2025-10-22 00:00:00	\N	\N	\N	\N	\N
88e8de12-b626-40bb-acb7-b37d008a32bd	[NV00343] Vũ Thị Thuỳ Trâm	Vũ Thị Thuỳ Trâm	Vu Thi Thuy Tram	\N	\N	\N	f	f	f	f	b178d5ee-d9ac-477e-088e-08db9a4c4cf4	NV00343	\N	f	t	male	Quản lý cơ sở	\N	\N	\N	\N	\N	\N	\N	\N	\N	\N	\N	\N	\N	\N	\N	\N	\N	2025-10-21 00:00:00	\N	\N	\N	\N	2025-10-21 15:23:09.855507	\N	b19424da-e016-41c8-b992-17181969c924	2025-10-21 15:23:09.855508	2026-04-15 09:08:48.07	f	f	\N	\N	\N	\N	contact	\N	\N	343	NV	\N	\N	\N	\N	none	\N	\N	\N	\N	\N	f	\N	\N	\N	\N	\N	\N	\N	\N	\N	\N	\N	\N	\N	\N	\N	\N	\N	\N	\N	f	$2b$10$Og5ckDeOOTM2W8iHoICpLekvZE.3eqb0tzFcNkzehUcM/Ntbn0VG6	\N	\N	\N	f	f	f	2025-10-21 00:00:00	\N	\N	\N	\N	\N
6c57cda1-0eb2-45a4-90d5-b37e0073165a	[NV00353] Tdental Sever	Tdental Sever	Tdental Sever	\N	\N	\N	f	f	f	f	dde8b85e-e35a-41fa-4a6b-08de107d59ec	NV00353	\N	t	t	male	\N	\N	\N	\N	\N	\N	\N	\N	\N	\N	\N	\N	\N	\N	\N	\N	\N	\N	2025-10-22 00:00:00	\N	\N	\N	\N	2025-10-22 13:59:01.206647	\N	b19424da-e016-41c8-b992-17181969c924	2025-10-22 13:59:01.206649	2025-10-24 10:27:06.389484	f	f	\N	\N	\N	\N	contact	\N	\N	353	NV	\N	\N	\N	\N	none	\N	\N	\N	\N	\N	f	\N	\N	\N	\N	\N	\N	\N	\N	\N	\N	\N	\N	\N	\N	\N	\N	\N	\N	\N	f	\N	\N	\N	\N	f	f	f	\N	\N	\N	\N	\N	\N
df4645d2-6226-4df9-8121-b3840094d502	[NV00357] Linh Trang	Linh Trang	Linh Trang	\N	\N	\N	f	f	f	f	cad65000-6ff3-47c7-cc8d-08dc4d479451	NV00357	\N	t	t	male	\N	\N	\N	\N	\N	\N	\N	\N	\N	\N	\N	\N	\N	\N	\N	\N	\N	\N	2025-10-28 00:00:00	\N	\N	\N	\N	2025-10-28 16:01:52.858487	\N	\N	2025-10-28 16:01:52.858488	2025-10-28 16:01:52.858489	f	f	\N	\N	\N	\N	contact	\N	\N	357	NV	\N	\N	\N	\N	none	\N	\N	\N	\N	\N	f	\N	\N	\N	\N	\N	\N	\N	\N	\N	\N	\N	\N	\N	\N	\N	\N	\N	\N	\N	f	\N	\N	\N	\N	f	f	f	\N	\N	\N	\N	\N	\N
40b0cc15-7acd-45f1-aada-b38400ba024d	[NV00358] Nguyễn Trọng Phúc	Nguyễn Trọng Phúc	Nguyen Trong Phuc	\N	\N	\N	f	f	f	f	f0f6361e-b99d-4ac7-4108-08dd8159c64a	NV00358	\N	t	t	male	\N	\N	\N	\N	\N	\N	\N	\N	\N	\N	\N	\N	\N	\N	\N	\N	\N	\N	2025-10-28 00:00:00	\N	\N	\N	\N	2025-10-28 18:17:14.279995	\N	d67346f6-837e-499d-8e8f-0eea533fcd4c	2025-10-28 18:17:14.279998	2025-10-28 18:18:05.187114	f	f	\N	\N	\N	\N	contact	\N	\N	358	NV	\N	\N	\N	\N	none	\N	\N	\N	\N	\N	f	\N	\N	\N	\N	\N	\N	\N	\N	\N	\N	\N	\N	\N	\N	\N	\N	\N	\N	\N	f	\N	\N	\N	\N	f	f	f	\N	\N	\N	\N	\N	\N
6af924f3-e490-415f-86a9-b38800b5ff79	[NV00359] Võ Hoàng Ân	Võ Hoàng Ân	Vo Hoang An	\N	\N	\N	f	f	f	f	f0f6361e-b99d-4ac7-4108-08dd8159c64a	NV00359	\N	t	t	male	\N	\N	\N	\N	\N	\N	\N	\N	\N	\N	\N	\N	\N	\N	\N	\N	\N	\N	2025-11-01 00:00:00	\N	\N	\N	\N	2025-11-01 18:02:38.053151	\N	\N	2025-11-01 18:02:38.053152	2025-11-01 18:02:38.053153	f	f	\N	\N	\N	\N	contact	\N	\N	359	NV	\N	\N	\N	\N	none	\N	\N	\N	\N	\N	f	\N	\N	\N	\N	\N	\N	\N	\N	\N	\N	\N	\N	\N	\N	\N	\N	\N	\N	\N	f	\N	\N	\N	\N	f	f	f	\N	\N	\N	\N	\N	\N
ca154a7c-c60f-42c8-a842-b39800267356	[NV00361] GIANG THÀNH TRUNG	GIANG THÀNH TRUNG	GIANG THANH TRUNG	\N	\N	\N	f	f	f	f	6861c928-0e13-4664-c781-08dcdfa45074	NV00361	\N	t	t	male	\N	\N	\N	\N	\N	\N	\N	\N	\N	\N	\N	\N	\N	\N	\N	\N	\N	\N	2025-11-17 00:00:00	\N	\N	\N	\N	2025-11-17 09:19:59.645966	\N	\N	2025-11-17 09:19:59.645968	2025-11-17 09:19:59.645968	f	f	\N	\N	\N	\N	contact	\N	\N	361	NV	\N	\N	\N	\N	none	\N	\N	\N	\N	\N	f	\N	\N	\N	\N	\N	\N	\N	\N	\N	\N	\N	\N	\N	\N	\N	\N	\N	\N	\N	f	\N	\N	\N	\N	f	f	f	\N	\N	\N	\N	\N	\N
a1058ecf-d2af-4a7d-9c98-b39f004e3e0f	[NV00362] Tdental Sever	Tdental Sever	Tdental Sever	\N	\N	\N	f	f	f	f	dde8b85e-e35a-41fa-4a6b-08de107d59ec	NV00362	\N	t	t	male	\N	\N	\N	\N	\N	\N	\N	\N	\N	\N	\N	\N	\N	\N	\N	\N	\N	\N	2025-11-24 00:00:00	\N	\N	\N	\N	2025-11-24 11:44:52.317165	\N	\N	2025-11-24 11:44:52.317166	2025-11-24 11:44:52.317166	f	f	\N	\N	\N	\N	contact	\N	\N	362	NV	\N	\N	\N	\N	none	\N	\N	\N	\N	\N	f	\N	\N	\N	\N	\N	\N	\N	\N	\N	\N	\N	\N	\N	\N	\N	\N	\N	\N	\N	f	\N	\N	\N	\N	f	f	f	\N	\N	\N	\N	\N	\N
277daace-1f6c-406f-94f8-b3a4009b2e30	[NV00363] Thu Uyên	Thu Uyên	Thu Uyen	\N	\N	\N	f	f	f	f	cad65000-6ff3-47c7-cc8d-08dc4d479451	NV00363	\N	f	t	male	\N	\N	\N	\N	\N	\N	\N	\N	\N	\N	\N	\N	\N	\N	\N	\N	\N	\N	2025-11-29 00:00:00	\N	\N	\N	\N	2025-11-29 16:24:59.677355	\N	b19424da-e016-41c8-b992-17181969c924	2025-11-29 16:24:59.677356	2026-01-10 15:02:09.674889	f	f	\N	\N	\N	\N	contact	\N	\N	363	NV	\N	\N	\N	\N	none	\N	\N	\N	\N	\N	f	\N	\N	\N	\N	\N	\N	\N	\N	\N	\N	\N	\N	\N	\N	\N	\N	\N	\N	\N	f	\N	\N	\N	\N	f	f	f	\N	\N	\N	\N	\N	\N
672ad742-fa68-443f-b350-b3a8003bbe7c	[NV00364] Võ Thành An	Võ Thành An	Vo Thanh An	\N	\N	\N	f	f	f	f	765f6593-2b19-4d06-cc8c-08dc4d479451	NV00364	\N	t	t	male	\N	\N	\N	\N	\N	\N	\N	\N	\N	\N	\N	\N	\N	\N	\N	\N	\N	\N	2025-12-03 00:00:00	\N	\N	\N	\N	2025-12-03 10:37:31.294816	\N	\N	2025-12-03 10:37:31.295232	2025-12-03 10:37:31.295232	f	f	\N	\N	\N	\N	contact	\N	\N	364	NV	\N	\N	\N	\N	none	\N	\N	\N	\N	\N	f	\N	\N	\N	\N	\N	\N	\N	\N	\N	\N	\N	\N	\N	\N	\N	\N	\N	\N	\N	f	\N	\N	\N	\N	f	f	f	\N	\N	\N	\N	\N	\N
e3d720df-3f88-4b55-b9f4-b3d2009a2d17	[NV00376] Nguyễn Thị Kiều	Nguyễn Thị Kiều	Nguyen Thi Kieu	\N	\N	\N	f	f	f	f	cad65000-6ff3-47c7-cc8d-08dc4d479451	NV00376	\N	t	t	male	\N	\N	\N	\N	\N	\N	\N	\N	\N	\N	\N	\N	\N	\N	\N	\N	\N	\N	2026-01-14 00:00:00	\N	\N	\N	\N	2026-01-14 16:21:20.289624	\N	\N	2026-01-14 16:21:20.289626	2026-01-14 16:21:20.289626	f	f	\N	\N	\N	\N	contact	\N	\N	376	NV	\N	\N	\N	\N	none	\N	\N	\N	\N	\N	f	\N	\N	\N	\N	\N	\N	\N	\N	\N	\N	\N	\N	\N	\N	\N	\N	\N	\N	\N	f	\N	\N	\N	\N	f	f	f	\N	\N	\N	\N	\N	\N
b333368d-f4d5-4805-b7da-b3e00074fcd3	[NV00378] test	test	test	\N	\N	\N	f	f	f	f	dde8b85e-e35a-41fa-4a6b-08de107d59ec	NV00378	\N	t	t	male	\N	\N	\N	\N	\N	\N	\N	\N	\N	\N	\N	\N	\N	\N	\N	\N	\N	\N	2026-01-28 00:00:00	\N	\N	\N	\N	2026-01-28 14:05:56.329487	\N	b19424da-e016-41c8-b992-17181969c924	2026-01-28 14:05:56.329489	2026-02-12 11:34:40.732435	f	f	\N	\N	\N	\N	contact	\N	\N	378	NV	\N	\N	\N	\N	none	\N	\N	\N	\N	\N	f	\N	\N	\N	\N	\N	\N	\N	\N	\N	\N	\N	\N	\N	\N	\N	\N	\N	\N	\N	f	\N	\N	\N	\N	f	f	f	\N	\N	\N	\N	\N	\N
a3baf6d8-622c-4f82-9225-b3e900ae7075	[NV00381] dataconnect	dataconnect	dataconnect	\N	\N	\N	f	f	f	f	dde8b85e-e35a-41fa-4a6b-08de107d59ec	NV00381	\N	t	t	male	\N	\N	\N	\N	\N	\N	\N	\N	\N	\N	\N	\N	\N	\N	\N	\N	\N	\N	2026-02-06 00:00:00	\N	\N	\N	\N	2026-02-06 17:35:06.841356	\N	\N	2026-02-06 17:35:06.841357	2026-02-06 17:35:06.841358	f	f	\N	\N	\N	\N	contact	\N	\N	381	NV	\N	\N	\N	\N	none	\N	\N	\N	\N	\N	f	\N	\N	\N	\N	\N	\N	\N	\N	\N	\N	\N	\N	\N	\N	\N	\N	\N	\N	\N	f	\N	\N	\N	\N	f	f	f	\N	\N	\N	\N	\N	\N
f401406e-7150-49da-a52a-b3ed00493937	[NV00382] test123	test123	test123	\N	\N	\N	f	f	f	f	c6b4b453-d260-46d4-4fd9-08db24f7ae8e	NV00382	\N	f	t	male	\N	\N	\N	\N	\N	\N	\N	\N	\N	\N	\N	\N	\N	\N	\N	\N	\N	\N	2026-02-10 00:00:00	\N	\N	\N	\N	2026-02-10 11:26:35.915338	\N	b19424da-e016-41c8-b992-17181969c924	2026-02-10 11:26:35.91534	2026-02-10 11:28:30.808698	f	f	\N	\N	\N	\N	contact	\N	\N	382	NV	\N	\N	\N	\N	none	\N	\N	\N	\N	\N	f	\N	\N	\N	\N	\N	\N	\N	\N	\N	\N	\N	\N	\N	\N	\N	\N	\N	\N	\N	f	\N	\N	\N	\N	f	f	f	\N	\N	\N	\N	\N	\N
194ad6e9-af01-4d22-aef4-b2a60033080d	[NV00244] LinhHTX Sale online	LinhHTX Sale online	LinhHTX Sale online	\N	\N	\N	f	f	f	f	c6b4b453-d260-46d4-4fd9-08db24f7ae8e	NV00244	\N	f	t	male	Nhân viên Sale	\N	\N	\N	\N	\N	\N	\N	\N	\N	\N	\N	\N	\N	\N	\N	\N	\N	2025-03-20 00:00:00	\N	\N	\N	\N	2025-03-20 10:05:47.991536	\N	b19424da-e016-41c8-b992-17181969c924	2025-03-20 10:05:47.991538	2025-05-21 10:53:40.603754	f	f	\N	\N	\N	\N	contact	\N	\N	244	NV	\N	\N	\N	\N	none	\N	\N	\N	\N	\N	f	\N	\N	\N	\N	\N	\N	\N	\N	\N	\N	\N	\N	\N	\N	\N	\N	\N	\N	\N	f	\N	\N	\N	\N	f	f	f	\N	\N	\N	\N	\N	\N
706a8f1b-3f5a-4d94-afb7-b2a1003f264e	[NV00235] MaiPT Sale online	MaiPT Sale online	MaiPT Sale online	\N	\N	\N	f	f	f	f	c6b4b453-d260-46d4-4fd9-08db24f7ae8e	NV00235	\N	f	t	male	Nhân viên Sale	\N	\N	\N	\N	\N	\N	\N	\N	\N	\N	\N	\N	\N	\N	\N	\N	\N	2025-03-15 00:00:00	\N	\N	\N	\N	2025-03-15 10:49:55.246025	\N	b19424da-e016-41c8-b992-17181969c924	2025-03-15 10:49:55.246027	2025-04-01 13:34:02.789093	f	f	\N	\N	\N	\N	contact	\N	\N	235	NV	\N	\N	\N	\N	none	\N	\N	\N	\N	\N	f	\N	\N	\N	\N	\N	\N	\N	\N	\N	\N	\N	\N	\N	\N	\N	\N	\N	\N	\N	f	\N	\N	\N	\N	f	f	f	\N	\N	\N	\N	\N	\N
270631f7-84d5-4b0f-a9c7-b28800794ab7	[NV00221] MinhTN Sale online	MinhTN Sale online	MinhTN Sale online	\N	\N	\N	f	f	f	f	c6b4b453-d260-46d4-4fd9-08db24f7ae8e	NV00221	\N	f	t	male	Nhân viên Sale	\N	\N	\N	\N	\N	\N	\N	\N	\N	\N	\N	\N	\N	\N	\N	\N	\N	2025-02-18 00:00:00	\N	\N	\N	\N	2025-02-18 14:21:36.610266	\N	b19424da-e016-41c8-b992-17181969c924	2025-02-18 14:21:36.610268	2025-04-22 12:00:56.596634	f	f	\N	\N	\N	\N	contact	\N	\N	221	NV	\N	\N	\N	\N	none	\N	\N	\N	\N	\N	f	\N	\N	\N	\N	\N	\N	\N	\N	\N	\N	\N	\N	\N	\N	\N	\N	\N	\N	\N	f	\N	\N	\N	\N	f	f	f	\N	\N	\N	\N	\N	\N
9c7a0361-caef-433a-ba95-b17b00a28850	[NV00128] PhongPD sale online	PhongPD sale online	PhongPD sale online	\N	\N	\N	f	f	f	f	c6b4b453-d260-46d4-4fd9-08db24f7ae8e	NV00128	\N	f	t	male	Nhân viên Sale	\N	\N	\N	\N	\N	\N	\N	\N	\N	\N	\N	\N	\N	\N	\N	\N	\N	2024-05-25 00:00:00	\N	\N	\N	\N	2024-05-25 16:51:45.757379	\N	b19424da-e016-41c8-b992-17181969c924	2024-05-25 16:51:45.757381	2024-09-14 10:36:45.731488	f	f	\N	\N	\N	\N	contact	\N	\N	\N	\N	\N	\N	\N	\N	\N	\N	\N	\N	\N	\N	f	\N	\N	\N	\N	\N	\N	\N	\N	\N	\N	\N	\N	\N	\N	\N	\N	\N	\N	\N	f	\N	\N	\N	\N	f	f	f	\N	\N	\N	\N	\N	\N
4e230c45-04fb-4b26-9c48-b1eb003b983b	[NV00166] TrangNTH Sale online	TrangNTH Sale online	TrangNTH Sale online	\N	\N	\N	f	f	f	f	c6b4b453-d260-46d4-4fd9-08db24f7ae8e	NV00166	\N	f	t	male	Nhân viên Sale	\N	\N	\N	\N	\N	\N	\N	\N	\N	\N	\N	\N	\N	\N	\N	\N	\N	2024-09-14 00:00:00	\N	\N	\N	\N	2024-09-14 10:36:58.651929	\N	b19424da-e016-41c8-b992-17181969c924	2024-09-14 10:36:58.65193	2025-04-22 12:01:02.317724	f	f	\N	\N	\N	\N	contact	\N	\N	166	NV	\N	\N	\N	\N	\N	\N	\N	\N	\N	\N	f	\N	\N	\N	\N	\N	\N	\N	\N	\N	\N	\N	\N	\N	\N	\N	\N	\N	\N	\N	f	\N	\N	\N	\N	f	f	f	\N	\N	\N	\N	\N	\N
20d2f931-45a3-4a03-9c61-b184004bd379	[NV00136] VanPTN Sale online	VanPTN Sale online	VanPTN Sale online	\N	\N	\N	f	f	f	f	c6b4b453-d260-46d4-4fd9-08db24f7ae8e	NV00136	\N	f	t	male	Nhân viên Sale	\N	\N	\N	\N	\N	\N	\N	\N	\N	\N	\N	\N	\N	\N	\N	\N	\N	2024-06-03 00:00:00	\N	\N	\N	\N	2024-06-03 11:36:04.457833	\N	b19424da-e016-41c8-b992-17181969c924	2024-06-03 11:36:04.457834	2024-06-10 14:28:39.907769	f	f	\N	\N	\N	\N	contact	\N	\N	\N	\N	\N	\N	\N	\N	\N	\N	\N	\N	\N	\N	f	\N	\N	\N	\N	\N	\N	\N	\N	\N	\N	\N	\N	\N	\N	\N	\N	\N	\N	\N	f	\N	\N	\N	\N	f	f	f	\N	\N	\N	\N	\N	\N
7374e3f7-6ff7-4abf-af29-b30e0038fc19	[NV00300] ThaoNLP Sale online	ThaoNLP Sale online	ThaoNLP Sale online	\N	\N	online@gmail.com	f	f	f	f	c6b4b453-d260-46d4-4fd9-08db24f7ae8e	NV00300	\N	f	t	male	Nhân viên sale	\N	\N	\N	\N	\N	\N	\N	\N	\N	\N	\N	\N	\N	\N	\N	\N	\N	2025-07-02 00:00:00	\N	\N	\N	\N	2025-07-02 10:27:28.511987	\N	\N	2025-07-02 10:27:28.511988	2026-04-15 06:38:19.061	f	f	\N	\N	\N	\N	contact	\N	\N	300	NV	\N	\N	\N	\N	none	\N	\N	\N	\N	\N	f	\N	\N	\N	\N	\N	\N	\N	\N	\N	\N	\N	\N	\N	\N	\N	\N	\N	\N	\N	f	$2b$10$eCJle2IXP9mtjtYWrRT2w.rNZTsveXCbkGGo4Qs3zO1A5y1lYcpw6	\N	\N	\N	f	f	f	2025-07-02 00:00:00	\N	\N	\N	\N	\N
8ec68c0d-ddd9-4429-ac81-b131004ddf2b	[NV00076] TrangTL Sale online	TrangTL Sale online	TrangTL Sale online	\N	0963689465	0963689465@gmail.com	f	f	f	f	cad65000-6ff3-47c7-cc8d-08dc4d479451	NV00076	\N	f	t	male	Nhân viên sale	\N	\N	\N	\N	\N	\N	\N	\N	\N	\N	\N	\N	\N	\N	\N	\N	\N	2024-03-12 00:00:00	\N	\N	\N	\N	2024-03-12 11:43:31.343989	\N	b19424da-e016-41c8-b992-17181969c924	2024-03-12 11:43:31.343991	2026-04-15 06:44:07.404	f	f	\N	\N	\N	\N	contact	\N	\N	\N	\N	\N	\N	\N	\N	\N	\N	\N	\N	\N	\N	f	\N	\N	\N	\N	\N	\N	\N	\N	\N	\N	\N	\N	\N	\N	\N	\N	\N	\N	\N	f	$2b$10$N9yzukBKwbfTP3p3B8nNcOPUzRh6Zh8Og49PyXyfTINfNGTsOSZ3.	\N	\N	\N	f	f	f	2024-03-12 00:00:00	\N	\N	\N	\N	\N
d522523e-581e-4097-aadc-b3c7006aca01	[NV00368] ThuyHT Sale online	ThuyHT Sale online	ThuyHT Sale online	\N	0386087744	0386087744@gmail.com	f	f	f	f	cad65000-6ff3-47c7-cc8d-08dc4d479451	NV00368	\N	t	t	male	Nhân viên sale	\N	\N	\N	\N	\N	\N	\N	\N	\N	\N	\N	\N	\N	\N	\N	\N	\N	2026-01-03 00:00:00	\N	\N	\N	\N	2026-01-03 13:28:48.428427	\N	\N	2026-01-03 13:28:48.428429	2026-04-15 06:40:47.187	f	f	\N	\N	\N	\N	contact	\N	\N	368	NV	\N	\N	\N	\N	none	\N	\N	\N	\N	\N	f	\N	\N	\N	\N	\N	\N	\N	\N	\N	\N	\N	\N	\N	\N	\N	\N	\N	\N	\N	f	$2b$10$TBdlI37DcpIALl.UwxvtjuMJ.N3nMuJMXczbRJMw3nvMGDZGjU35u	\N	\N	\N	f	f	f	2026-01-03 00:00:00	\N	\N	\N	\N	\N
5b5cb01b-7b41-4904-9fbf-b3d2009a1912	[NV00375] Tường Vy	Tường Vy	Tuong Vy	\N	\N	\N	f	f	f	f	cad65000-6ff3-47c7-cc8d-08dc4d479451	NV00375	\N	t	t	male	Bác sĩ	\N	\N	\N	\N	\N	\N	\N	\N	\N	\N	\N	\N	\N	\N	\N	\N	\N	2026-01-14 00:00:00	\N	\N	\N	\N	2026-01-14 16:21:03.205398	\N	b19424da-e016-41c8-b992-17181969c924	2026-01-14 16:21:03.2054	2026-04-15 06:58:47.661	f	f	\N	\N	\N	\N	contact	\N	\N	375	NV	\N	\N	\N	\N	none	\N	\N	\N	\N	\N	f	\N	\N	\N	\N	\N	\N	\N	\N	\N	\N	\N	\N	\N	\N	\N	\N	\N	\N	\N	f	$2b$10$HxFlkPQLVO1Xk3jlTWvnvu38KAZ2YZKbQlfVuuRfN8n8eCPtyl2Iy	\N	\N	\N	t	f	f	2026-01-14 00:00:00	\N	\N	\N	\N	\N
bea87ff7-4766-44b4-be5a-b3aa0052aa45	[NV00365] Bs (33)	Bs (33)	Bs (33)	\N	\N	\N	f	f	f	f	765f6593-2b19-4d06-cc8c-08dc4d479451	NV00365	\N	f	t	male	Phụ tá	\N	\N	\N	\N	\N	\N	\N	\N	\N	\N	\N	\N	\N	\N	\N	\N	\N	2025-12-05 00:00:00	\N	\N	\N	\N	2025-12-05 12:00:58.470861	\N	e63cd38e-7871-48ca-ad23-507e93fd6b81	2025-12-05 12:00:58.470863	2026-04-15 07:01:35.961	f	f	\N	\N	\N	\N	contact	\N	\N	365	NV	\N	\N	\N	\N	none	\N	\N	\N	\N	\N	f	\N	\N	\N	\N	\N	\N	\N	\N	\N	\N	\N	\N	\N	\N	\N	\N	\N	\N	\N	f	$2b$10$GTiROCx7wqf4fHwbOAwz7uFamCM5w/jnEpW3DPwyL4U2X.qCIoa5y	\N	\N	\N	f	t	f	2025-12-05 00:00:00	\N	\N	\N	\N	\N
76071aab-7eea-4c0f-b994-b3c200b972a6	[NV00366] Bs (35)	Bs (35)	Bs (35)	\N	\N	\N	f	f	f	f	765f6593-2b19-4d06-cc8c-08dc4d479451	NV00366	\N	f	t	male	Phụ tá	\N	\N	\N	\N	\N	\N	\N	\N	\N	\N	\N	\N	\N	\N	\N	\N	\N	2025-12-29 00:00:00	\N	\N	\N	\N	2025-12-29 18:15:11.697963	\N	\N	2025-12-29 18:15:11.697964	2026-04-15 07:01:55.363	f	f	\N	\N	\N	\N	contact	\N	\N	366	NV	\N	\N	\N	\N	none	\N	\N	\N	\N	\N	f	\N	\N	\N	\N	\N	\N	\N	\N	\N	\N	\N	\N	\N	\N	\N	\N	\N	\N	\N	f	$2b$10$qM7a4HXHXjtkNIatPDwMgukVun66aAtzE3tpV2Rx5viQM9poqUe8K	\N	\N	\N	f	t	f	2025-12-29 00:00:00	\N	\N	\N	\N	\N
f5165d39-566e-4a80-b7a3-b3e200909987	[NV00379] BS (39)	BS (39)	BS (39)	\N	\N	\N	f	f	f	f	765f6593-2b19-4d06-cc8c-08dc4d479451	NV00379	\N	t	t	male	Bác sĩ	\N	\N	\N	\N	\N	\N	\N	\N	\N	\N	\N	\N	\N	\N	\N	\N	\N	2026-01-30 00:00:00	\N	\N	\N	\N	2026-01-30 15:46:28.288882	\N	\N	2026-01-30 15:46:28.288884	2026-04-15 07:02:08.908	f	f	\N	\N	\N	\N	contact	\N	\N	379	NV	\N	\N	\N	\N	none	\N	\N	\N	\N	\N	f	\N	\N	\N	\N	\N	\N	\N	\N	\N	\N	\N	\N	\N	\N	\N	\N	\N	\N	\N	f	$2b$10$eS.y2OSHsLcRN3urAW.yDesUcDzp2xziLc4alyMzCizqNgHS8zhP.	\N	\N	\N	t	f	f	2026-01-30 00:00:00	\N	\N	\N	\N	\N
d99bbcb6-231e-433e-be62-b3cf003d6362	[NV00374] BÁC SĨ 38	BÁC SĨ 38	BAC SI 38	\N	\N	\N	f	f	f	f	6861c928-0e13-4664-c781-08dcdfa45074	NV00374	\N	t	t	male	Bác sĩ	\N	\N	\N	\N	\N	\N	\N	\N	\N	\N	\N	\N	\N	\N	\N	\N	\N	2026-01-11 00:00:00	\N	\N	\N	\N	2026-01-11 10:43:30.460466	\N	\N	2026-01-11 10:43:30.460467	2026-04-15 08:00:43.935	f	f	\N	\N	\N	\N	contact	\N	\N	374	NV	\N	\N	\N	\N	none	\N	\N	\N	\N	\N	f	\N	\N	\N	\N	\N	\N	\N	\N	\N	\N	\N	\N	\N	\N	\N	\N	\N	\N	\N	f	$2b$10$Vy1LKmDvX26iWnQ17U5FbO8SAmhqI0osc3YflZj7wAf0rfXmJYHBq	\N	\N	\N	t	f	f	2026-01-11 00:00:00	\N	\N	\N	\N	\N
5c9aa782-3296-4f11-8803-b3d2009a4374	[NV00377] Nguyễn Quỳnh Anh	Nguyễn Quỳnh Anh	Nguyen Quynh Anh	\N	\N	\N	f	f	f	f	cad65000-6ff3-47c7-cc8d-08dc4d479451	NV00377	\N	f	t	male	Phụ tá	\N	\N	\N	\N	\N	\N	\N	\N	\N	\N	\N	\N	\N	\N	\N	\N	\N	2026-01-14 00:00:00	\N	\N	\N	\N	2026-01-14 16:21:39.370722	\N	\N	2026-01-14 16:21:39.370724	2026-04-15 08:06:30.963	f	f	\N	\N	\N	\N	contact	\N	\N	377	NV	\N	\N	\N	\N	none	\N	\N	\N	\N	\N	f	\N	\N	\N	\N	\N	\N	\N	\N	\N	\N	\N	\N	\N	\N	\N	\N	\N	\N	\N	f	$2b$10$7lr29jWZ5Kj6oLPD0MTl2.xJOHIZaZTcaxErmZGSn8bQe7zu739gC	\N	\N	\N	f	t	f	2026-01-14 00:00:00	\N	\N	\N	\N	\N
f15ab7ff-ef57-41b0-9a1f-b38b006fd674	[NV00360] Nguyễn Thị Thúy	Nguyễn Thị Thúy	Nguyen Thi Thuy	\N	\N	\N	f	f	f	f	cad65000-6ff3-47c7-cc8d-08dc4d479451	NV00360	\N	f	t	male	Phụ tá	\N	\N	\N	\N	\N	\N	\N	\N	\N	\N	\N	\N	\N	\N	\N	\N	\N	2025-11-04 00:00:00	\N	\N	\N	\N	2025-11-04 13:47:11.319886	\N	\N	2025-11-04 13:47:11.319888	2026-04-15 08:06:45.711	f	f	\N	\N	\N	\N	contact	\N	\N	360	NV	\N	\N	\N	\N	none	\N	\N	\N	\N	\N	f	\N	\N	\N	\N	\N	\N	\N	\N	\N	\N	\N	\N	\N	\N	\N	\N	\N	\N	\N	f	$2b$10$9D8ApuSJOEjaq94jZOQ5DOjvcfViFkbPYZTXYh37g3Fu7xKJy5Bhq	\N	\N	\N	f	t	f	2025-11-04 00:00:00	\N	\N	\N	\N	\N
dbefd061-dbb0-44d7-8eed-afe3007a8017	BS. Duy	BS. Duy	BS. Duy	\N	0901000008	duy@tamdentist.vn	f	f	f	f	c6b4b453-d260-46d4-4fd9-08db24f7ae8e	\N	\N	f	t	male	Bác sĩ	\N	\N	\N	\N	\N	\N	\N	\N	\N	\N	\N	\N	\N	\N	\N	\N	\N	\N	\N	\N	\N	\N	\N	\N	\N	2026-04-07 11:15:24.7804	2026-04-15 06:51:37.602	f	f	\N	\N	\N	\N	\N	\N	\N	\N	\N	\N	\N	\N	\N	\N	\N	\N	\N	\N	\N	f	\N	\N	\N	\N	\N	\N	\N	\N	\N	\N	\N	\N	\N	\N	\N	\N	\N	\N	\N	f	$2b$10$x1YYk40zV8SDAlzk96.N5Op1IugF.pCSEjAaUDo08ZvR8TxS81qr.	\N	\N	\N	t	f	f	2026-04-07 00:00:00	\N	\N	\N	\N	\N
793cc2cb-59a0-4675-a05a-b2d1001a3eb7	[NV00263] Bác sĩ 03	Bác sĩ 03	Bac si 03	\N	\N	\N	f	f	f	f	f0f6361e-b99d-4ac7-4108-08dd8159c64a	NV00263	\N	t	t	male	Bác sĩ	\N	\N	\N	\N	\N	\N	\N	\N	\N	\N	\N	\N	\N	\N	\N	\N	\N	2025-05-02 00:00:00	\N	\N	\N	\N	2025-05-02 08:35:33.305632	\N	b45ec157-435e-4898-b9ce-116aee98a5a2	2025-05-02 08:35:33.305633	2026-04-15 08:01:07.705	f	f	\N	\N	\N	\N	contact	\N	\N	263	NV	\N	\N	\N	\N	none	\N	\N	\N	\N	\N	f	\N	\N	\N	\N	\N	\N	\N	\N	\N	\N	\N	\N	\N	\N	\N	\N	\N	\N	\N	f	$2b$10$fg9PPR7qn0eGewc5HUweEuLfnOVISSs4ICNrf6OUcJtpM9hhNlTxK	\N	\N	\N	t	f	f	2025-05-02 00:00:00	\N	\N	\N	\N	\N
eaafaeec-16c0-4ab6-bdbb-b2ad0025e0d6	[NV00251] Nguyễn Trương Nhật Tú	Nguyễn Trương Nhật Tú	Nguyen Truong Nhat Tu	\N	\N	\N	f	f	f	f	765f6593-2b19-4d06-cc8c-08dc4d479451	NV00251	\N	f	t	male	Phụ tá	\N	\N	\N	\N	\N	\N	\N	\N	\N	\N	\N	\N	\N	\N	\N	\N	\N	2025-03-27 00:00:00	\N	\N	\N	\N	2025-03-27 09:17:54.63266	\N	a6720b68-3b2a-4d0d-80a9-c88cbad11c0a	2025-03-27 09:17:54.632663	2026-04-15 08:11:54.305	f	f	\N	\N	\N	\N	contact	\N	\N	251	NV	\N	\N	\N	\N	none	\N	\N	\N	\N	\N	f	\N	\N	\N	\N	\N	\N	\N	\N	\N	\N	\N	\N	\N	\N	\N	\N	\N	\N	\N	f	$2b$10$d7O.m.6sRsGCW09ZYzzaEen0kVFjzV5eTAgWV6ZDgHWtJjG5ZTbb6	\N	\N	\N	f	t	f	2025-03-27 00:00:00	\N	\N	\N	\N	\N
88c83cda-9a3d-40ea-b2d0-b14500be2fe9	[NV00102] BÙI NGỌC TÚ QUYÊN	BÙI NGỌC TÚ QUYÊN	BUI NGOC TU QUYEN	\N	0901236078	\N	f	f	f	f	c6b4b453-d260-46d4-4fd9-08db24f7ae8e	NV00102	\N	t	t	male	Trợ lý bác sĩ	\N	\N	\N	\N	\N	\N	\N	\N	\N	\N	\N	\N	\N	\N	\N	\N	\N	2024-04-01 00:00:00	\N	\N	\N	\N	2024-04-01 18:32:27.013631	\N	ec24a7fb-2196-41f1-82f0-b5d0551cb59b	2024-04-01 18:32:27.013633	2026-04-15 08:29:22.113	f	f	\N	\N	\N	\N	contact	\N	\N	\N	\N	\N	\N	\N	\N	\N	\N	\N	\N	\N	\N	f	\N	\N	\N	\N	\N	\N	\N	\N	\N	\N	\N	\N	\N	\N	\N	\N	\N	\N	\N	f	$2b$10$1dmdnadjYld0lwp.ckr5uOVY30xAoVPtVMmtcDtzFQdYkRWS/F6US	\N	\N	\N	f	t	f	2024-04-01 00:00:00	\N	\N	\N	\N	\N
28e2c9eb-d410-4881-9cf2-efb2494baad7	Admin	Admin	Admin	\N	0900000000	tg@clinic.vn	f	f	f	f	\N	\N	\N	t	t	male	Quản trị viên hệ thống	\N	\N	\N	\N	\N	\N	\N	\N	\N	\N	\N	\N	\N	\N	\N	\N	\N	\N	\N	\N	\N	\N	\N	\N	\N	2026-04-07 14:44:30.628431	2026-04-07 14:44:30.628431	f	t	\N	\N	\N	\N	\N	\N	\N	\N	\N	\N	\N	\N	\N	\N	\N	\N	\N	\N	\N	f	\N	\N	\N	\N	\N	\N	\N	\N	\N	\N	\N	\N	\N	\N	\N	\N	\N	\N	\N	f	$2b$10$KdU4UaSLxIjarmdd0Pmqn.BZl6N34MC0gO/TRidjXwdkyqeItIs1C	2026-04-15 08:36:11.377585	\N	\N	f	f	f	\N	\N	\N	\N	\N	\N
9301428a-6892-4745-9dca-5f177a314131	\N	thuan	\N	\N	\N	thuan@thuan.com	f	f	f	f	c6b4b453-d260-46d4-4fd9-08db24f7ae8e	\N	\N	f	t	\N	Phụ tá	\N	\N	\N	\N	\N	\N	\N	\N	\N	\N	\N	\N	\N	\N	\N	\N	\N	\N	\N	\N	\N	\N	\N	\N	\N	2026-04-12 14:45:09.197	2026-04-15 08:52:01.665	f	f	\N	\N	\N	\N	\N	\N	\N	\N	\N	\N	\N	\N	\N	\N	\N	\N	\N	\N	\N	f	\N	\N	\N	\N	\N	\N	\N	\N	\N	\N	\N	\N	\N	\N	\N	\N	\N	\N	\N	f	$2b$10$29Snb92jmQzMnfRmMEHVGun/8N4j8LfEUxeq34nS4q87gXv8jiKxy	\N	\N	\N	f	t	f	2026-04-12 00:00:00	\N	\N	\N	\N	\N
8a21a554-5cc9-46af-aaa0-b15d007953a3	[NV00118] AnhVL saleonline	AnhVL saleonline	AnhVL saleonline	\N	0373740697	0373740697@gmail.com	f	f	f	f	cad65000-6ff3-47c7-cc8d-08dc4d479451	NV00118	\N	t	t	male	Nhân viên sale	\N	\N	\N	\N	\N	\N	\N	\N	\N	\N	\N	\N	\N	\N	\N	\N	\N	2024-04-25 00:00:00	\N	\N	\N	\N	2024-04-25 14:21:44.223051	\N	b19424da-e016-41c8-b992-17181969c924	2024-04-25 14:21:44.223053	2026-04-15 06:40:17.333	f	f	\N	\N	\N	\N	contact	\N	\N	\N	\N	\N	\N	\N	\N	\N	\N	\N	\N	\N	\N	f	\N	\N	\N	\N	\N	\N	\N	\N	\N	\N	\N	\N	\N	\N	\N	\N	\N	\N	\N	f	$2b$10$7B3zw/i/77GlSeKQyDbj.OBrP7n7OOERaj4PgTropycKhFifYnrOy	\N	\N	\N	f	f	f	2024-04-25 00:00:00	\N	\N	\N	\N	\N
9968161f-e735-448b-9adb-b14f0038c98e	BS. Khánh	BS. Khánh	BS. Khanh	\N	0901000004	khanh@tamdentist.vn	f	f	f	f	765f6593-2b19-4d06-cc8c-08dc4d479451	\N	\N	f	t	male	Bác sĩ	\N	\N	\N	\N	\N	\N	\N	\N	\N	\N	\N	\N	\N	\N	\N	\N	\N	\N	\N	\N	\N	\N	\N	\N	\N	2026-04-07 11:15:24.7804	2026-04-15 06:52:36.923	f	f	\N	\N	\N	\N	\N	\N	\N	\N	\N	\N	\N	\N	\N	\N	\N	\N	\N	\N	\N	f	\N	\N	\N	\N	\N	\N	\N	\N	\N	\N	\N	\N	\N	\N	\N	\N	\N	\N	\N	f	$2b$10$x1YYk40zV8SDAlzk96.N5Op1IugF.pCSEjAaUDo08ZvR8TxS81qr.	\N	\N	\N	t	f	f	2026-04-07 00:00:00	\N	\N	\N	\N	\N
5d8ac59c-514c-4d94-8461-b2d500449655	[NV00275] Bác sĩ 30	Bác sĩ 30	Bac si 30	\N	\N	\N	f	f	f	f	f0f6361e-b99d-4ac7-4108-08dd8159c64a	NV00275	\N	t	t	male	Bác sĩ	\N	\N	\N	\N	\N	\N	\N	\N	\N	\N	\N	\N	\N	\N	\N	\N	\N	2025-05-06 00:00:00	\N	\N	\N	\N	2025-05-06 11:09:43.109167	\N	b45ec157-435e-4898-b9ce-116aee98a5a2	2025-05-06 11:09:43.109169	2026-04-15 08:01:19.842	f	f	\N	\N	\N	\N	contact	\N	\N	275	NV	\N	\N	\N	\N	none	\N	\N	\N	\N	\N	f	\N	\N	\N	\N	\N	\N	\N	\N	\N	\N	\N	\N	\N	\N	\N	\N	\N	\N	\N	f	$2b$10$SGUrO0VaQCfr.Utrv2A9pe3hi1hokTDW3.duX3ecXlxMRYTgg8mZi	\N	\N	\N	t	f	f	2025-05-06 00:00:00	\N	\N	\N	\N	\N
f145e689-6e70-404c-8be5-4cf1443f863a	\N	Phụ tá Lan	\N	\N	\N	\N	f	f	f	f	765f6593-2b19-4d06-cc8c-08dc4d479451	\N	\N	f	t	\N	Phụ tá	\N	\N	\N	\N	\N	\N	\N	\N	\N	\N	\N	\N	\N	\N	\N	\N	\N	\N	\N	\N	\N	\N	\N	\N	\N	2026-04-12 11:41:31.569683	2026-04-15 08:12:53.223	f	f	\N	\N	\N	\N	\N	\N	\N	\N	\N	\N	\N	\N	\N	\N	\N	\N	\N	\N	\N	f	\N	\N	\N	\N	\N	\N	\N	\N	\N	\N	\N	\N	\N	\N	\N	\N	\N	\N	\N	f	$2b$10$5yb57erhnP8ebZoRJBwjpe6FhPOFz1GW7V.h78UOnUmkEl1WKYube	\N	\N	\N	f	t	f	2026-04-12 00:00:00	\N	\N	\N	\N	\N
d7bb145f-e634-401c-90d5-b1c700ac3dcd	[NV00154] DƯƠNG THẢO VI	DƯƠNG THẢO VI	DUONG THAO VI	\N	0932 077 697	\N	f	f	f	f	c6b4b453-d260-46d4-4fd9-08db24f7ae8e	NV00154	\N	f	t	male	Phụ tá	\N	\N	\N	\N	\N	\N	\N	\N	\N	\N	\N	\N	\N	\N	\N	\N	\N	2024-08-09 00:00:00	\N	\N	\N	\N	2024-08-09 17:27:06.708993	\N	ec24a7fb-2196-41f1-82f0-b5d0551cb59b	2024-08-09 17:27:06.708994	2026-04-15 08:29:41.727	f	f	\N	\N	\N	\N	contact	\N	\N	154	NV	\N	\N	\N	\N	\N	\N	\N	\N	\N	\N	f	\N	\N	\N	\N	\N	\N	\N	\N	\N	\N	\N	\N	\N	\N	\N	\N	\N	\N	\N	f	$2b$10$Jnecwx82LOyzuc1dyxIrtOGYXxxUpOTB.9Gx6VuW.G4YhLIBvCmiC	\N	\N	\N	f	t	f	2024-08-09 00:00:00	\N	\N	\N	\N	\N
8e0b64eb-4ad7-48b8-be97-b22300761cfc	[NV00207] Lê Nguyễn Thảo Nghi	Lê Nguyễn Thảo Nghi	Le Nguyen Thao Nghi	\N	0939517092	\N	f	f	f	f	6861c928-0e13-4664-c781-08dcdfa45074	NV00207	\N	t	t	male	Lễ tân	\N	\N	\N	\N	\N	\N	\N	\N	\N	\N	\N	\N	\N	\N	\N	\N	\N	2024-11-09 00:00:00	\N	\N	\N	\N	2024-11-09 14:10:02.225414	\N	ec24a7fb-2196-41f1-82f0-b5d0551cb59b	2024-11-09 14:10:02.225415	2026-04-15 08:58:47.605	f	f	\N	\N	\N	\N	contact	\N	\N	207	NV	\N	\N	\N	\N	\N	\N	\N	\N	\N	\N	f	\N	\N	\N	\N	\N	\N	\N	\N	\N	\N	\N	\N	\N	\N	\N	\N	\N	\N	\N	f	$2b$10$W2a3JbdnXd4HUedxWpekt.UIhtYagcI/RNvLVL292rX7OM5Q1.0Ti	\N	\N	\N	f	f	t	2024-11-09 00:00:00	\N	\N	\N	\N	\N
56bfaf2b-5267-4cf8-863b-b068003391dd	[NV00048] DungBTT Sale online	DungBTT Sale online	DungBTT Sale online	\N	0352819808	0352819808@gmail.com	f	f	f	f	cad65000-6ff3-47c7-cc8d-08dc4d479451	NV00048	\N	t	t	male	Nhân viên sale	\N	\N	\N	\N	\N	\N	\N	\N	\N	\N	\N	\N	\N	\N	\N	\N	\N	2023-08-24 00:00:00	\N	\N	\N	\N	2023-08-24 10:07:45.589667	\N	b19424da-e016-41c8-b992-17181969c924	2023-08-24 10:07:45.589669	2026-04-15 06:40:25.008	f	f	\N	\N	\N	\N	\N	\N	\N	\N	\N	\N	\N	\N	\N	\N	\N	\N	\N	\N	\N	f	\N	\N	\N	\N	\N	\N	\N	\N	\N	\N	\N	\N	\N	\N	\N	\N	\N	\N	\N	f	$2b$10$isKS1MZUOSGJJahLfwFnEu062UgDwg/AZ7KJJd/dW59VeQie43XCO	\N	\N	\N	f	f	f	2023-08-24 00:00:00	\N	\N	\N	\N	\N
20d163eb-4a3e-4fde-8d3b-f8cc16fde500	\N	Test Updated Employee	\N	\N	0999777888	playwright@test.vn	f	f	f	f	\N	\N	\N	f	t	\N	Bác sĩ	\N	\N	\N	\N	\N	\N	\N	\N	\N	\N	\N	\N	\N	\N	\N	\N	\N	\N	\N	\N	\N	\N	\N	\N	\N	2026-04-14 13:31:32.628	2026-04-15 06:54:45.925	f	f	\N	\N	\N	\N	\N	\N	\N	\N	\N	\N	\N	\N	\N	\N	\N	\N	\N	\N	\N	f	\N	\N	\N	\N	\N	\N	\N	\N	\N	\N	\N	\N	\N	\N	\N	\N	\N	\N	\N	f	$2b$10$A0xmmEzdP5co0zmhMst42OBvSnM1m1NF6QJtlOWpbMoYOzYS/8hG.	\N	\N	\N	t	f	f	2026-04-14 00:00:00	\N	\N	\N	\N	\N
3b4d1cdb-a4d8-43e0-9cdc-b145008c51e0	[NV00098] Bác sĩ (17)	Bác sĩ (17)	Bac si (17)	\N	\N	\N	f	f	f	f	765f6593-2b19-4d06-cc8c-08dc4d479451	NV00098	\N	f	t	male	Phụ tá	\N	\N	\N	\N	\N	\N	\N	\N	\N	\N	\N	\N	\N	\N	\N	\N	\N	2024-04-01 00:00:00	\N	\N	\N	\N	2024-04-01 15:30:53.332576	\N	a6720b68-3b2a-4d0d-80a9-c88cbad11c0a	2024-04-01 15:30:53.332578	2026-04-15 08:02:12.903	f	f	\N	\N	\N	\N	contact	\N	\N	\N	\N	\N	\N	\N	\N	\N	\N	\N	\N	\N	\N	f	\N	\N	\N	\N	\N	\N	\N	\N	\N	\N	\N	\N	\N	\N	\N	\N	\N	\N	\N	f	$2b$10$Y7OvsgiIZOM5iwq/TddFDO0O3EyFtY7AQrN/QAPbQzrhlgEIGaZmO	\N	\N	\N	f	t	f	2024-04-01 00:00:00	\N	\N	\N	\N	\N
a2ba818d-0a3f-4cee-b8e1-b14400fdc07d	[NV00095] TRẦN NGUYỄN ANH THƯ	TRẦN NGUYỄN ANH THƯ	TRAN NGUYEN ANH THU	\N	393974323	\N	f	f	f	f	765f6593-2b19-4d06-cc8c-08dc4d479451	NV00095	\N	t	t	male	Trợ lý bác sĩ	\N	\N	\N	\N	\N	\N	\N	\N	\N	\N	\N	\N	\N	\N	\N	\N	\N	2024-03-31 00:00:00	\N	\N	\N	\N	2024-03-31 22:23:52.947381	\N	a6720b68-3b2a-4d0d-80a9-c88cbad11c0a	2024-03-31 22:23:52.947385	2026-04-15 08:13:08.148	f	f	\N	\N	\N	\N	contact	\N	\N	\N	\N	\N	\N	\N	\N	\N	\N	\N	\N	\N	\N	f	\N	\N	\N	\N	\N	\N	\N	\N	\N	\N	\N	\N	\N	\N	\N	\N	\N	\N	\N	f	$2b$10$aGk81447Z6FdDvlxwS/tk.uoyvrBVQu4YbjfhQ0APSRAG6HDY8bqG	\N	\N	\N	f	t	f	2024-03-31 00:00:00	\N	\N	\N	\N	\N
8bcf48e4-1bd4-4673-93b3-afe3007a0c4a	[NV00009] LT Thúy Vi	LT Thúy Vi	LT Thuy Vi	\N	0762995636	pnthuyvi.1199@gmail.com	f	f	f	f	c6b4b453-d260-46d4-4fd9-08db24f7ae8e	NV00009	\N	t	t	male	Lễ tân	\N	\N	\N	\N	\N	\N	\N	\N	\N	\N	\N	\N	\N	\N	\N	\N	\N	2023-04-13 00:00:00	\N	\N	\N	\N	2023-04-13 14:24:21.792003	\N	b19424da-e016-41c8-b992-17181969c924	2023-04-13 14:24:21.792004	2026-04-15 08:36:28.517	f	f	\N	\N	\N	\N	\N	\N	\N	\N	\N	\N	\N	\N	\N	\N	\N	\N	\N	\N	\N	f	\N	\N	\N	\N	\N	\N	\N	\N	\N	\N	\N	\N	\N	\N	\N	\N	\N	\N	\N	f	\N	\N	\N	\N	f	f	t	2023-04-13 00:00:00	\N	\N	\N	\N	\N
ac201ca5-4c6f-4631-9b87-b35c009f6689	[NV00323] NGUYỄN THỊ HOÀNG LAN	NGUYỄN THỊ HOÀNG LAN	NGUYEN THI HOANG LAN	\N	\N	\N	f	f	f	f	6861c928-0e13-4664-c781-08dcdfa45074	NV00323	\N	t	t	male	Trợ lý bác sĩ	\N	\N	\N	\N	\N	\N	\N	\N	\N	\N	\N	\N	\N	\N	\N	\N	\N	2025-09-18 00:00:00	\N	\N	\N	\N	2025-09-18 16:40:21.574058	\N	ce95ac2b-fe0b-487f-ab41-dea336f3ac22	2025-09-18 16:40:21.574059	2026-04-15 08:59:18.466	f	f	\N	\N	\N	\N	contact	\N	\N	323	NV	\N	\N	\N	\N	none	\N	\N	\N	\N	\N	f	\N	\N	\N	\N	\N	\N	\N	\N	\N	\N	\N	\N	\N	\N	\N	\N	\N	\N	\N	f	$2b$10$iyK4BWR235DK2S7AXKR/tuv76sqG1QJkLdE5hu3iySqXYdHoXwkwC	\N	\N	\N	f	t	f	2025-09-18 00:00:00	\N	\N	\N	\N	\N
6ddb281f-9390-4fa9-a174-b1a1004a92cb	[NV00146] Đỗ Hoàng Nguyệt Thu	Đỗ Hoàng Nguyệt Thu	Do Hoang Nguyet Thu	\N	0967817892	0967817892@gmail.com	f	f	f	f	cad65000-6ff3-47c7-cc8d-08dc4d479451	NV00146	\N	t	t	male	Quản lý cơ sở	\N	\N	\N	\N	\N	\N	\N	\N	\N	\N	\N	\N	\N	\N	\N	\N	\N	2024-07-02 00:00:00	\N	\N	\N	\N	2024-07-02 11:31:30.810892	\N	b19424da-e016-41c8-b992-17181969c924	2024-07-02 11:31:30.810896	2026-04-15 06:45:37.875	f	f	\N	\N	\N	\N	contact	\N	\N	146	NV	\N	\N	\N	\N	\N	\N	\N	\N	\N	\N	f	\N	\N	\N	\N	\N	\N	\N	\N	\N	\N	\N	\N	\N	\N	\N	\N	\N	\N	\N	f	$2b$10$VuKPoLZmGu.WFXW620lW3.HLCrcHPZcwTCP30e/HLtgqK9n3ZVO76	\N	\N	\N	f	f	f	2024-07-02 00:00:00	\N	\N	\N	\N	\N
f103fdd8-c095-41c1-8461-b1930033aa4f	[NV00139] BS (11)	BS (11)	BS (11)	\N	\N	\N	f	f	f	f	765f6593-2b19-4d06-cc8c-08dc4d479451	NV00139	\N	t	t	male	Bác sĩ	\N	\N	\N	\N	\N	\N	\N	\N	\N	\N	\N	\N	\N	\N	\N	\N	\N	2024-06-18 00:00:00	\N	\N	\N	\N	2024-06-18 10:08:06.450068	\N	a6720b68-3b2a-4d0d-80a9-c88cbad11c0a	2024-06-18 10:08:06.45007	2026-04-15 06:59:27.421	f	f	\N	\N	\N	\N	contact	\N	\N	139	NV	\N	\N	\N	\N	\N	\N	\N	\N	\N	\N	f	\N	\N	\N	\N	\N	\N	\N	\N	\N	\N	\N	\N	\N	\N	\N	\N	\N	\N	\N	f	$2b$10$jSVEM3gMLOInn.oP2KHlqeSvXNIkKfwE7x3gHS6LJqOMNrsbEiDI.	\N	\N	\N	t	f	f	2024-06-18 00:00:00	\N	\N	\N	\N	\N
686de823-f167-4fe3-8ffc-b266004978fa	[NV00213] Bác sĩ Tuất	Bác sĩ Tuất	Bac si Tuat	\N	\N	\N	f	f	f	f	cad65000-6ff3-47c7-cc8d-08dc4d479451	NV00213	\N	f	t	male	Phụ tá	\N	\N	\N	\N	\N	\N	\N	\N	\N	\N	\N	\N	\N	\N	\N	\N	\N	2025-01-15 00:00:00	\N	\N	\N	\N	2025-01-15 11:27:30.327533	\N	34faeb06-ee46-4277-bb29-544c49a99771	2025-01-15 11:27:30.327534	2026-04-15 08:05:37.455	f	f	\N	\N	\N	\N	contact	\N	\N	213	NV	\N	\N	\N	\N	none	\N	\N	\N	\N	\N	f	\N	\N	\N	\N	\N	\N	\N	\N	\N	\N	\N	\N	\N	\N	\N	\N	\N	\N	\N	f	$2b$10$.KiMM6pIkLXOd38oEDHXYOYzik.3NLsNETFKp8OGbHKqUl33zrMmS	\N	\N	\N	f	t	f	2025-01-15 00:00:00	\N	\N	\N	\N	\N
39787d81-b610-46ce-a682-b3e5004c3e8b	[NV00380] Thúy Vy 	Thúy Vy	Thuy Vy 	\N	\N	\N	f	f	f	f	765f6593-2b19-4d06-cc8c-08dc4d479451	NV00380	\N	t	t	male	Lễ tân	\N	\N	\N	\N	\N	\N	\N	\N	\N	\N	\N	\N	\N	\N	\N	\N	\N	2026-02-02 00:00:00	\N	\N	\N	\N	2026-02-02 11:37:35.823349	\N	e63cd38e-7871-48ca-ad23-507e93fd6b81	2026-02-02 11:37:35.823351	2026-04-15 08:13:27.488	f	f	\N	\N	\N	\N	contact	\N	\N	380	NV	\N	\N	\N	\N	none	\N	\N	\N	\N	\N	f	\N	\N	\N	\N	\N	\N	\N	\N	\N	\N	\N	\N	\N	\N	\N	\N	\N	\N	\N	f	$2b$10$P8j9v4/hs34j4otbYNHrO.RU16X.czdYkaZyUeFdv/nm6f93NtSoK	\N	\N	\N	f	f	t	2026-02-02 00:00:00	\N	\N	\N	\N	\N
a73423de-c18f-4c26-8068-b0590075b19f	[NV00026] TRỊNH THỊ THẠCH HUỲNH 	TRỊNH THỊ THẠCH HUỲNH	TRINH THI THACH HUYNH 	\N	0964856101	trinhquynh2220@gmail.com	f	f	f	f	c6b4b453-d260-46d4-4fd9-08db24f7ae8e	NV00026	\N	t	t	male	CSKH	\N	\N	\N	\N	\N	\N	\N	\N	\N	\N	\N	\N	\N	\N	\N	\N	\N	2023-08-09 00:00:00	\N	\N	\N	\N	2023-08-09 14:08:30.607658	\N	b19424da-e016-41c8-b992-17181969c924	2023-08-09 14:08:30.607659	2026-04-15 08:47:03.425	f	f	\N	\N	\N	\N	\N	\N	\N	\N	\N	\N	\N	\N	\N	\N	\N	\N	\N	\N	\N	f	\N	\N	\N	\N	\N	\N	\N	\N	\N	\N	\N	\N	\N	\N	\N	\N	\N	\N	\N	f	\N	\N	\N	\N	f	f	f	2023-08-09 00:00:00	\N	\N	\N	\N	\N
e4600cb6-093f-46e3-92c4-b2400078731d	[NV00209] CSKH - Duyên	CSKH - Duyên	CSKH - Duyen	\N	0335352610	\N	f	f	f	f	b178d5ee-d9ac-477e-088e-08db9a4c4cf4	NV00209	\N	t	t	male	CSKH	\N	\N	\N	\N	\N	\N	\N	\N	\N	\N	\N	\N	\N	\N	\N	\N	\N	2024-12-08 00:00:00	\N	\N	\N	\N	2024-12-08 14:18:32.628951	\N	f29efbec-1c3f-42d7-82ae-4b3efffec2e3	2024-12-08 14:18:32.628956	2026-04-15 09:06:36.225	f	f	\N	\N	\N	\N	contact	\N	\N	209	NV	\N	\N	\N	\N	\N	\N	\N	\N	\N	\N	f	\N	\N	\N	\N	\N	\N	\N	\N	\N	\N	\N	\N	\N	\N	\N	\N	\N	\N	\N	f	$2b$10$bJZYRe8t4fYblUJSdGdzAusgmbWLTOUrJMs6UMy210i7/Y.Kb35.y	\N	\N	\N	f	f	f	2024-12-08 00:00:00	\N	\N	\N	\N	\N
be3eeced-2f64-4e96-b657-afe3007a8018	[NV00011]  BÁC SĨ 12	BÁC SĨ 12	 BAC SI 12	\N	0906917476	Dr.tinhnguyen108@gmail.com	f	f	f	f	c6b4b453-d260-46d4-4fd9-08db24f7ae8e	NV00011	\N	t	t	male	Bác sĩ	\N	\N	\N	\N	\N	\N	\N	\N	\N	\N	\N	\N	\N	\N	\N	\N	\N	2023-04-13 00:00:00	\N	\N	\N	\N	2023-04-13 14:26:00.613031	\N	ec24a7fb-2196-41f1-82f0-b5d0551cb59b	2023-04-13 14:26:00.613032	2026-04-15 06:48:01.509	f	f	\N	\N	\N	\N	\N	\N	\N	\N	\N	\N	\N	\N	\N	\N	\N	\N	\N	\N	\N	f	\N	\N	\N	\N	\N	\N	\N	\N	\N	\N	\N	\N	\N	\N	\N	\N	\N	\N	\N	f	\N	\N	\N	\N	t	f	f	2023-04-13 00:00:00	\N	\N	\N	\N	\N
c26e85f6-ce5f-496d-8712-b159007f9be1	[NV00115] Bác sĩ (16)	Bác sĩ (16)	Bac si (16)	\N	\N	\N	f	f	f	f	765f6593-2b19-4d06-cc8c-08dc4d479451	NV00115	\N	f	t	male	Phụ tá	\N	\N	\N	\N	\N	\N	\N	\N	\N	\N	\N	\N	\N	\N	\N	\N	\N	2024-04-21 00:00:00	\N	\N	\N	\N	2024-04-21 14:44:36.590234	\N	a6720b68-3b2a-4d0d-80a9-c88cbad11c0a	2024-04-21 14:44:36.590235	2026-04-15 07:00:15.828	f	f	\N	\N	\N	\N	contact	\N	\N	\N	\N	\N	\N	\N	\N	\N	\N	\N	\N	\N	\N	f	\N	\N	\N	\N	\N	\N	\N	\N	\N	\N	\N	\N	\N	\N	\N	\N	\N	\N	\N	f	$2b$10$05GsyA/YuvU60u0hqT15AuSDWGWXwMGJQwftazRo9g9R/A6L87SQG	\N	\N	\N	f	t	f	2024-04-21 00:00:00	\N	\N	\N	\N	\N
304986b8-846e-462d-b5cb-b3ce00717071	[NV00373] HieuVM	HieuVM	HieuVM	\N	\N	\N	f	f	f	f	cad65000-6ff3-47c7-cc8d-08dc4d479451	NV00373	\N	t	t	male	Quản lý cơ sở	\N	\N	\N	\N	\N	\N	\N	\N	\N	\N	\N	\N	\N	\N	\N	\N	\N	2026-01-10 00:00:00	\N	\N	\N	\N	2026-01-10 13:53:01.177219	\N	\N	2026-01-10 13:53:01.177265	2026-04-15 08:05:53.734	f	f	\N	\N	\N	\N	contact	\N	\N	373	NV	\N	\N	\N	\N	none	\N	\N	\N	\N	\N	f	\N	\N	\N	\N	\N	\N	\N	\N	\N	\N	\N	\N	\N	\N	\N	\N	\N	\N	\N	f	$2b$10$u1G4YeJQ1C.qs1xFsgrQte5f9GpidzRXbkcuhwQpjEKXBuaBhEE..	\N	\N	\N	f	f	f	2026-01-10 00:00:00	\N	\N	\N	\N	\N
607c1ead-a559-4cfd-a364-b14400fbb6a2	\N	ĐINH NGUYỄN CẨM LY	ĐINH NGUYỄN CẨM LY	\N	966739795	\N	f	f	f	f	765f6593-2b19-4d06-cc8c-08dc4d479451	\N	\N	t	t	\N	Lễ tân	\N	\N	\N	\N	\N	\N	\N	\N	\N	\N	\N	\N	\N	\N	\N	\N	\N	\N	\N	\N	\N	\N	\N	\N	\N	\N	2026-04-15 08:14:32.705	f	f	\N	\N	\N	\N	\N	\N	\N	\N	\N	\N	\N	\N	\N	\N	\N	\N	\N	\N	\N	f	\N	\N	\N	\N	\N	\N	\N	\N	\N	\N	\N	\N	\N	\N	\N	\N	\N	\N	\N	f	$2b$10$MKj/R2ato7/PWe7iEWCFd.uIpiR0y/yYOf0Zh77Loxk0.fBbnjKzC	\N	\N	\N	f	f	t	2024-03-19 00:00:00	0.00	\N	\N	\N	\N
7769523f-d1ef-4d70-8e44-b189009a0c15	[NV00138] TVV Hồng Ngọc	TVV Hồng Ngọc	TVV Hong Ngoc	\N	0941668317	\N	f	f	f	f	c6b4b453-d260-46d4-4fd9-08db24f7ae8e	NV00138	\N	f	t	male	Trợ lý bác sĩ	\N	\N	\N	\N	\N	\N	\N	\N	\N	\N	\N	\N	\N	\N	\N	\N	\N	2024-06-08 00:00:00	\N	\N	\N	\N	2024-06-08 16:20:52.121586	\N	ec24a7fb-2196-41f1-82f0-b5d0551cb59b	2024-06-08 16:20:52.121587	2026-04-15 08:47:26.435	f	f	\N	\N	\N	\N	contact	\N	\N	138	NV	\N	\N	\N	\N	\N	\N	\N	\N	\N	\N	f	\N	\N	\N	\N	\N	\N	\N	\N	\N	\N	\N	\N	\N	\N	\N	\N	\N	\N	\N	f	$2b$10$opVY/VCtUyK0w61YBMViKuia5Q.eFx1GsDBMkvSUqwm3ME.mS6rKm	\N	\N	\N	f	t	f	2024-06-08 00:00:00	\N	\N	\N	\N	\N
541f8847-8938-4b9e-bbc6-3f9ded1b0b19	\N	Cao Thị Bảo Quyên	\N	\N	\N	\N	f	f	f	f	b178d5ee-d9ac-477e-088e-08db9a4c4cf4	\N	\N	t	t	\N	Trợ lý bác sĩ	\N	\N	\N	\N	\N	\N	\N	\N	\N	\N	\N	\N	\N	\N	\N	\N	\N	\N	\N	\N	\N	\N	\N	\N	\N	2026-04-15 09:09:54.145	2026-04-15 09:09:54.145	f	f	\N	\N	\N	\N	\N	\N	\N	\N	\N	\N	\N	\N	\N	\N	\N	\N	\N	\N	\N	f	\N	\N	\N	\N	\N	\N	\N	\N	\N	\N	\N	\N	\N	\N	\N	\N	\N	\N	\N	f	$2b$10$/nJ5qc1hj5FKqpEZ/AeIze2WWK.7emdOv6ysRw3NNRBW1OiIR8rXq	\N	\N	\N	f	t	f	\N	\N	\N	\N	\N	\N
9e9ccbfb-104e-4479-855f-b31300777d41	[NV00307] BS (31)	BS (31)	BS (31)	\N	\N	\N	f	f	f	f	765f6593-2b19-4d06-cc8c-08dc4d479451	NV00307	\N	t	t	male	Bác sĩ	\N	\N	\N	\N	\N	\N	\N	\N	\N	\N	\N	\N	\N	\N	\N	\N	\N	2025-07-07 00:00:00	\N	\N	\N	\N	2025-07-07 14:15:02.827857	\N	a6720b68-3b2a-4d0d-80a9-c88cbad11c0a	2025-07-07 14:15:02.827859	2026-04-15 07:01:00.893	f	f	\N	\N	\N	\N	contact	\N	\N	307	NV	\N	\N	\N	\N	none	\N	\N	\N	\N	\N	f	\N	\N	\N	\N	\N	\N	\N	\N	\N	\N	\N	\N	\N	\N	\N	\N	\N	\N	\N	f	$2b$10$Mz7OhyzhDIIoNPiKFjdZzu2osi.eBpFaKeWmtZZIbPsQRCPx7QKZC	\N	\N	\N	t	f	f	2025-07-07 00:00:00	\N	\N	\N	\N	\N
f5998edc-dd70-46bb-8db8-b15b008c1a1b	[NV00117] Lễ Tân Tầng 1	Lễ Tân Tầng 1	Le Tan Tang 1	\N	\N	\N	f	f	f	f	cad65000-6ff3-47c7-cc8d-08dc4d479451	NV00117	\N	t	t	male	Lễ tân	\N	\N	\N	\N	\N	\N	\N	\N	\N	\N	\N	\N	\N	\N	\N	\N	\N	2024-04-23 00:00:00	\N	\N	\N	\N	2024-04-23 15:30:05.74258	\N	b19424da-e016-41c8-b992-17181969c924	2024-04-23 15:30:05.742581	2026-04-15 08:07:01.045	f	f	\N	\N	\N	\N	contact	\N	\N	\N	\N	\N	\N	\N	\N	\N	\N	\N	\N	\N	\N	f	\N	\N	\N	\N	\N	\N	\N	\N	\N	\N	\N	\N	\N	\N	\N	\N	\N	\N	\N	f	$2b$10$PmYLdamAdZ9Ck3JXVORdU.DFPbXi58R4463SGa.Xs97AgOlrF88Wi	\N	\N	\N	f	f	t	2024-04-23 00:00:00	\N	\N	\N	\N	\N
0d45238d-db24-49e8-8577-b2d20072b115	[NV00271] Nguyễn Bùi Mỹ Ngọc	Nguyễn Bùi Mỹ Ngọc	Nguyen Bui My Ngoc	\N	\N	\N	f	f	f	f	f0f6361e-b99d-4ac7-4108-08dd8159c64a	NV00271	\N	t	t	male	Lễ tân	\N	\N	\N	\N	\N	\N	\N	\N	\N	\N	\N	\N	\N	\N	\N	\N	\N	2025-05-03 00:00:00	\N	\N	\N	\N	2025-05-03 13:57:34.788183	\N	d67346f6-837e-499d-8e8f-0eea533fcd4c	2025-05-03 13:57:34.788184	2026-04-15 08:17:15.29	f	f	\N	\N	\N	\N	contact	\N	\N	271	NV	\N	\N	\N	\N	none	\N	\N	\N	\N	\N	f	\N	\N	\N	\N	\N	\N	\N	\N	\N	\N	\N	\N	\N	\N	\N	\N	\N	\N	\N	f	$2b$10$c1NjTix5z0EyiRp051CN.uVna9A4se/SYlxYYOPMLFhTIYSEmKRGO	\N	\N	\N	f	f	t	2025-05-03 00:00:00	\N	\N	\N	\N	\N
94788923-87c0-40ca-bccc-b077007c85a2	[NV00056] Trần Phan Thị Thủy Tiên	Trần Phan Thị Thủy Tiên	Tran Phan Thi Thuy Tien	\N	0703191719	fairy1405.tran@gmail.com	f	f	f	f	c6b4b453-d260-46d4-4fd9-08db24f7ae8e	NV00056	\N	f	t	male	Quản lý cơ sở	\N	\N	\N	\N	\N	\N	\N	\N	\N	\N	\N	\N	\N	\N	\N	\N	\N	2023-09-08 00:00:00	\N	\N	\N	\N	2023-09-08 14:33:22.245419	\N	b19424da-e016-41c8-b992-17181969c924	2023-09-08 14:33:22.24542	2026-04-15 08:49:38.649	f	f	\N	\N	\N	\N	contact	\N	\N	\N	\N	\N	\N	\N	\N	\N	\N	\N	\N	\N	\N	f	\N	\N	\N	\N	\N	\N	\N	\N	\N	\N	\N	\N	\N	\N	\N	\N	\N	\N	\N	f	\N	\N	\N	\N	f	f	f	2023-09-08 00:00:00	\N	\N	\N	\N	\N
4ae6033c-4d7d-4113-b45e-b07200a058a2	[NV00053] BÁC SĨ 06	BÁC SĨ 06	BAC SI 06	\N	0386776672	\N	f	f	f	f	c6b4b453-d260-46d4-4fd9-08db24f7ae8e	NV00053	\N	f	t	male	Bác sĩ	\N	\N	\N	\N	\N	\N	\N	\N	\N	\N	\N	\N	\N	\N	\N	\N	\N	2023-09-03 00:00:00	\N	\N	\N	\N	2023-09-03 16:43:48.165261	\N	ec24a7fb-2196-41f1-82f0-b5d0551cb59b	2023-09-03 16:43:48.165262	2026-04-15 08:53:08.833	f	f	\N	\N	\N	\N	contact	\N	\N	\N	\N	\N	\N	\N	\N	\N	\N	\N	\N	\N	\N	f	\N	\N	\N	\N	\N	\N	\N	\N	\N	\N	\N	\N	\N	\N	\N	\N	\N	\N	\N	f	$2b$10$V85kuqkXE9BqfpXAm.5w/uTiDk6wV5nQWMtdCJYsyZuR6piAM9U7.	\N	\N	\N	t	f	f	2023-09-03 00:00:00	\N	\N	\N	\N	\N
326c19a6-f388-47c5-b6cd-638fccf920a8	\N	Lê Thị Thu Thảo	\N	\N	\N	\N	f	f	f	f	b178d5ee-d9ac-477e-088e-08db9a4c4cf4	\N	\N	t	t	\N	Trợ lý bác sĩ	\N	\N	\N	\N	\N	\N	\N	\N	\N	\N	\N	\N	\N	\N	\N	\N	\N	\N	\N	\N	\N	\N	\N	\N	\N	2026-04-15 09:10:14.943	2026-04-15 09:10:14.943	f	f	\N	\N	\N	\N	\N	\N	\N	\N	\N	\N	\N	\N	\N	\N	\N	\N	\N	\N	\N	f	\N	\N	\N	\N	\N	\N	\N	\N	\N	\N	\N	\N	\N	\N	\N	\N	\N	\N	\N	f	$2b$10$CbMQMEoetX/CMsKxXTm4DuQz6Dki3yDt4g6BUueDqsavvPsVAvOEW	\N	\N	\N	f	t	f	\N	\N	\N	\N	\N	\N
5ca17e8f-9845-4f16-b73d-b1ef009a1a93	[NV00167] BÁC SĨ 22	BÁC SĨ 22	BAC SI 22	\N	\N	\N	f	f	f	f	c6b4b453-d260-46d4-4fd9-08db24f7ae8e	NV00167	\N	t	t	male	Bác sĩ	\N	\N	\N	\N	\N	\N	\N	\N	\N	\N	\N	\N	\N	\N	\N	\N	\N	2024-09-18 00:00:00	\N	\N	\N	\N	2024-09-18 16:21:04.489335	\N	ec24a7fb-2196-41f1-82f0-b5d0551cb59b	2024-09-18 16:21:04.489336	2026-04-15 06:49:46.111	f	f	\N	\N	\N	\N	contact	\N	\N	167	NV	\N	\N	\N	\N	\N	\N	\N	\N	\N	\N	f	\N	\N	\N	\N	\N	\N	\N	\N	\N	\N	\N	\N	\N	\N	\N	\N	\N	\N	\N	f	$2b$10$6K/5jiwjXQnV7MS8Kx/ODecVZbt8NFZReSgkk3kPpXjUCAXFuJRTW	\N	\N	\N	t	f	f	2024-09-18 00:00:00	\N	\N	\N	\N	\N
564dce18-807f-4aaf-9676-b33e0066345e	[NV00320] Bác sĩ 32	Bác sĩ 32	Bac si 32	\N	\N	\N	f	f	f	f	b178d5ee-d9ac-477e-088e-08db9a4c4cf4	NV00320	\N	t	t	male	Bác sĩ	\N	\N	\N	\N	\N	\N	\N	\N	\N	\N	\N	\N	\N	\N	\N	\N	\N	2025-08-19 00:00:00	\N	\N	\N	\N	2025-08-19 13:12:06.925788	\N	\N	2025-08-19 13:12:06.92579	2026-04-15 07:57:58.984	f	f	\N	\N	\N	\N	contact	\N	\N	320	NV	\N	\N	\N	\N	none	\N	\N	\N	\N	\N	f	\N	\N	\N	\N	\N	\N	\N	\N	\N	\N	\N	\N	\N	\N	\N	\N	\N	\N	\N	f	$2b$10$obKbGNXKSQrKDfx.CAJ6JuwETv.2BjgjEsWGezvq/kWdVvjVvr6Za	\N	\N	\N	t	f	f	2025-08-19 00:00:00	\N	\N	\N	\N	\N
792e067c-b460-4d63-a3be-b37d009b9522	[NV00346] Nguyễn Thuỳ Dương	Nguyễn Thuỳ Dương	Nguyen Thuy Duong	\N	\N	\N	f	f	f	f	cad65000-6ff3-47c7-cc8d-08dc4d479451	NV00346	\N	t	t	male	Lễ tân	\N	\N	\N	\N	\N	\N	\N	\N	\N	\N	\N	\N	\N	\N	\N	\N	\N	2025-10-21 00:00:00	\N	\N	\N	\N	2025-10-21 16:26:27.52601	\N	b19424da-e016-41c8-b992-17181969c924	2025-10-21 16:26:27.526012	2026-04-15 08:07:19.148	f	f	\N	\N	\N	\N	contact	\N	\N	346	NV	\N	\N	\N	\N	none	\N	\N	\N	\N	\N	f	\N	\N	\N	\N	\N	\N	\N	\N	\N	\N	\N	\N	\N	\N	\N	\N	\N	\N	\N	f	$2b$10$e65Pbkn2kbBTIV.yK7VzMOaSJxTg67sKTwpI9PRY0fgtwTcVcW4gy	\N	\N	\N	f	f	t	2025-10-21 00:00:00	\N	\N	\N	\N	\N
f5afab4b-587c-4cfe-aae5-b2d2002c1a39	[NV00267] Nguyễn Huỳnh Như Thủy	Nguyễn Huỳnh Như Thủy	Nguyen Huynh Nhu Thuy	\N	\N	\N	f	f	f	f	f0f6361e-b99d-4ac7-4108-08dd8159c64a	NV00267	\N	f	t	male	Trợ lý bác sĩ	\N	\N	\N	\N	\N	\N	\N	\N	\N	\N	\N	\N	\N	\N	\N	\N	\N	2025-05-03 00:00:00	\N	\N	\N	\N	2025-05-03 09:40:34.32563	\N	d67346f6-837e-499d-8e8f-0eea533fcd4c	2025-05-03 09:40:34.325632	2026-04-15 08:21:41.696	f	f	\N	\N	\N	\N	contact	\N	\N	267	NV	\N	\N	\N	\N	none	\N	\N	\N	\N	\N	f	\N	\N	\N	\N	\N	\N	\N	\N	\N	\N	\N	\N	\N	\N	\N	\N	\N	\N	\N	f	$2b$10$pCrxIbtRUZqNPtq8yEdv2.Kd1H1f2XPE.rRFh3quKCk4G8iVmaEo6	\N	\N	\N	f	t	f	2025-05-03 00:00:00	\N	\N	\N	\N	\N
84c77a4b-0def-4d97-9423-b20f00b6d07c	[NV00192] Tuyết Nhung TVV	Tuyết Nhung TVV	Tuyet Nhung TVV	\N	0938191206	\N	f	f	f	f	c6b4b453-d260-46d4-4fd9-08db24f7ae8e	NV00192	\N	f	t	male	Trợ lý bác sĩ	\N	\N	\N	\N	\N	\N	\N	\N	\N	\N	\N	\N	\N	\N	\N	\N	\N	2024-10-20 00:00:00	\N	\N	\N	\N	2024-10-20 18:05:36.409547	\N	ec24a7fb-2196-41f1-82f0-b5d0551cb59b	2024-10-20 18:05:36.409548	2026-04-15 08:50:38.951	f	f	\N	\N	\N	\N	contact	\N	\N	192	NV	\N	\N	\N	\N	\N	\N	\N	\N	\N	\N	f	\N	\N	\N	\N	\N	\N	\N	\N	\N	\N	\N	\N	\N	\N	\N	\N	\N	\N	\N	f	$2b$10$vrw32WJgShIy2dDZuPAOOOSw3K/gUJQ3WSluNLxMbKKMjJ1KgADHi	\N	\N	\N	f	t	f	2024-10-20 00:00:00	\N	\N	\N	\N	\N
048262e0-1e96-4a61-a02e-5b6b9c485e45	\N	Trần Quỳnh Nga	\N	\N	\N	\N	f	f	f	f	b178d5ee-d9ac-477e-088e-08db9a4c4cf4	\N	\N	t	t	\N	Trợ lý bác sĩ	\N	\N	\N	\N	\N	\N	\N	\N	\N	\N	\N	\N	\N	\N	\N	\N	\N	\N	\N	\N	\N	\N	\N	\N	\N	2026-04-15 09:10:33.123	2026-04-15 09:10:33.123	f	f	\N	\N	\N	\N	\N	\N	\N	\N	\N	\N	\N	\N	\N	\N	\N	\N	\N	\N	\N	f	\N	\N	\N	\N	\N	\N	\N	\N	\N	\N	\N	\N	\N	\N	\N	\N	\N	\N	\N	f	$2b$10$lfr91CsKc3xp.TmGggYYae12Y2C9ImmPWfhAeuMsLv5IY2Ii3rG0u	\N	\N	\N	f	t	f	\N	\N	\N	\N	\N	\N
a6b92abf-ae0c-4da9-9517-b20100c12b48	[NV00183] BÁC SĨ 23	BÁC SĨ 23	BAC SI 23	\N	\N	\N	f	f	f	f	c6b4b453-d260-46d4-4fd9-08db24f7ae8e	NV00183	\N	t	t	male	Bác sĩ	\N	\N	\N	\N	\N	\N	\N	\N	\N	\N	\N	\N	\N	\N	\N	\N	\N	2024-10-06 00:00:00	\N	\N	\N	\N	2024-10-06 18:43:18.425237	\N	ec24a7fb-2196-41f1-82f0-b5d0551cb59b	2024-10-06 18:43:18.425239	2026-04-15 06:50:01.776	f	f	\N	\N	\N	\N	contact	\N	\N	183	NV	\N	\N	\N	\N	\N	\N	\N	\N	\N	\N	f	\N	\N	\N	\N	\N	\N	\N	\N	\N	\N	\N	\N	\N	\N	\N	\N	\N	\N	\N	f	$2b$10$rdWwsBzrFi.WKLOtdHfXV.tQg.M9J0LEReQX7vll/Y5q2A8cFfO5O	\N	\N	\N	t	f	f	2024-10-06 00:00:00	\N	\N	\N	\N	\N
3343a111-f699-4a14-8721-96864f32989c	\N	Bác sĩ 08	\N	\N	\N	\N	f	f	f	f	b178d5ee-d9ac-477e-088e-08db9a4c4cf4	\N	\N	t	t	\N	Bác sĩ	\N	\N	\N	\N	\N	\N	\N	\N	\N	\N	\N	\N	\N	\N	\N	\N	\N	\N	\N	\N	\N	\N	\N	\N	\N	2026-04-15 07:59:14.065	2026-04-15 07:59:14.065	f	f	\N	\N	\N	\N	\N	\N	\N	\N	\N	\N	\N	\N	\N	\N	\N	\N	\N	\N	\N	f	\N	\N	\N	\N	\N	\N	\N	\N	\N	\N	\N	\N	\N	\N	\N	\N	\N	\N	\N	f	$2b$10$XjSINpIzSCE3htLLRVtryOrlPP8iy8dkg94R7sEz6pcSbC7lHBICy	\N	\N	\N	t	f	f	2024-06-06 00:00:00	\N	\N	\N	\N	\N
699c6f43-81e1-4498-a4bd-b34d008d9232	[NV00321] Nguyễn Tấn Đình Lâm	Nguyễn Tấn Đình Lâm	Nguyen Tan Dinh Lam	\N	\N	\N	f	f	f	f	765f6593-2b19-4d06-cc8c-08dc4d479451	NV00321	\N	f	t	male	Phụ tá	\N	\N	\N	\N	\N	\N	\N	\N	\N	\N	\N	\N	\N	\N	\N	\N	\N	2025-09-03 00:00:00	\N	\N	\N	\N	2025-09-03 15:35:26.670504	\N	\N	2025-09-03 15:35:26.670505	2026-04-15 08:11:33.144	f	f	\N	\N	\N	\N	contact	\N	\N	321	NV	\N	\N	\N	\N	none	\N	\N	\N	\N	\N	f	\N	\N	\N	\N	\N	\N	\N	\N	\N	\N	\N	\N	\N	\N	\N	\N	\N	\N	\N	f	$2b$10$RU5Hp8r.gEL1HMMO3Ztks.Od0dgHkHPHK.xI6iNCZO8pIiq3bqzEK	\N	\N	\N	f	t	f	2025-09-03 00:00:00	\N	\N	\N	\N	\N
c9d15304-6931-46fe-8839-b32e00c65b60	\N	Trịnh Thị Ngọc Uyên	Trịnh Thị Ngọc Uyên	\N	\N	\N	f	f	f	f	f0f6361e-b99d-4ac7-4108-08dd8159c64a	\N	\N	t	t	\N	Trợ lý bác sĩ	\N	\N	\N	\N	\N	\N	\N	\N	\N	\N	\N	\N	\N	\N	\N	\N	\N	\N	\N	\N	\N	\N	\N	\N	\N	\N	2026-04-15 08:22:50.917	f	f	\N	\N	\N	\N	\N	\N	\N	\N	\N	\N	\N	\N	\N	\N	\N	\N	\N	\N	\N	f	\N	\N	\N	\N	\N	\N	\N	\N	\N	\N	\N	\N	\N	\N	\N	\N	\N	\N	\N	f	$2b$10$r/gGIv3q1WlpWtU8kDE1uOxDFCCLPaXEhLZIKfv63W5O4jFLdBSqG	\N	\N	\N	f	t	f	\N	0.00	\N	\N	\N	\N
d15819d2-c77e-4c80-b43f-b24100875204	[NV00210] cskh Huỳnh	cskh Huỳnh	cskh Huynh	\N	\N	\N	f	f	f	f	c6b4b453-d260-46d4-4fd9-08db24f7ae8e	NV00210	\N	t	t	male	CSKH	\N	\N	\N	\N	\N	\N	\N	\N	\N	\N	\N	\N	\N	\N	\N	\N	\N	2024-12-09 00:00:00	\N	\N	\N	\N	2024-12-09 15:12:41.185474	\N	ec24a7fb-2196-41f1-82f0-b5d0551cb59b	2024-12-09 15:12:41.185475	2026-04-15 08:51:35.739	f	f	\N	\N	\N	\N	contact	\N	\N	210	NV	\N	\N	\N	\N	\N	\N	\N	\N	\N	\N	f	\N	\N	\N	\N	\N	\N	\N	\N	\N	\N	\N	\N	\N	\N	\N	\N	\N	\N	\N	f	$2b$10$ZkXNo/Fy.OV9okhLN/OnbO0AHYnaG9NStpHjnf1PJbD9bY8/9X4ze	\N	\N	\N	f	f	f	2024-12-09 00:00:00	\N	\N	\N	\N	\N
b85edd1f-25fd-4aa7-831e-b2f300adb811	[NV00292] Lễ Tân Thủ Đức	Lễ Tân Thủ Đức	Le Tan Thu Duc	\N	0901453439	0901453439@gmail.com	f	f	f	f	b178d5ee-d9ac-477e-088e-08db9a4c4cf4	NV00292	\N	t	t	male	Lễ tân	\N	\N	\N	\N	\N	\N	\N	\N	\N	\N	\N	\N	\N	\N	\N	\N	\N	2025-06-05 00:00:00	\N	\N	\N	\N	2025-06-05 17:32:29.493733	\N	f29efbec-1c3f-42d7-82ae-4b3efffec2e3	2025-06-05 17:32:29.493735	2026-04-15 09:21:02.401	f	f	\N	\N	\N	\N	contact	\N	\N	292	NV	\N	\N	\N	\N	none	\N	\N	\N	\N	\N	f	\N	\N	\N	\N	\N	\N	\N	\N	\N	\N	\N	\N	\N	\N	\N	\N	\N	\N	\N	f	$2b$10$t047DYUbtYXilSdqT6.Bg.RXOz5dXROl1KBMadTfEUZBD9DiKrIRq	2026-04-15 09:21:48.407478	\N	\N	f	f	t	2025-06-05 00:00:00	\N	\N	\N	\N	\N
\.


--
-- Data for Name: payment_allocations; Type: TABLE DATA; Schema: dbo; Owner: -
--

COPY dbo.payment_allocations (id, payment_id, invoice_id, allocated_amount, created_at, dotkham_id) FROM stdin;
0628a3e9-bac5-4e32-b939-beb51efd6701	f67d5ae2-0f36-482c-8720-b23700bcfcf0	f00aab8b-432d-46b1-bcf5-b23700bce433	1200000.00	2026-04-10 12:23:30.266457	\N
df5846a7-9622-4ee4-bc89-a6cebe9eb03c	8a8a9454-8a87-4eb2-adae-b25700b8aa2f	f9ceeff6-6808-4f25-8a7f-b23700becf07	3167000.00	2026-04-10 12:23:30.26952	\N
fb38874c-0d6b-40f7-a223-fe11a0faa662	4e4a29f3-4908-48b2-b416-b26f009bc1ff	f9ceeff6-6808-4f25-8a7f-b23700becf07	3167000.00	2026-04-10 12:23:30.273533	\N
9d77e753-c373-49b3-8a87-ea6ab0fa5427	dafdaa17-6fae-4daf-ab9c-b29300ad1f64	f9ceeff6-6808-4f25-8a7f-b23700becf07	3167000.00	2026-04-10 12:23:30.274921	\N
cfd61ebb-483f-40fe-a772-626509cf4aae	ef218c67-48f9-4e97-88f6-b299009b3ecd	f5d74741-c356-42cc-84a8-b2990092f292	700000.00	2026-04-10 12:23:30.276375	\N
bc58194d-f2f6-44f2-ae09-5072ddb0cb27	56cfa22d-fa55-42f5-addb-b2b300bec45f	f9ceeff6-6808-4f25-8a7f-b23700becf07	3167000.00	2026-04-10 12:23:30.277294	\N
4e8259bc-f7d5-445e-bf6e-885aeb004ee0	9c7db22f-70f7-45b5-a3c5-b2cd00bf7954	f9ceeff6-6808-4f25-8a7f-b23700becf07	3167000.00	2026-04-10 12:23:30.27799	\N
5e1ca599-9abf-40d3-8af5-efdc343a142c	014b04e4-e3eb-4097-af29-3b5efd637be4	ea53aae8-6f3d-4fd9-b127-5773f3c7c420	300000.00	2026-04-12 10:53:50.007767	\N
0a111ac6-a3ef-4524-9f09-70b91efb71a7	1a079516-7cd9-4d48-871c-43634181e2b9	ea53aae8-6f3d-4fd9-b127-5773f3c7c420	500000.00	2026-04-12 10:55:26.009198	\N
098f2261-b197-4c2d-9538-18f7c1540a90	1a079516-7cd9-4d48-871c-43634181e2b9	ea53aae8-6f3d-4fd9-b127-5773f3c7c420	500000.00	2026-04-12 10:55:40.968603	\N
b517da7a-d756-4868-969d-96f2fb8ed720	878df0c2-b9e6-4af4-a774-b3bdb466d253	80e8de88-12d6-440c-a965-47cfcb4d1633	2110000.00	2026-04-13 02:55:03.700915	\N
9941beda-fc24-425e-9a3e-951ca7ff4a07	ab82b08d-1f28-4d8e-8988-5110de698352	4c11311c-7e64-4ce8-8025-945a8300e72c	3000000.00	2026-04-13 04:22:46.78969	\N
c1d25a4a-5f20-4794-aab2-e1d0d64fde86	636cc96b-575b-4e29-a6fe-2fd3aeb8f277	9f9ca777-d24d-4256-a028-3b4ba02d8c1d	1500000.00	2026-04-13 04:29:44.662019	\N
f654a676-c77e-4ec7-8539-7e48f50cf4f7	104bc2f6-5dd8-4e82-9982-b2210067d73a	35989351-2c3f-46f2-a7c8-b2210067866c	300000.00	2026-04-13 09:44:36.778198	\N
f34761de-8b5a-4e1b-a7d3-ff30fa8c6cf4	66dff506-151d-47f9-ab54-b292003f54aa	e72a09ef-69a2-40d3-b574-b279008fc9a5	2090000.00	2026-04-13 09:44:36.778198	\N
c42661e9-e708-41b5-a16e-50dfdcbb0fe8	f50ebc46-84e8-4572-ab17-b2ad003c51d0	e72a09ef-69a2-40d3-b574-b279008fc9a5	2090000.00	2026-04-13 09:44:36.778198	\N
5272ea7b-37e1-43ed-bbfe-568dd00cb619	abc6d50e-1bf3-45c6-8c15-b2d1005616de	e72a09ef-69a2-40d3-b574-b279008fc9a5	2090000.00	2026-04-13 09:44:36.778198	\N
639efbe3-d71f-4cdb-a775-793fc006b27e	b93ebeec-c46e-4e3a-9a76-b2f1005e1693	e72a09ef-69a2-40d3-b574-b279008fc9a5	2300000.00	2026-04-13 09:44:36.778198	\N
0c8aa52a-d0bd-436d-980c-da4d079e4868	b708019b-e2e7-425f-b03d-b30d00baf545	e72a09ef-69a2-40d3-b574-b279008fc9a5	2500000.00	2026-04-13 09:44:36.778198	\N
a40b2d6c-6f69-46c6-abd7-31fc56aa6be6	5a87fde1-4e84-40dd-8201-b32e00a7f7fd	e72a09ef-69a2-40d3-b574-b279008fc9a5	2140000.00	2026-04-13 09:44:36.778198	\N
df9b9d29-4919-434a-8f46-d483f1256a09	92785ac5-a21a-4339-9d60-b34e00b14ef1	e72a09ef-69a2-40d3-b574-b279008fc9a5	2350000.00	2026-04-13 09:44:36.778198	\N
2fb4ef48-c5dd-41e7-8cce-44b677152914	1d7a705a-7712-44fd-8235-b36e00859805	e72a09ef-69a2-40d3-b574-b279008fc9a5	2200000.00	2026-04-13 09:44:36.778198	\N
97e50a9c-05f4-46c6-883f-71e6b82044f9	a74f9245-7508-46dd-bc99-b38c00bf4c24	e72a09ef-69a2-40d3-b574-b279008fc9a5	2240000.00	2026-04-13 09:44:36.778198	\N
9b7020ad-7419-4ad0-80e3-1c373a467036	9e2af729-3c53-4d0e-8137-b3ac00a36e53	e72a09ef-69a2-40d3-b574-b279008fc9a5	2220000.00	2026-04-13 09:44:36.778198	\N
0b29709a-21f1-4fa7-ab22-9be4d6e66e09	bb6e1fb8-804f-4666-9fb4-b3ca00cb9be0	e72a09ef-69a2-40d3-b574-b279008fc9a5	2200000.00	2026-04-13 09:44:36.778198	\N
37f55e0a-a6b0-4a92-9722-e783494b09a2	3c886938-2e9c-43ef-a50d-b3e900adf0b0	e72a09ef-69a2-40d3-b574-b279008fc9a5	650000.00	2026-04-13 09:44:36.778198	\N
6ebcbdb3-db20-4c35-bc62-31d4d56a8e24	75c154c5-c1d7-457f-8d1f-f428e7673fcf	a605834d-7963-4482-a86a-5712f0d0a3f8	1500000.00	2026-04-13 10:13:20.790263	\N
79725f30-84fd-4b35-83dd-6ece6a4915df	7dfb243b-9baa-468f-a8b3-b1a900bb32a8	e799b8a8-c456-4c05-941d-b1a900bb29cc	600000.00	2026-04-14 07:18:25.038875	\N
cb533a93-cf1f-460b-8283-b84fa6147514	e8f12b5d-c154-452a-8e15-b1a900bbbcc4	9104d6b7-6ff4-4796-8406-b1a60091a0d9	10000000.00	2026-04-14 07:18:25.038875	\N
b3954529-7cd5-42e6-af8d-726f2aa2b18e	90be95d8-2869-484c-9d17-b1be00c9c1d8	da2c4485-64cd-43c3-a356-b1be00c99fd5	200000.00	2026-04-14 07:18:25.038875	\N
1790e568-f736-491a-8816-8b9250285227	b24c478c-8231-4329-a015-b1c500b67f89	ea27679d-28f6-444d-bfcf-b1a900bb9ef5	2334000.00	2026-04-14 07:18:25.038875	\N
e5e73f81-b129-4885-ae42-43892ca72414	382a52af-8b12-4a2b-8e35-b1e200ba063c	ea27679d-28f6-444d-bfcf-b1a900bb9ef5	2334000.00	2026-04-14 07:18:25.038875	\N
053406b3-d85f-4b26-a7d3-2b77ef19dc3e	5d1cd1a9-25b9-4499-a9ef-b20400bf4dee	ea27679d-28f6-444d-bfcf-b1a900bb9ef5	2334000.00	2026-04-14 07:18:25.038875	\N
57acac35-4bd2-4081-bfe4-bda79081f20c	4c7049f3-d999-405f-b113-b22400c2a3d5	ea27679d-28f6-444d-bfcf-b1a900bb9ef5	2334000.00	2026-04-14 07:18:25.038875	\N
8aa1b6d7-ae4f-4a4b-8876-84ee5b9a03ec	4f4ba5b5-bd70-44b1-88d4-b23500bcaa5f	ea27679d-28f6-444d-bfcf-b1a900bb9ef5	2334000.00	2026-04-14 07:18:25.038875	\N
24f3bf59-5058-4d3c-9890-41c2fd4b9bbc	8dc8e1f6-eedf-4e33-aabc-b253009bb954	ea27679d-28f6-444d-bfcf-b1a900bb9ef5	2330000.00	2026-04-14 07:18:25.038875	\N
cc0f5143-ad5e-4666-8914-451d629b8f5f	71202a2d-346f-42d3-bfa1-0079d10d15c7	e0f4fc5f-bcd9-4ca5-8070-b41f00607805	2500000.00	2026-04-14 11:47:48.099321	\N
5f58f4c8-4277-4b05-83a3-dcf8d7c9448f	99345c35-a151-4444-bbbc-216a79217416	31c41bdf-26c1-4708-837e-b41f005f7bda	600000.00	2026-04-14 11:47:48.099321	\N
5a3caec0-deec-4ec3-b0e2-6a920de7cb10	9f50fcb7-879c-4974-b1e5-8aaa2f6ef26a	752da0ae-e86d-4b55-b84a-b4180058887c	350000.00	2026-04-14 11:47:48.099321	\N
d7b0e7b7-2d31-4507-8802-41bf03f0aaf2	74414523-9d46-485e-b713-66a3d999679c	08111bac-5633-44b9-81ab-b41800585313	700000.00	2026-04-14 11:47:48.099321	\N
d5e4cc92-3084-4cf3-91c1-5f6048fbae5f	c2e30f04-421d-45bd-8630-7062382346e9	3da1b54f-0c09-41eb-9507-b4180056f5d5	800000.00	2026-04-14 11:47:48.099321	\N
fdda3587-f736-45f1-9ecf-427ba034e993	45564777-595e-453c-880d-f028bb79ad8a	6d851af3-4ad1-4e7d-b3de-b14c008ef449	4000000.00	2026-04-14 12:13:24.451519	\N
f07a945b-b886-4096-9480-b82e590eff31	e2dce39e-9212-40b5-b66a-2d450dae2003	b4b1133e-1143-4b95-a248-b4230056dd22	1000000.00	2026-04-14 14:36:25.897887	\N
25bd4e01-1697-4b8a-bda0-b0997a272e06	cb7f3757-ebe6-4b80-b71d-d91c3e79633c	b4b1133e-1143-4b95-a248-b4230056dd22	9100000.00	2026-04-14 14:36:25.897887	\N
575fe84c-2466-4db4-9bb0-52e676821b4e	a246148a-61da-4fad-b163-c70c9945a116	8328a47b-be8c-4aea-9921-b41c00bd6c0e	1150000.00	2026-04-14 14:42:50.804354	\N
6d702d26-0492-436f-a80b-29b2b763aa18	6e4372f2-87e8-4c9c-9bcb-3f80a6534a46	65fe4c93-22bd-444d-98ca-b415006ee923	650000.00	2026-04-14 14:42:50.804354	\N
9513794e-80af-4e99-955a-413a1317443e	ec1d3165-7d9d-4a1d-8748-18147c937df4	45e69fac-94ea-4eda-945e-b4150033894a	1000000.00	2026-04-14 14:42:50.804354	\N
f1556bf7-9fe4-47b9-9476-e9bfb69b5620	001c681a-9ab8-403a-924c-7a312ca51966	45e69fac-94ea-4eda-945e-b4150033894a	8135000.00	2026-04-14 14:42:50.804354	\N
\.


--
-- Data for Name: payment_proofs; Type: TABLE DATA; Schema: dbo; Owner: -
--

COPY dbo.payment_proofs (id, payment_id, proof_image, qr_description, qr_generated_at, created_at) FROM stdin;
\.


--
-- Data for Name: payments; Type: TABLE DATA; Schema: dbo; Owner: -
--

COPY dbo.payments (id, customer_id, service_id, amount, method, notes, created_at, payment_date, reference_code, status, deposit_used, cash_amount, bank_amount, receipt_number, deposit_type) FROM stdin;
75c154c5-c1d7-457f-8d1f-f428e7673fcf	1e9d5389-810b-436c-8dbb-b0310021f217	\N	1500000	deposit	\N	2026-04-13 10:13:20.783169	2026-04-13	\N	posted	1500000.00	0.00	0.00	\N	\N
7dfb243b-9baa-468f-a8b3-b1a900bb32a8	90edb637-1d32-4280-8088-b1a400ff0073	e799b8a8-c456-4c05-941d-b1a900bb29cc	600000	cash	42 - TM - TRÁM 2R 	2026-04-14 07:18:25.038875	2024-07-09	CUST.IN/2024/24874	posted	0.00	600000.00	0.00	\N	\N
e8f12b5d-c154-452a-8e15-b1a900bbbcc4	90edb637-1d32-4280-8088-b1a400ff0073	9104d6b7-6ff4-4796-8406-b1a60091a0d9	10000000	cash	43 - CDDV + TM - GẮN MCKLTC 24TR - 03	2026-04-14 07:18:25.038875	2024-07-09	CUST.IN/2024/24876	posted	0.00	10000000.00	0.00	\N	\N
90be95d8-2869-484c-9d17-b1be00c9c1d8	90edb637-1d32-4280-8088-b1a400ff0073	da2c4485-64cd-43c3-a356-b1be00c99fd5	200000	cash	50 - TM + VCSN - TRÁM 4R	2026-04-14 07:18:25.038875	2024-07-30	CUST.IN/2024/27094	posted	0.00	200000.00	0.00	\N	\N
b24c478c-8231-4329-a015-b1c500b67f89	90edb637-1d32-4280-8088-b1a400ff0073	ea27679d-28f6-444d-bfcf-b1a900bb9ef5	2334000	cash	04 - CK - TGL1 - 10/7	2026-04-14 07:18:25.038875	2024-08-06	CUST.IN/2024/27769	posted	0.00	2334000.00	0.00	\N	\N
382a52af-8b12-4a2b-8e35-b1e200ba063c	90edb637-1d32-4280-8088-b1a400ff0073	ea27679d-28f6-444d-bfcf-b1a900bb9ef5	2334000	cash	44 - CK MB - TGL2	2026-04-14 07:18:25.038875	2024-09-04	CUST.IN/2024/30613	posted	0.00	2334000.00	0.00	\N	\N
5d1cd1a9-25b9-4499-a9ef-b20400bf4dee	90edb637-1d32-4280-8088-b1a400ff0073	ea27679d-28f6-444d-bfcf-b1a900bb9ef5	2334000	cash	15 - CK MB - TGL3	2026-04-14 07:18:25.038875	2024-10-08	CUST.IN/2024/34245	posted	0.00	2334000.00	0.00	\N	\N
4c7049f3-d999-405f-b113-b22400c2a3d5	90edb637-1d32-4280-8088-b1a400ff0073	ea27679d-28f6-444d-bfcf-b1a900bb9ef5	2334000	cash	46 - CK MB - TGL4	2026-04-14 07:18:25.038875	2024-11-09	CUST.IN/2024/37991	posted	0.00	2334000.00	0.00	\N	\N
4f4ba5b5-bd70-44b1-88d4-b23500bcaa5f	90edb637-1d32-4280-8088-b1a400ff0073	ea27679d-28f6-444d-bfcf-b1a900bb9ef5	2334000	cash	48 - CK MB - TGL55	2026-04-14 07:18:25.038875	2024-11-26	CUST.IN/2024/39999	posted	0.00	2334000.00	0.00	\N	\N
8dc8e1f6-eedf-4e33-aabc-b253009bb954	90edb637-1d32-4280-8088-b1a400ff0073	ea27679d-28f6-444d-bfcf-b1a900bb9ef5	2330000	cash	45 - ck mb - tgl6	2026-04-14 07:18:25.038875	2024-12-26	CUST.IN/2024/43315	posted	0.00	2330000.00	0.00	\N	\N
45564777-595e-453c-880d-f028bb79ad8a	9aa0b5c4-ac80-4851-9c0b-b14c0088ad79	6d851af3-4ad1-4e7d-b3de-b14c008ef449	4000000	cash	Niềng Mắc Cài Kim Loại Tiêu Chuẩn | SO10280	2026-04-14 12:13:24.451519	2026-04-12	CUST.IN/2026/107241	posted	0.00	4000000.00	0.00	\N	\N
bfc02f7a-e13e-4ab8-9ee9-b14c008fadbb	9aa0b5c4-ac80-4851-9c0b-b14c0088ad79	\N	500000	bank	\N	2026-04-14 12:13:24.451519	2024-04-07	\N	posted	0.00	0.00	500000.00	TUKH/2024/3773	deposit
b3a2120f-a1e2-4b9f-b757-b14c0090111c	9aa0b5c4-ac80-4851-9c0b-b14c0088ad79	\N	-500000	bank	\N	2026-04-14 12:13:24.451519	2024-04-07	\N	posted	0.00	0.00	-500000.00	TUKH/2024/3774	refund
5cf2040a-d6b6-456c-8b13-b424007e6843	9aa0b5c4-ac80-4851-9c0b-b14c0088ad79	\N	-500000	bank	\N	2026-04-14 12:13:24.451519	2026-04-05	\N	posted	0.00	0.00	-500000.00	TUKH/2026/15052	refund
d9834988-a142-41d2-bbd6-b424007d74d9	9aa0b5c4-ac80-4851-9c0b-b14c0088ad79	\N	-500000	bank	Hoàn lại	2026-04-14 12:13:24.451519	2026-04-05	\N	posted	0.00	0.00	-500000.00	TUKH/2026/15051	refund
4967cb70-4db9-467d-9369-b424007d51ae	9aa0b5c4-ac80-4851-9c0b-b14c0088ad79	\N	1000000	bank	Cọpc niềng	2026-04-14 12:13:24.451519	2026-04-05	\N	posted	0.00	0.00	1000000.00	TUKH/2026/15050	deposit
e2dce39e-9212-40b5-b66a-2d450dae2003	ff1d55c3-f9c1-4269-a3a9-b413006b4289	b4b1133e-1143-4b95-a248-b4230056dd22	1000000	deposit	Niềng Mắc Cài Kim Loại Tự Buộc 3M | 11-MB-MCKLTĐ-10TR1-33TR6-C3	2026-04-14 14:36:25.897887	2026-04-04	CUST.IN/2026/106074	posted	1000000.00	0.00	0.00	\N	usage
cb7f3757-ebe6-4b80-b71d-d91c3e79633c	ff1d55c3-f9c1-4269-a3a9-b413006b4289	b4b1133e-1143-4b95-a248-b4230056dd22	9100000	bank_transfer	Niềng Mắc Cài Kim Loại Tự Buộc 3M | 11-MB-MCKLTĐ-10TR1-33TR6-C3	2026-04-14 14:36:25.897887	2026-04-04	CUST.IN/2026/106073	posted	0.00	0.00	9100000.00	\N	\N
e1a83749-dace-4a83-bb41-b41500d1ee68	ff1d55c3-f9c1-4269-a3a9-b413006b4289	\N	1000000	bank	49-ACB-CỌC MCKLTĐ-1TR-30TR450-C2	2026-04-14 14:36:25.897887	2026-03-21	\N	posted	0.00	0.00	1000000.00	TUKH/2026/14806	deposit
75610583-4e2e-4883-b3c8-2ef4a34cd913	1e9d5389-810b-436c-8dbb-b0310021f217	\N	5000000	cash	Test deposit v0.4.5	2026-04-09 09:07:24.973244	2026-04-09	\N	posted	0.00	0.00	0.00	\N	\N
51d3a6c7-93ff-407b-b790-6faa24081956	9903aa61-2c3d-4750-9531-024cefb97070	\N	5000000	cash	Test deposit v0.4.6	2026-04-09 09:23:30.9696	2026-04-09	\N	posted	0.00	0.00	0.00	\N	\N
1ba32eff-f739-4103-bf47-86833cfeb3dc	1e9d5389-810b-436c-8dbb-b0310021f217	\N	5000000	cash	Test deposit v0.4.6	2026-04-09 09:27:19.566307	2026-04-09	\N	posted	0.00	0.00	0.00	\N	\N
88695239-0c88-4329-b887-0d2813a70a9b	1e9d5389-810b-436c-8dbb-b0310021f217	\N	5000000	cash	Test v0.4.6	2026-04-09 09:47:39.303981	2026-04-09	\N	posted	0.00	0.00	0.00	\N	\N
e0b47b45-40eb-4930-ad93-7a53daf23760	9903aa61-2c3d-4750-9531-024cefb97070	\N	5000000	cash	Test deposit 5M VND	2026-04-09 10:24:56.311533	2026-04-09	\N	posted	0.00	0.00	0.00	\N	\N
a454329d-5b8f-4f35-a986-727330acb869	1e9d5389-810b-436c-8dbb-b0310021f217	\N	5000000	cash	Test deposit	2026-04-09 11:27:02.175136	2026-04-09	\N	posted	0.00	0.00	0.00	\N	\N
2443f55d-1cd2-4fb7-828d-4d2e73e1951f	9903aa61-2c3d-4750-9531-024cefb97070	\N	100000	cash	test after fix	2026-04-09 11:47:37.134809	2026-04-09	\N	posted	0.00	0.00	0.00	\N	\N
eaf6405d-05dc-4d4d-8651-f46bad697094	804e1102-7e0f-42b6-8158-b342003f49b5	\N	500000	cash	Charlie cash deposit - 1775735268002	2026-04-09 11:47:54.798628	2026-04-09	\N	posted	0.00	0.00	0.00	\N	\N
2d0b6b95-de89-4b44-9e48-b83aa9ad0980	804e1102-7e0f-42b6-8158-b342003f49b5	\N	1000000	bank	Charlie bank deposit - 1775735268002	2026-04-09 11:48:03.531261	2026-04-09	\N	posted	0.00	0.00	0.00	\N	\N
a36c56b1-a28c-4b1f-92db-59825b193e5d	804e1102-7e0f-42b6-8158-b342003f49b5	\N	300000	cash	Charlie card deposit - 1775735268002	2026-04-09 11:48:12.123039	2026-04-09	\N	posted	0.00	0.00	0.00	\N	\N
f067751d-6eae-4f75-abbf-4e80dffaf973	804e1102-7e0f-42b6-8158-b342003f49b5	\N	500000	cash	Charlie cash deposit - 1775735522913	2026-04-09 11:52:09.579357	2026-04-09	\N	posted	0.00	0.00	0.00	\N	\N
fd51d54a-78a4-4f09-99e5-d331fa7f995d	804e1102-7e0f-42b6-8158-b342003f49b5	\N	1000000	bank	Charlie bank deposit - 1775735522913	2026-04-09 11:52:18.326312	2026-04-09	\N	posted	0.00	0.00	0.00	\N	\N
48bd1033-8ada-43f0-a71e-fda713b022a2	804e1102-7e0f-42b6-8158-b342003f49b5	\N	300000	cash	Charlie card deposit - 1775735522913	2026-04-09 11:52:27.053698	2026-04-09	\N	posted	0.00	0.00	0.00	\N	\N
6717d929-2e97-4af3-8bff-5b19f33677d9	804e1102-7e0f-42b6-8158-b342003f49b5	\N	500000	cash	Charlie cash deposit - 1775735838337	2026-04-09 11:57:24.927818	2026-04-09	\N	posted	0.00	0.00	0.00	\N	\N
466ae433-1d59-4c8f-8f7d-900166718b1d	804e1102-7e0f-42b6-8158-b342003f49b5	\N	1000000	bank	Charlie bank deposit - 1775735838337	2026-04-09 11:57:33.67851	2026-04-09	\N	posted	0.00	0.00	0.00	\N	\N
542da3ef-82bc-4b26-916b-3319fd9d74c4	804e1102-7e0f-42b6-8158-b342003f49b5	\N	300000	cash	Charlie card deposit - 1775735838337	2026-04-09 11:57:42.3042	2026-04-09	\N	posted	0.00	0.00	0.00	\N	\N
e6486d72-4582-41d4-ac6d-46ec0e0519f3	804e1102-7e0f-42b6-8158-b342003f49b5	\N	500000	cash	Charlie cash deposit - 1775736126596	2026-04-09 12:02:13.254178	2026-04-09	\N	posted	0.00	0.00	0.00	\N	\N
4467050a-ca5d-4759-90d4-624dc15784c3	804e1102-7e0f-42b6-8158-b342003f49b5	\N	1000000	bank	Charlie bank deposit - 1775736126596	2026-04-09 12:02:21.971782	2026-04-09	\N	posted	0.00	0.00	0.00	\N	\N
1a08adce-dda7-4ec4-9cdf-6d01f4e4a1bd	804e1102-7e0f-42b6-8158-b342003f49b5	\N	300000	cash	Charlie card deposit - 1775736126596	2026-04-09 12:02:30.629346	2026-04-09	\N	posted	0.00	0.00	0.00	\N	\N
e67d3752-0db0-4fbc-b4c1-fb0e26b37d27	0116df89-e63f-4843-9232-89d7d7f3a9bd	\N	2000000	bank	Test bank transfer deposit	2026-04-09 14:24:55.872461	2026-04-09	\N	posted	0.00	0.00	0.00	\N	\N
32a14f52-9d55-41b0-b8a6-cf272a510867	b2262736-c7f4-4072-a67f-b3d00095dcf1	\N	100000	cash	Sweep test deposit 1775756440306	2026-04-09 17:40:40.347684	2026-04-09	\N	posted	0.00	0.00	0.00	\N	\N
38619b50-d4b6-4dd1-a2c7-95ee84dc8543	b2262736-c7f4-4072-a67f-b3d00095dcf1	\N	100000	cash	Sweep test deposit 1775756665869	2026-04-09 17:44:25.920791	2026-04-09	\N	posted	0.00	0.00	0.00	\N	\N
dff0c59e-bbf2-409a-b3b4-00314c7f8e77	b2262736-c7f4-4072-a67f-b3d00095dcf1	\N	100000	cash	Sweep test deposit 1775756833385	2026-04-09 17:47:13.433597	2026-04-09	\N	posted	0.00	0.00	0.00	\N	\N
96fbb3b6-7a08-481e-9ae0-f7bfd56c2865	b2262736-c7f4-4072-a67f-b3d00095dcf1	\N	100000	cash	Sweep test deposit 1775757105420	2026-04-09 17:51:45.467198	2026-04-09	\N	posted	0.00	0.00	0.00	\N	\N
46650478-84db-479f-9984-582478744e01	b2262736-c7f4-4072-a67f-b3d00095dcf1	\N	1000	cash	QA tab persistence test	2026-04-10 03:01:44.636875	2026-04-10	\N	posted	0.00	0.00	0.00	\N	\N
b23c7848-171b-4713-bf5e-857c2add08c3	b2262736-c7f4-4072-a67f-b3d00095dcf1	\N	1000	cash	QA tab persistence test	2026-04-10 03:05:25.8232	2026-04-10	\N	posted	0.00	0.00	0.00	\N	\N
3d6ff784-4ca5-4718-b437-ead46796cdbd	b2262736-c7f4-4072-a67f-b3d00095dcf1	\N	500000	cash	QA test deposit	2026-04-10 03:06:15.074651	2026-04-10	\N	posted	0.00	0.00	0.00	\N	\N
7e2fda86-7c4a-4a28-ade4-ff4e8f1fb328	b2262736-c7f4-4072-a67f-b3d00095dcf1	\N	1000	cash	QA tab persistence test	2026-04-10 03:06:17.157823	2026-04-10	\N	posted	0.00	0.00	0.00	\N	\N
6eb13f38-98d6-4474-9e84-0bc2511e3de9	b2262736-c7f4-4072-a67f-b3d00095dcf1	\N	500000	cash	QA test deposit	2026-04-10 03:06:46.649674	2026-04-10	\N	posted	0.00	0.00	0.00	\N	\N
61200937-a728-4018-a8cd-09ec7649e068	b2262736-c7f4-4072-a67f-b3d00095dcf1	\N	1000	cash	QA tab persistence test	2026-04-10 03:06:48.732706	2026-04-10	\N	posted	0.00	0.00	0.00	\N	\N
ce84c07b-fd05-4d6c-949c-6c5276a9085a	b2262736-c7f4-4072-a67f-b3d00095dcf1	\N	1000	cash	QA tab persistence test	2026-04-10 03:07:18.541115	2026-04-10	\N	posted	0.00	0.00	0.00	\N	\N
8e774990-8d3a-42aa-910b-169ba220fef9	b2262736-c7f4-4072-a67f-b3d00095dcf1	\N	1000	cash	QA tab persistence test	2026-04-10 03:07:23.266089	2026-04-10	\N	posted	0.00	0.00	0.00	\N	\N
d903dce0-fa15-4098-b9f9-0019ed1dd5b4	b2262736-c7f4-4072-a67f-b3d00095dcf1	\N	100000	cash	Sweep test deposit 1775790449722	2026-04-10 03:07:29.765856	2026-04-10	\N	posted	0.00	0.00	0.00	\N	\N
851659ec-c447-4e42-8c33-0a43e5384d6b	b2262736-c7f4-4072-a67f-b3d00095dcf1	\N	100000	cash	Sweep test deposit 1775790636727	2026-04-10 03:10:36.770363	2026-04-10	\N	posted	0.00	0.00	0.00	\N	\N
3080ac5d-7184-49d6-86a4-da32a709e7bf	b2262736-c7f4-4072-a67f-b3d00095dcf1	\N	500000	cash	QA test deposit	2026-04-10 03:11:14.16309	2026-04-10	\N	posted	0.00	0.00	0.00	\N	\N
96331f1e-312f-4fe2-9918-470875e59da0	b2262736-c7f4-4072-a67f-b3d00095dcf1	\N	1000	cash	QA tab persistence test	2026-04-10 03:11:16.228685	2026-04-10	\N	posted	0.00	0.00	0.00	\N	\N
78015074-e112-4f6f-b830-084b7f10b648	b2262736-c7f4-4072-a67f-b3d00095dcf1	\N	500000	cash	QA test deposit	2026-04-10 03:57:25.140967	2026-04-10	\N	posted	0.00	0.00	0.00	\N	\N
79f4aaff-3305-423e-8a15-9902893849f4	b2262736-c7f4-4072-a67f-b3d00095dcf1	\N	1000	cash	QA tab persistence test	2026-04-10 03:57:27.258414	2026-04-10	\N	posted	0.00	0.00	0.00	\N	\N
e097f0c0-1e02-4347-9711-fae2bed206b7	804e1102-7e0f-42b6-8158-b342003f49b5	\N	500000	cash	Charlie cash deposit - 1775793492526	2026-04-10 03:58:19.232336	2026-04-10	\N	posted	0.00	0.00	0.00	\N	\N
49b32eae-35e8-450d-a071-41e678673c09	804e1102-7e0f-42b6-8158-b342003f49b5	\N	1000000	bank	Charlie bank deposit - 1775793492526	2026-04-10 03:58:27.834943	2026-04-10	\N	posted	0.00	0.00	0.00	\N	\N
0cf89031-33bf-466c-88dc-69ac505f12e1	b2262736-c7f4-4072-a67f-b3d00095dcf1	\N	1000	cash	QA tab persistence test	2026-04-10 04:05:57.062139	2026-04-10	\N	posted	0.00	0.00	0.00	\N	\N
f152a091-96e6-4ba8-94a6-044a71a36547	b2262736-c7f4-4072-a67f-b3d00095dcf1	\N	1000	cash	QA tab persistence test	2026-04-10 04:07:47.535955	2026-04-10	\N	posted	0.00	0.00	0.00	\N	\N
f67d5ae2-0f36-482c-8720-b23700bcfcf0	cd985f43-2f12-4d6d-b1b8-b23000efbac3	\N	1200000.00	cash	07 - CK MB - TRÁM 4R 	2024-11-29 00:00:00	2024-11-29	CUST.IN/2024/40215	posted	0.00	0.00	0.00	\N	\N
8a8a9454-8a87-4eb2-adae-b25700b8aa2f	cd985f43-2f12-4d6d-b1b8-b23000efbac3	\N	3167000.00	cash	25 - ck - tgl1	2024-12-31 00:00:00	2024-12-31	CUST.IN/2024/43810	posted	0.00	0.00	0.00	\N	\N
a517f381-a142-4853-9e59-5d165814aa97	1e9d5389-810b-436c-8dbb-b0310021f217	\N	1000	cash	\N	2026-04-12 04:07:35.607151	\N	\N	posted	0.00	0.00	0.00	\N	\N
2a3dbaf2-8009-4f2a-a722-5350f5d71047	1e9d5389-810b-436c-8dbb-b0310021f217	\N	1000000	cash	 | VOIDED: Test void for verification	2026-04-12 10:52:03.816119	\N	\N	voided	0.00	1000000.00	0.00	\N	\N
014b04e4-e3eb-4097-af29-3b5efd637be4	1e9d5389-810b-436c-8dbb-b0310021f217	\N	300000	cash	\N	2026-04-12 10:53:50.002677	\N	\N	posted	0.00	300000.00	0.00	\N	\N
1a079516-7cd9-4d48-871c-43634181e2b9	1e9d5389-810b-436c-8dbb-b0310021f217	\N	500000	cash	\N	2026-04-12 10:55:26.006336	\N	\N	posted	0.00	500000.00	0.00	\N	\N
98465877-0b5e-4f84-8aff-6a6cff21847e	1e9d5389-810b-436c-8dbb-b0310021f217	\N	500000	cash	 | VOIDED: Test void	2026-04-12 11:10:31.390748	\N	\N	voided	0.00	500000.00	0.00	\N	\N
4e233dc7-522f-46c5-9d4d-c5d3d506615b	b2262736-c7f4-4072-a67f-b3d00095dcf1	\N	100000	cash	Sweep test deposit 1775796359650 | VOIDED: 	2026-04-10 04:45:59.706305	2026-04-10	\N	voided	0.00	0.00	0.00	\N	\N
eaaeb67c-d02a-43d0-ae1a-a8650f45fcfc	b2262736-c7f4-4072-a67f-b3d00095dcf1	\N	-500000	cash	\N	2026-04-12 16:49:14.273455	2026-04-12	\N	posted	0.00	0.00	0.00	TUKH/2026/00001	refund
4e4a29f3-4908-48b2-b416-b26f009bc1ff	cd985f43-2f12-4d6d-b1b8-b23000efbac3	\N	3167000.00	cash	24 - CK - TGL2	2025-01-24 00:00:00	2025-01-24	CUST.IN/2025/46390	posted	0.00	0.00	0.00	\N	\N
dafdaa17-6fae-4daf-ab9c-b29300ad1f64	cd985f43-2f12-4d6d-b1b8-b23000efbac3	\N	3167000.00	cash	28 - CK - TGL3	2025-03-01 00:00:00	2025-03-01	CUST.IN/2025/50185	posted	0.00	0.00	0.00	\N	\N
878df0c2-b9e6-4af4-a774-b3bdb466d253	b2262736-c7f4-4072-a67f-b3d00095dcf1	\N	2110000	deposit	\N	2026-04-13 02:55:03.695567	2026-04-13	\N	posted	2110000.00	0.00	0.00	\N	\N
35666114-8bd7-490a-8cd9-c4d56588d53a	9903aa61-2c3d-4750-9531-024cefb97070	\N	-500000	cash	\N	2026-04-13 03:50:31.696051	2026-04-13	\N	posted	0.00	0.00	0.00	TUKH/2026/00002	refund
ef218c67-48f9-4e97-88f6-b299009b3ecd	cd985f43-2f12-4d6d-b1b8-b23000efbac3	\N	700000.00	cash	41 - CK - NHO 1CR 	2025-03-07 00:00:00	2025-03-07	CUST.IN/2025/50893	posted	0.00	0.00	0.00	\N	\N
56cfa22d-fa55-42f5-addb-b2b300bec45f	cd985f43-2f12-4d6d-b1b8-b23000efbac3	\N	3167000.00	cash	44 - CK - TGL4	2025-04-02 00:00:00	2025-04-02	CUST.IN/2025/54381	posted	0.00	0.00	0.00	\N	\N
9c7db22f-70f7-45b5-a3c5-b2cd00bf7954	cd985f43-2f12-4d6d-b1b8-b23000efbac3	\N	3167000.00	cash	08 - ck - tgl55	2025-04-28 00:00:00	2025-04-28	CUST.IN/2025/57566	posted	0.00	0.00	0.00	\N	\N
ab82b08d-1f28-4d8e-8988-5110de698352	9903aa61-2c3d-4750-9531-024cefb97070	\N	3000000	deposit	\N	2026-04-13 04:22:46.78388	2026-04-13	\N	posted	3000000.00	0.00	0.00	\N	\N
636cc96b-575b-4e29-a6fe-2fd3aeb8f277	9903aa61-2c3d-4750-9531-024cefb97070	\N	1500000	deposit	\N	2026-04-13 04:29:44.659358	2026-04-13	\N	posted	1500000.00	0.00	0.00	\N	\N
393644fe-bb54-43cb-8ef5-b1a6009c2fb7	90edb637-1d32-4280-8088-b1a400ff0073	\N	1000000	bank	36 - CK - CỌC MCKLTC 24TR	2026-04-14 08:46:15.366919	2024-07-06	\N	posted	0.00	0.00	1000000.00	TUKH/2024/5280	deposit
04c4d6d2-cc26-463c-8c3e-b1a900bb6c24	90edb637-1d32-4280-8088-b1a400ff0073	\N	1000000	bank	NHẬN CDDV TỪ MIÊU SA HÀ 	2026-04-14 08:46:15.366919	2024-07-09	\N	posted	0.00	0.00	1000000.00	TUKH/2024/5323	deposit
71202a2d-346f-42d3-bfa1-0079d10d15c7	d5630c06-5433-46dc-b8ab-b41700f50270	e0f4fc5f-bcd9-4ca5-8070-b41f00607805	2500000	cash	Nhổ răng khôn hàm dưới | 43-TM-NHỔ RĂNG KHÔN-2TR500	2026-04-14 11:47:48.099321	2026-03-31	CUST.IN/2026/105599	posted	0.00	2500000.00	0.00	\N	\N
99345c35-a151-4444-bbbc-216a79217416	d5630c06-5433-46dc-b8ab-b41700f50270	31c41bdf-26c1-4708-837e-b41f005f7bda	600000	cash	Trám răng | 43-TM-TRÁM-600K	2026-04-14 11:47:48.099321	2026-03-31	CUST.IN/2026/105598	posted	0.00	600000.00	0.00	\N	\N
9f50fcb7-879c-4974-b1e5-8aaa2f6ef26a	d5630c06-5433-46dc-b8ab-b41700f50270	752da0ae-e86d-4b55-b84a-b4180058887c	350000	cash	Trám răng | 44-TM-TRÁM RĂNG-700K	2026-04-14 11:47:48.099321	2026-03-24	CUST.IN/2026/104400	posted	0.00	350000.00	0.00	\N	\N
74414523-9d46-485e-b713-66a3d999679c	d5630c06-5433-46dc-b8ab-b41700f50270	08111bac-5633-44b9-81ab-b41800585313	700000	cash	Trám răng | 44-TM-TRÁM RĂNG-700K	2026-04-14 11:47:48.099321	2026-03-24	CUST.IN/2026/104399	posted	0.00	700000.00	0.00	\N	\N
104bc2f6-5dd8-4e82-9982-b2210067d73a	29ce89ed-5b89-479c-9eeb-b1ae00395c5c	\N	300000	cash	[ 9915] Trần Đỗ Gia Hân MB 	2026-04-13 09:44:36.778198	2024-11-06	CUST.IN/2024/37528	posted	0.00	300000.00	0.00	\N	\N
c2e30f04-421d-45bd-8630-7062382346e9	d5630c06-5433-46dc-b8ab-b41700f50270	3da1b54f-0c09-41eb-9507-b4180056f5d5	800000	cash	Lấy cao răng | 44-TM-CVR-800K	2026-04-14 11:47:48.099321	2026-03-24	CUST.IN/2026/104398	posted	0.00	800000.00	0.00	\N	\N
66dff506-151d-47f9-ab54-b292003f54aa	29ce89ed-5b89-479c-9eeb-b1ae00395c5c	\N	2090000	cash	[ 9915] Trần Đỗ Gia Hân TM	2026-04-13 09:44:36.778198	2025-02-27	CUST.IN/2025/49917	posted	0.00	2090000.00	0.00	\N	\N
f50ebc46-84e8-4572-ab17-b2ad003c51d0	29ce89ed-5b89-479c-9eeb-b1ae00395c5c	\N	2090000	cash	[ 9915] Trần Đỗ Gia Hân tgl2 mb	2026-04-13 09:44:36.778198	2025-03-26	CUST.IN/2025/53610	posted	0.00	2090000.00	0.00	\N	\N
abc6d50e-1bf3-45c6-8c15-b2d1005616de	29ce89ed-5b89-479c-9eeb-b1ae00395c5c	\N	2090000	cash	[ 9915] Trần Đỗ Gia Hân tgl3 mb	2026-04-13 09:44:36.778198	2025-05-01	CUST.IN/2025/57749	posted	0.00	2090000.00	0.00	\N	\N
b93ebeec-c46e-4e3a-9a76-b2f1005e1693	29ce89ed-5b89-479c-9eeb-b1ae00395c5c	\N	2300000	cash	[ 9915] Trần Đỗ Gia Hân tgl4 mb	2026-04-13 09:44:36.778198	2025-06-02	CUST.IN/2025/62303	posted	0.00	2300000.00	0.00	\N	\N
b708019b-e2e7-425f-b03d-b30d00baf545	29ce89ed-5b89-479c-9eeb-b1ae00395c5c	\N	2500000	cash	[ 9915] Trần Đỗ Gia Hân tgl5 mb	2026-04-13 09:44:36.778198	2025-06-30	CUST.IN/2025/66585	posted	0.00	2500000.00	0.00	\N	\N
5a87fde1-4e84-40dd-8201-b32e00a7f7fd	29ce89ed-5b89-479c-9eeb-b1ae00395c5c	\N	2140000	cash	[ 9915] Trần Đỗ Gia Hân tgl6 mb	2026-04-13 09:44:36.778198	2025-08-02	CUST.IN/2025/71530	posted	0.00	2140000.00	0.00	\N	\N
92785ac5-a21a-4339-9d60-b34e00b14ef1	29ce89ed-5b89-479c-9eeb-b1ae00395c5c	\N	2350000	cash	[ 9915] Trần Đỗ Gia Hân TGL7 MB	2026-04-13 09:44:36.778198	2025-09-03	CUST.IN/2025/76241	posted	0.00	2350000.00	0.00	\N	\N
1d7a705a-7712-44fd-8235-b36e00859805	29ce89ed-5b89-479c-9eeb-b1ae00395c5c	\N	2200000	cash	[ 9915] Trần Đỗ Gia Hân tgl8 mb	2026-04-13 09:44:36.778198	2025-10-05	CUST.IN/2025/81057	posted	0.00	2200000.00	0.00	\N	\N
a74f9245-7508-46dd-bc99-b38c00bf4c24	29ce89ed-5b89-479c-9eeb-b1ae00395c5c	\N	2240000	cash	[ 9915] Trần Đỗ Gia Hân tgl9 mb	2026-04-13 09:44:36.778198	2025-11-04	CUST.IN/2025/85513	posted	0.00	2240000.00	0.00	\N	\N
9e2af729-3c53-4d0e-8137-b3ac00a36e53	29ce89ed-5b89-479c-9eeb-b1ae00395c5c	\N	2220000	cash	[ 9915] Trần Đỗ Gia Hân tgl10 tp	2026-04-13 09:44:36.778198	2025-12-06	CUST.IN/2025/90220	posted	0.00	2220000.00	0.00	\N	\N
bb6e1fb8-804f-4666-9fb4-b3ca00cb9be0	29ce89ed-5b89-479c-9eeb-b1ae00395c5c	\N	2200000	cash	[ 9915] Trần Đỗ Gia Hân TGL11 TP 	2026-04-13 09:44:36.778198	2026-01-05	CUST.IN/2026/94298	posted	0.00	2200000.00	0.00	\N	\N
3c886938-2e9c-43ef-a50d-b3e900adf0b0	29ce89ed-5b89-479c-9eeb-b1ae00395c5c	\N	650000	cash	[ 9915] Trần Đỗ Gia Hân tgl12 tp	2026-04-13 09:44:36.778198	2026-02-05	CUST.IN/2026/98526	posted	0.00	650000.00	0.00	\N	\N
a246148a-61da-4fad-b163-c70c9945a116	f74a7480-e23c-410a-bb2c-b413005a27a4	8328a47b-be8c-4aea-9921-b41c00bd6c0e	1150000	cash	Trám răng | 14- [T161661] PHAN THỊ KIM ANH- TM- TRÁM RĂNG	2026-04-14 14:42:50.804354	2026-03-28	CUST.IN/2026/105188	posted	0.00	1150000.00	0.00	\N	\N
6e4372f2-87e8-4c9c-9bcb-3f80a6534a46	f74a7480-e23c-410a-bb2c-b413005a27a4	65fe4c93-22bd-444d-98ca-b415006ee923	650000	cash	Trám răng | 26- [T161661] PHAN THỊ KIM ANH- TM - TRÁM 1R THẨM MỸ + 1R THƯỜNG	2026-04-14 14:42:50.804354	2026-03-21	CUST.IN/2026/104113	posted	0.00	650000.00	0.00	\N	\N
ec1d3165-7d9d-4a1d-8748-18147c937df4	f74a7480-e23c-410a-bb2c-b413005a27a4	45e69fac-94ea-4eda-945e-b4150033894a	1000000	deposit	Niềng Mắc Cài Kim Loại Tự Buộc 3M | 23-[T161661] PHAN THỊ KIM ANH- C.TM - TM - NIỀNG MCKL TĐ	2026-04-14 14:42:50.804354	2026-03-21	CUST.IN/2026/104039	posted	1000000.00	0.00	0.00	\N	usage
001c681a-9ab8-403a-924c-7a312ca51966	f74a7480-e23c-410a-bb2c-b413005a27a4	45e69fac-94ea-4eda-945e-b4150033894a	8135000	bank_transfer	Niềng Mắc Cài Kim Loại Tự Buộc 3M | 23-[T161661] PHAN THỊ KIM ANH- C.TM - TM - NIỀNG MCKL TĐ	2026-04-14 14:42:50.804354	2026-03-21	CUST.IN/2026/104038	posted	0.00	0.00	8135000.00	\N	\N
ab0b83fb-0e3f-4804-a83e-b41300a98750	f74a7480-e23c-410a-bb2c-b413005a27a4	\N	1000000	bank	43-[T161661] Phan Thị Kim Anh-TM-CỌC NIỀNG MCKLTC	2026-04-14 14:42:50.804354	2026-03-19	\N	posted	0.00	0.00	1000000.00	TUKH/2026/14748	deposit
\.


--
-- Data for Name: permission_groups; Type: TABLE DATA; Schema: dbo; Owner: -
--

COPY dbo.permission_groups (id, name, color, description, is_system, datecreated, lastupdated) FROM stdin;
11111111-0000-0000-0000-000000000003	Dentist	#0EA5E9	Dentist access	f	2026-04-07 13:58:48.179094	2026-04-07 13:58:48.179094
11111111-0000-0000-0000-000000000005	Dental Assistant	#F59E0B	Updated assistant access	f	2026-04-07 13:58:48.179094	2026-04-07 14:00:47.257947
11111111-0000-0000-0000-000000000004	Receptionist	#10B981	Front desk access	f	2026-04-07 13:58:48.179094	2026-04-07 15:02:50.73199
11111111-0000-0000-0000-000000000001	Admin	#EF4444	Full system access	t	2026-04-07 13:58:48.179094	2026-04-10 11:07:56.591217
11111111-0000-0000-0000-000000000002	Clinic Manager	#8B5CF6	Clinic management access	f	2026-04-07 13:58:48.179094	2026-04-10 11:10:55.055824
\.


--
-- Data for Name: permission_overrides; Type: TABLE DATA; Schema: dbo; Owner: -
--

COPY dbo.permission_overrides (id, employee_id, permission, override_type, datecreated) FROM stdin;
\.


--
-- Data for Name: planinstallments; Type: TABLE DATA; Schema: dbo; Owner: -
--

COPY dbo.planinstallments (id, plan_id, installment_number, due_date, amount, status, paid_date, paid_amount, created_at) FROM stdin;
50c88f35-8259-43cc-afcd-3c2ac70b2fe7	d983100c-6b94-47a1-8fe0-28be1211bb62	1	2024-12-31	3167000.00	paid	2024-12-31	3167000.00	2026-04-10 11:50:52.949982
9f8c1d97-5c20-46d6-83dc-4dd7e4a527b2	d983100c-6b94-47a1-8fe0-28be1211bb62	2	2025-01-24	3167000.00	paid	2025-01-24	3167000.00	2026-04-10 11:50:52.950608
418c3570-916d-4039-a64c-2de3cf401bdf	d983100c-6b94-47a1-8fe0-28be1211bb62	3	2025-03-01	3167000.00	paid	2025-03-01	3167000.00	2026-04-10 11:50:52.951046
f9537274-12b8-464d-ae6f-9545726876e7	d983100c-6b94-47a1-8fe0-28be1211bb62	4	2025-04-02	3167000.00	paid	2025-04-02	3167000.00	2026-04-10 11:50:52.951458
ac84e86a-fe3c-45f3-862f-a28be0698bd4	d983100c-6b94-47a1-8fe0-28be1211bb62	5	2025-04-28	3167000.00	paid	2025-04-28	3167000.00	2026-04-10 11:50:52.951818
\.


--
-- Data for Name: productcategories; Type: TABLE DATA; Schema: dbo; Owner: -
--

COPY dbo.productcategories (id, name, completename, parentid, active, datecreated, lastupdated) FROM stdin;
7ab70791-8567-4f11-9f67-cc93621b7fbe	Bọc sứ	Bọc sứ	\N	t	2026-04-07 15:04:24.397361	2026-04-07 15:04:24.397361
40f1a1c0-f246-4767-b5d7-56920ee92a8a	Dán sứ	Dán sứ	\N	t	2026-04-07 15:04:24.397361	2026-04-07 15:04:24.397361
f6668b73-7161-48f5-a1d0-76cf00f9367b	Điều trị tổng quát	Điều trị tổng quát	\N	t	2026-04-07 15:04:24.397361	2026-04-07 15:04:24.397361
1d2c1143-54c3-4d17-9fca-41c631bb595c	Implant	Implant	\N	t	2026-04-07 15:04:24.397361	2026-04-07 15:04:24.397361
40e7d669-4c91-43ce-934e-e26e443f3b0e	KHÍ CỤ TWINBLOCK	KHÍ CỤ TWINBLOCK	\N	t	2026-04-07 15:04:24.397361	2026-04-07 15:04:24.397361
d09baedb-9fb9-4f4b-abb4-32ed3210054c	Máy tăm nước	Máy tăm nước	\N	t	2026-04-07 15:04:24.397361	2026-04-07 15:04:24.397361
5e1d60ec-69a2-4e73-bcc9-d3b40cb6f8ca	Nhổ răng	Nhổ răng	\N	t	2026-04-07 15:04:24.397361	2026-04-07 15:04:24.397361
d33a28a7-b432-4c71-b3a4-45e089d9f03c	Niềng răng	Niềng răng	\N	t	2026-04-07 15:04:24.397361	2026-04-07 15:04:24.397361
5af92657-0743-4e55-855c-e18b059abb15	Phẫu thuật và điều trị	Phẫu thuật và điều trị	\N	t	2026-04-07 15:04:24.397361	2026-04-07 15:04:24.397361
75a1b6aa-3363-42bd-ba17-7d9333e0ade8	Phục hình	Phục hình	\N	t	2026-04-07 15:04:24.397361	2026-04-07 15:04:24.397361
25c5dbc1-ef0f-42da-ade2-13b0eb8dd508	BỘC LỘ	BỘC LỘ	\N	t	2026-04-07 15:04:24.397361	2026-04-07 15:04:24.397361
\.


--
-- Data for Name: products; Type: TABLE DATA; Schema: dbo; Owner: -
--

COPY dbo.products (id, name, namenosign, defaultcode, type, type2, listprice, saleprice, purchaseprice, laboprice, categid, uomid, uomname, companyid, active, canorderlab, datecreated, lastupdated) FROM stdin;
468fa1df-5ebb-4aa6-82cf-b05b00a64ed3	Trám răng	tram rang	\N	service	service	1000000.00	0	0	0	\N	\N	Lần	\N	t	f	2026-04-14 11:47:48.099321	2026-04-14 11:47:48.099321
5a307d27-5595-42f0-ba33-84090adfbffe	RS CERCON	\N	SP0245	service	service	6000000	0	0	0	7ab70791-8567-4f11-9f67-cc93621b7fbe	\N	CÁI	\N	t	f	2026-04-07 15:04:24.398729	2026-04-07 15:04:24.398729
0b594a11-042a-45e6-854d-bc5090f8e09f	BỘC LỘ	\N	SP0296	service	service	1	0	0	0	25c5dbc1-ef0f-42da-ade2-13b0eb8dd508	\N	RĂNG	\N	t	f	2026-04-07 15:04:24.398729	2026-04-07 15:04:24.398729
cb9922e3-ee45-40b0-8d19-6fd45ea84d47	GẮN LẠI RĂNG SỨ	\N	SP0216	service	service	500000	0	0	0	40f1a1c0-f246-4767-b5d7-56920ee92a8a	\N	CÁI	\N	t	f	2026-04-07 15:04:24.398729	2026-04-07 15:04:24.398729
1eb1d181-0b43-4e4e-9152-0b429a112378	CẮT NƯỚU	\N	SP0303	service	service	1	0	0	0	f6668b73-7161-48f5-a1d0-76cf00f9367b	\N	RĂNG	\N	t	f	2026-04-07 15:04:24.398729	2026-04-07 15:04:24.398729
b5242df8-3a57-4d9e-a05a-a75858593d26	MÀI CHỈNH	\N	SP0302	service	service	1	0	0	0	f6668b73-7161-48f5-a1d0-76cf00f9367b	\N	RĂNG	\N	t	f	2026-04-07 15:04:24.398729	2026-04-07 15:04:24.398729
c56561d3-f136-47d7-a4c2-c3557a75dd9f	MÀI RĂNG	\N	SP0234	service	service	1	0	0	0	f6668b73-7161-48f5-a1d0-76cf00f9367b	\N	CÁI	\N	t	f	2026-04-07 15:04:24.398729	2026-04-07 15:04:24.398729
76a3c2ca-eb69-4d08-a165-6bcc65791e26	NHỔ RĂNG SỮA BÔI TÊ	\N	SP0235	service	service	1	0	0	0	f6668b73-7161-48f5-a1d0-76cf00f9367b	\N	0	\N	t	f	2026-04-07 15:04:24.398729	2026-04-07 15:04:24.398729
3f549708-a12a-4e8a-8c13-afe30053b7af	Trám răng	\N	DV0049	service	service	1000000	0	0	0	f6668b73-7161-48f5-a1d0-76cf00f9367b	\N	RĂNG	\N	t	f	2026-04-07 15:04:24.398729	2026-04-07 15:04:24.398729
9fb941ea-e1db-4ea9-b15a-b05b00a64eab	Cục cắn	\N	DV0010	service	service	50000	0	0	0	d33a28a7-b432-4c71-b3a4-45e089d9f03c	\N	CA	\N	t	f	2026-04-07 15:04:24.398729	2026-04-07 15:04:24.398729
4bc4ade1-3487-4a80-8b33-afe30053b79e	Niềng Mắc Cài Kim Loại Tiêu Chuẩn	nieng mac cai kim loai tieu chuan	\N	service	service	28000000.00	0	0	0	\N	\N	Lần	\N	t	f	2026-04-13 06:05:20.938359	2026-04-13 06:05:20.938359
458bc9df-818c-4ef8-91fb-eeb552b35b23	THÁO SỨ	\N	SP0236	service	service	300000	0	0	0	f6668b73-7161-48f5-a1d0-76cf00f9367b	\N	RĂNG	\N	t	f	2026-04-07 15:04:24.398729	2026-04-07 15:04:24.398729
58c0c646-34a5-4a55-a54d-24d8781ea06a	KHUNG TITAN	\N	SP0240	service	service	35000000	0	0	0	1d2c1143-54c3-4d17-9fca-41c631bb595c	\N	CÁI	\N	t	f	2026-04-07 15:04:24.398729	2026-04-07 15:04:24.398729
80846ae5-ea38-47dc-bbb7-623b80cf1b0c	KHÍ CỤ TWINBLOCK	\N	SP0297	service	service	1	0	0	0	40e7d669-4c91-43ce-934e-e26e443f3b0e	\N	KHÍ CỤ	\N	t	f	2026-04-07 15:04:24.398729	2026-04-07 15:04:24.398729
008f1118-5113-4a0c-a9d1-3b137bab443f	Nhổ răng sữa chích tê	\N	SP0215	service	service	100000	0	0	0	5e1d60ec-69a2-4e73-bcc9-d3b40cb6f8ca	\N	1	\N	t	f	2026-04-07 15:04:24.398729	2026-04-07 15:04:24.398729
cfb7fe4e-bc5a-40dd-af5c-b506a4468b77	CHỈNH DÂY FIX	\N	SP0299	service	service	1	0	0	0	d33a28a7-b432-4c71-b3a4-45e089d9f03c	\N	RĂNG	\N	t	f	2026-04-07 15:04:24.398729	2026-04-07 15:04:24.398729
583d3d47-da61-40e8-9815-5b5f33374038	CẮT THẮNG MÔI	\N	SP0278	service	service	1000000	0	0	0	d33a28a7-b432-4c71-b3a4-45e089d9f03c	\N	ĐỒNG	\N	t	f	2026-04-07 15:04:24.398729	2026-04-07 15:04:24.398729
9a616bc5-5aab-4a96-9dee-19015920d76f	CHỈNH DÂY FIX 2	\N	SP0300	service	service	1	0	0	0	d33a28a7-b432-4c71-b3a4-45e089d9f03c	\N	RĂNG	\N	t	f	2026-04-07 15:04:24.398729	2026-04-07 15:04:24.398729
e6daa982-22d1-4e03-b7b8-e3597fad452a	GẮN LẠI MẮC CÀI	\N	SP0249	service	service	100000	0	0	0	d33a28a7-b432-4c71-b3a4-45e089d9f03c	\N	VND	\N	t	f	2026-04-07 15:04:24.398729	2026-04-07 15:04:24.398729
5a68e951-d755-45e6-becf-bcfeacc5955c	KHAY TRONG SUỐT	\N	SP0012	service	service	60000000	0	0	0	d33a28a7-b432-4c71-b3a4-45e089d9f03c	\N	1	\N	t	f	2026-04-07 15:04:24.398729	2026-04-07 15:04:24.398729
db76feed-5b6a-414d-af0f-b750a0039c73	MẮC CÀI KIM LOẠI TIÊU CHUẨN	\N	SP0291	service	service	1	0	0	0	d33a28a7-b432-4c71-b3a4-45e089d9f03c	\N	19000000	\N	t	f	2026-04-07 15:04:24.398729	2026-04-07 15:04:24.398729
3a6ea16d-ed96-4f04-a71b-478626ed03af	Tạo Khoảng Phục Hình	\N	SP0281	service	service	4000000	0	0	0	d33a28a7-b432-4c71-b3a4-45e089d9f03c	\N	1	\N	t	f	2026-04-07 15:04:24.398729	2026-04-07 15:04:24.398729
0d44f1ab-4ff0-4bf8-882a-cade36c46406	TINH CHỈNH RĂNG TIẾP TỤC	\N	SP0241	service	service	3000000	0	0	0	d33a28a7-b432-4c71-b3a4-45e089d9f03c	\N	Đ	\N	t	f	2026-04-07 15:04:24.398729	2026-04-07 15:04:24.398729
2c315f68-2c67-4417-b7e0-b05b00a64eb8	Lấy cao răng	\N	DV0057	service	service	300000	0	0	0	f6668b73-7161-48f5-a1d0-76cf00f9367b	\N	CA	\N	t	f	2026-04-07 15:04:24.398729	2026-04-07 15:04:24.398729
35534c7e-a614-4515-b790-50a3914c1dfc	Abutment	abutment	\N	service	service	3000000	0	0	0	\N	\N	LẦN	c6b4b453-d260-46d4-4fd9-08db24f7ae8e	t	f	2026-04-09 09:46:09.906	2026-04-09 09:46:09.906
3ff661b5-98bf-4eea-8d67-cb9248fcd004	Cắm chốt	\N	SP0288	service	service	1	0	0	0	7ab70791-8567-4f11-9f67-cc93621b7fbe	\N	RĂNG	\N	t	f	2026-04-07 15:04:24.398729	2026-04-07 15:04:24.398729
329e287f-0394-48b6-b766-63892115b48f	Chốt sợi	\N	DV0020	service	service	2000000	0	0	0	7ab70791-8567-4f11-9f67-cc93621b7fbe	\N	RĂNG	\N	t	t	2026-04-07 15:04:24.398729	2026-04-07 15:04:24.398729
58e5f26a-d9a9-44be-8b75-32f360c946e1	Chốt sợi thủy tinh	\N	SP0244	service	service	800000	0	0	0	7ab70791-8567-4f11-9f67-cc93621b7fbe	\N	ĐỒNG	\N	t	f	2026-04-07 15:04:24.398729	2026-04-07 15:04:24.398729
361c04a8-ec53-4dd2-9cc8-f29497801f3f	Cùi giả kim loại	\N	SP0265	service	service	1000000	0	0	0	7ab70791-8567-4f11-9f67-cc93621b7fbe	\N	ĐỒNG	\N	t	f	2026-04-07 15:04:24.398729	2026-04-07 15:04:24.398729
c25c8d99-3805-4d56-911a-c755f0007032	Cùi giả sứ	\N	SP0243	service	service	1500000	0	0	0	7ab70791-8567-4f11-9f67-cc93621b7fbe	\N	ĐỒNG	\N	t	f	2026-04-07 15:04:24.398729	2026-04-07 15:04:24.398729
2edb1be4-bbed-4653-a702-32c0c7af8f4e	Đặt chốt	\N	SP0247	service	service	800000	0	0	0	7ab70791-8567-4f11-9f67-cc93621b7fbe	\N	ĐỒNG	\N	t	f	2026-04-07 15:04:24.398729	2026-04-07 15:04:24.398729
9cc79779-c911-497b-af92-a73ad2f92c62	KHUNG NHỰA	\N	SP0248	service	service	5000000	0	0	0	7ab70791-8567-4f11-9f67-cc93621b7fbe	\N	CÁI	\N	t	f	2026-04-07 15:04:24.398729	2026-04-07 15:04:24.398729
10d3e897-dbb7-431a-906e-8859fe9ec8e8	Mão tạm	\N	SP0246	service	service	300000	0	0	0	7ab70791-8567-4f11-9f67-cc93621b7fbe	\N	ĐỒNG	\N	t	f	2026-04-07 15:04:24.398729	2026-04-07 15:04:24.398729
d102644f-bae9-4ac7-97ce-8f8c0e026365	RS 3M Lava Plus	\N	DV0011	service	service	8000000	0	0	0	7ab70791-8567-4f11-9f67-cc93621b7fbe	\N	RĂNG	\N	t	t	2026-04-07 15:04:24.398729	2026-04-07 15:04:24.398729
77d04792-9ead-407e-bf1f-d247f73fbb52	RS Ceramill	\N	DV0012	service	service	5500000	0	0	0	7ab70791-8567-4f11-9f67-cc93621b7fbe	\N	RĂNG	\N	t	t	2026-04-07 15:04:24.398729	2026-04-07 15:04:24.398729
fedf5b4f-ef2b-49c0-a5bf-8e5c2f0649b5	RS Cercon HT	\N	DV0013	service	service	6000000	0	0	0	7ab70791-8567-4f11-9f67-cc93621b7fbe	\N	RĂNG	\N	t	t	2026-04-07 15:04:24.398729	2026-04-07 15:04:24.398729
d451bfbb-cd82-47c4-9c7f-68e61aeceaef	RS Emax	\N	DV0014	service	service	5500000	0	0	0	7ab70791-8567-4f11-9f67-cc93621b7fbe	\N	RĂNG	\N	t	t	2026-04-07 15:04:24.398729	2026-04-07 15:04:24.398729
84467ce0-04c7-45b1-8fd6-8046046cc2fc	RS Ful Zirconia	\N	DV0015	service	service	3500000	0	0	0	7ab70791-8567-4f11-9f67-cc93621b7fbe	\N	RĂNG	\N	t	t	2026-04-07 15:04:24.398729	2026-04-07 15:04:24.398729
3c7cb95c-f2ac-47bd-9b98-b676edd38d24	RS HT Smile	\N	DV0016	service	service	6000000	0	0	0	7ab70791-8567-4f11-9f67-cc93621b7fbe	\N	RĂNG	\N	t	t	2026-04-07 15:04:24.398729	2026-04-07 15:04:24.398729
e8f42a48-913d-4a8a-960a-6427cab4e5fd	RS Katana	\N	DV0017	service	service	2500000	0	0	0	7ab70791-8567-4f11-9f67-cc93621b7fbe	\N	RĂNG	\N	t	t	2026-04-07 15:04:24.398729	2026-04-07 15:04:24.398729
62a2785a-d066-476c-aa77-8afeb6369823	RS Nacera Vita	\N	DV0018	service	service	6500000	0	0	0	7ab70791-8567-4f11-9f67-cc93621b7fbe	\N	RĂNG	\N	t	t	2026-04-07 15:04:24.398729	2026-04-07 15:04:24.398729
69b343fe-d5aa-4750-9946-5727e8667e9a	RS Titan	\N	SP0290	service	service	3000000	0	0	0	7ab70791-8567-4f11-9f67-cc93621b7fbe	\N	RĂNG	\N	t	f	2026-04-07 15:04:24.398729	2026-04-07 15:04:24.398729
b11cf8bc-11cf-43a5-8709-9208ed90b3b5	RS Venus 3D	\N	DV0019	service	service	3000000	0	0	0	7ab70791-8567-4f11-9f67-cc93621b7fbe	\N	RĂNG	\N	t	t	2026-04-07 15:04:24.398729	2026-04-07 15:04:24.398729
cf1e099a-d20b-4692-ad6a-25dcb22ff6dd	Dán sứ Veneer Caramay Ngọc Trai	\N	DV0021	service	service	9200000	0	0	0	40f1a1c0-f246-4767-b5d7-56920ee92a8a	\N	RĂNG	\N	t	t	2026-04-07 15:04:24.398729	2026-04-07 15:04:24.398729
b1ec2830-e64c-4dac-8c2e-a9dd74ff54d2	Dán sứ Veneer Emax Press	\N	DV0022	service	service	7200000	0	0	0	40f1a1c0-f246-4767-b5d7-56920ee92a8a	\N	RĂNG	\N	t	t	2026-04-07 15:04:24.398729	2026-04-07 15:04:24.398729
1bbe0a45-96c5-408d-8a69-62930b524228	Dán sứ Veneer Lava	\N	DV0023	service	service	14200000	0	0	0	40f1a1c0-f246-4767-b5d7-56920ee92a8a	\N	RĂNG	\N	t	t	2026-04-07 15:04:24.398729	2026-04-07 15:04:24.398729
1d49e342-591e-489d-a1c7-128d8fbbb7d7	Đính đá	\N	SP0253	service	service	500000	0	0	0	40f1a1c0-f246-4767-b5d7-56920ee92a8a	\N	ĐỒNG	\N	t	f	2026-04-07 15:04:24.398729	2026-04-07 15:04:24.398729
5eafc39e-a61b-443c-961d-e55a61dab0ec	Cắt cầu răng	\N	SP0237	service	service	1	0	0	0	f6668b73-7161-48f5-a1d0-76cf00f9367b	\N	RĂNG	\N	t	f	2026-04-07 15:04:24.398729	2026-04-07 15:04:24.398729
c184b96e-bdd9-443e-87c8-8dc788ab28b2	CẮT CHỈ	\N	SP0201	service	service	200000	0	0	0	f6668b73-7161-48f5-a1d0-76cf00f9367b	\N	CÁI	\N	t	f	2026-04-07 15:04:24.398729	2026-04-07 15:04:24.398729
d1b18d07-d858-4c2b-ae42-056eee18dbbf	CẮT LỢI TRÙM (THƯỜNG)	\N	SP0218	service	service	300000	0	0	0	f6668b73-7161-48f5-a1d0-76cf00f9367b	\N	CÁI	\N	t	f	2026-04-07 15:04:24.398729	2026-04-07 15:04:24.398729
b8d7f344-1143-41d9-8298-33c2aaa1efc7	Cắt lợi+ Hạ xương ổ răng	\N	DV0051	service	service	1500000	0	0	0	f6668b73-7161-48f5-a1d0-76cf00f9367b	\N	RĂNG	\N	t	f	2026-04-07 15:04:24.398729	2026-04-07 15:04:24.398729
023380a5-fb62-4342-9893-e1a393e53a26	chữa áp xe chân răng số 46	\N	SP0261	service	service	500000	0	0	0	f6668b73-7161-48f5-a1d0-76cf00f9367b	\N	CÁI	\N	t	f	2026-04-07 15:04:24.398729	2026-04-07 15:04:24.398729
ed0ad2d9-bdbc-4231-b0e6-05513a84a613	Chụp phim	\N	SP0269	service	service	1	0	0	0	f6668b73-7161-48f5-a1d0-76cf00f9367b	\N	LẦN	\N	t	f	2026-04-07 15:04:24.398729	2026-04-07 15:04:24.398729
b7c821bc-8b8a-41fb-a9eb-ec74301a939b	Đánh bóng làm sạch	\N	SP0252	service	service	100000	0	0	0	f6668b73-7161-48f5-a1d0-76cf00f9367b	\N	Đ	\N	t	f	2026-04-07 15:04:24.398729	2026-04-07 15:04:24.398729
f6f5a273-2cd8-4638-8558-f726ab05860b	ĐIỀU TRỊ NHA CHU	\N	SP0306	service	service	1	0	0	0	f6668b73-7161-48f5-a1d0-76cf00f9367b	\N	RĂNG	\N	t	f	2026-04-07 15:04:24.398729	2026-04-07 15:04:24.398729
0d926ee7-4c3d-40ee-a80d-8b73feef8825	Điều trị sâu ngà răng phục hồi bằng composite	\N	SP0286	service	service	300000	0	0	0	f6668b73-7161-48f5-a1d0-76cf00f9367b	\N	RĂNG	\N	t	f	2026-04-07 15:04:24.398729	2026-04-07 15:04:24.398729
09cef79f-29b5-44fe-b83a-9617f8932ef3	Điều trị tủy	\N	DV0047	service	service	2000000	0	0	0	f6668b73-7161-48f5-a1d0-76cf00f9367b	\N	RĂNG	\N	t	f	2026-04-07 15:04:24.398729	2026-04-07 15:04:24.398729
5314bb1a-4a67-4c2f-b728-55cd39c9c4ef	Điều trị tủy lại	\N	DV0048	service	service	3000000	0	0	0	f6668b73-7161-48f5-a1d0-76cf00f9367b	\N	RĂNG	\N	t	f	2026-04-07 15:04:24.398729	2026-04-07 15:04:24.398729
482519a4-cb2d-4574-995b-ef2531e76879	Điều trị viêm lợi	\N	SP0274	service	service	1	0	0	0	f6668b73-7161-48f5-a1d0-76cf00f9367b	\N	GÓI	\N	t	f	2026-04-07 15:04:24.398729	2026-04-07 15:04:24.398729
0573920c-941e-4a7a-8000-92e5dd170a24	Điều trị viêm quanh răng	\N	DV0056	service	service	750000	0	0	0	f6668b73-7161-48f5-a1d0-76cf00f9367b	\N	CA	\N	t	f	2026-04-07 15:04:24.398729	2026-04-07 15:04:24.398729
87e3f57c-6c27-491d-9238-72dcf222401c	GẮN HỘT	\N	SP0202	service	service	500000	0	0	0	f6668b73-7161-48f5-a1d0-76cf00f9367b	\N	HỘT	\N	t	f	2026-04-07 15:04:24.398729	2026-04-07 15:04:24.398729
00fd330a-3b43-422c-9a31-9e9452141546	Gắn lại răng sứ bị rớt	\N	SP0238	service	service	1	0	0	0	f6668b73-7161-48f5-a1d0-76cf00f9367b	\N	RĂNG	\N	t	f	2026-04-07 15:04:24.398729	2026-04-07 15:04:24.398729
32bf760f-8395-4fd0-91b5-3699afe5013a	KHÍ CỤ NÂNG KHỚP	\N	SP0004	service	service	1500000	0	0	0	f6668b73-7161-48f5-a1d0-76cf00f9367b	\N	CÁI	\N	t	f	2026-04-07 15:04:24.398729	2026-04-07 15:04:24.398729
a0313d88-ebd4-417d-9141-1adbc1a290d6	Làm sạch chuyên sâu Clean Teeth	\N	DV0058	service	service	380000	0	0	0	f6668b73-7161-48f5-a1d0-76cf00f9367b	\N	CA	\N	t	f	2026-04-07 15:04:24.398729	2026-04-07 15:04:24.398729
ff7e958d-c966-473f-b1c1-b32241242975	Laser Cắt lợi trùm (răng khôn)	\N	DV0052	service	service	1500000	0	0	0	f6668b73-7161-48f5-a1d0-76cf00f9367b	\N	RĂNG	\N	t	f	2026-04-07 15:04:24.398729	2026-04-07 15:04:24.398729
c1efe8fb-529c-44f7-a6ab-108fe87b4088	Laser Cắt Phanh môi (điều trị răng hô)	\N	DV0053	service	service	1500000	0	0	0	f6668b73-7161-48f5-a1d0-76cf00f9367b	\N	RĂNG	\N	t	f	2026-04-07 15:04:24.398729	2026-04-07 15:04:24.398729
7b51757d-a711-4132-b8e3-3a3850cf61a9	Máng chống nghiến	\N	SP0242	service	service	1500000	0	0	0	f6668b73-7161-48f5-a1d0-76cf00f9367b	\N	ĐỒNG	\N	t	f	2026-04-07 15:04:24.398729	2026-04-07 15:04:24.398729
6ff88f34-fe56-4ab2-8557-cd9481529d25	Nạo Nha Chu	\N	SP0005	service	service	1000000	0	0	0	f6668b73-7161-48f5-a1d0-76cf00f9367b	\N	RĂNG	\N	t	f	2026-04-07 15:04:24.398729	2026-04-07 15:04:24.398729
28688ea0-1685-41cf-8ee9-bc4b84e1d2b8	NÚT GỠ	\N	SP0011	service	service	3000000	0	0	0	f6668b73-7161-48f5-a1d0-76cf00f9367b	\N	CÁI	\N	t	f	2026-04-07 15:04:24.398729	2026-04-07 15:04:24.398729
cd28de44-17c5-4039-93b8-d771a50d36ad	Phá composite răng khểnh	\N	SP0285	service	service	1	0	0	0	f6668b73-7161-48f5-a1d0-76cf00f9367b	\N	RĂNG	\N	t	f	2026-04-07 15:04:24.398729	2026-04-07 15:04:24.398729
3cc3441a-3f05-4d97-9296-b2aff1b6517b	Phẫu thuật cưỡi hở lợi	\N	DV0050	service	service	1200000	0	0	0	f6668b73-7161-48f5-a1d0-76cf00f9367b	\N	RĂNG	\N	t	f	2026-04-07 15:04:24.398729	2026-04-07 15:04:24.398729
240b8fb9-e935-4ef6-8e97-250ea070a367	Phí quẹt thẻ	\N	SP0254	service	service	150000	0	0	0	f6668b73-7161-48f5-a1d0-76cf00f9367b	\N	ĐỒNG	\N	t	f	2026-04-07 15:04:24.398729	2026-04-07 15:04:24.398729
3bb2b7c9-773f-4e17-91ac-3a4a9d72a839	Phí quẹt thẻ	\N	SP0255	service	service	150000	0	0	0	f6668b73-7161-48f5-a1d0-76cf00f9367b	\N	ĐỒNG	\N	t	f	2026-04-07 15:04:24.398729	2026-04-07 15:04:24.398729
339b3ca8-fe3e-4537-9737-7985c738b310	Răng tạm	\N	SP0266	service	service	500000	0	0	0	f6668b73-7161-48f5-a1d0-76cf00f9367b	\N	RĂNG	\N	t	f	2026-04-07 15:04:24.398729	2026-04-07 15:04:24.398729
d8c0c709-31ba-4a1d-a8d5-34a52ecf49f3	Tẩy trắng răng tại nhà	\N	DV0055	service	service	800000	0	0	0	f6668b73-7161-48f5-a1d0-76cf00f9367b	\N	CA	\N	t	f	2026-04-07 15:04:24.398729	2026-04-07 15:04:24.398729
ace5ec55-13cb-4fa1-a2dd-dc08e0be3eea	Tẩy trắng răng tại Phòng khám	\N	DV0054	service	service	1500000	0	0	0	f6668b73-7161-48f5-a1d0-76cf00f9367b	\N	CA	\N	t	f	2026-04-07 15:04:24.398729	2026-04-07 15:04:24.398729
a0fc7f0c-cf58-40db-be78-5ac01efb34f2	Tiểu phẫu bộc lộ răng ngầm	\N	SP0298	service	service	1000000	0	0	0	f6668b73-7161-48f5-a1d0-76cf00f9367b	\N	RĂNG	\N	t	f	2026-04-07 15:04:24.398729	2026-04-07 15:04:24.398729
a03e258b-8532-4cf1-b6f4-e8f4ed8e8356	Trám cổ răng	\N	SP0287	service	service	1	0	0	0	f6668b73-7161-48f5-a1d0-76cf00f9367b	\N	RĂNG	\N	t	f	2026-04-07 15:04:24.398729	2026-04-07 15:04:24.398729
07e030d9-2a2d-4163-b308-70ffd34dc3f5	Trám răng sữa	\N	SP0239	service	service	1	0	0	0	f6668b73-7161-48f5-a1d0-76cf00f9367b	\N	RĂNG	\N	t	f	2026-04-07 15:04:24.398729	2026-04-07 15:04:24.398729
c42f7fe5-be25-401a-969c-e0754051fa65	Trám thẩm mỹ	\N	SP0279	service	service	1	0	0	0	f6668b73-7161-48f5-a1d0-76cf00f9367b	\N	CÁI	\N	t	f	2026-04-07 15:04:24.398729	2026-04-07 15:04:24.398729
571dab82-eee4-456c-bdd9-eabfcae3f03c	Abutment	\N	DV0034	service	service	3000000	0	0	0	1d2c1143-54c3-4d17-9fca-41c631bb595c	\N	RĂNG	\N	t	t	2026-04-07 15:04:24.398729	2026-04-07 15:04:24.398729
2f9bf133-d7e1-4857-aad9-bc82708173fe	Full Implant Hàn Quốc	\N	DV0028	service	service	22000000	0	0	0	1d2c1143-54c3-4d17-9fca-41c631bb595c	\N	RĂNG	\N	t	t	2026-04-07 15:04:24.398729	2026-04-07 15:04:24.398729
e90e4e3b-0038-492b-a288-548a1928de50	Full Implant Mỹ	\N	DV0024	service	service	24000000	0	0	0	1d2c1143-54c3-4d17-9fca-41c631bb595c	\N	RĂNG	\N	t	t	2026-04-07 15:04:24.398729	2026-04-07 15:04:24.398729
444cef42-fe32-4dc6-92a1-d891d8f34e66	Full Implant Pháp	\N	DV0025	service	service	27000000	0	0	0	1d2c1143-54c3-4d17-9fca-41c631bb595c	\N	RĂNG	\N	t	t	2026-04-07 15:04:24.398729	2026-04-07 15:04:24.398729
ff396c6d-0151-442d-9b41-4a0bffefb4f7	Full Implant Thụy Điển	\N	DV0027	service	service	39000000	0	0	0	1d2c1143-54c3-4d17-9fca-41c631bb595c	\N	RĂNG	\N	t	t	2026-04-07 15:04:24.398729	2026-04-07 15:04:24.398729
bbe63d7e-06a4-45b2-8ca9-a1ce76e105ce	Full Implant Thụy Sĩ	\N	DV0026	service	service	36000000	0	0	0	1d2c1143-54c3-4d17-9fca-41c631bb595c	\N	RĂNG	\N	t	t	2026-04-07 15:04:24.398729	2026-04-07 15:04:24.398729
cafa7c91-c344-466b-b794-7993f9e90f1b	Mão sứ	\N	DV0035	service	service	8000000	0	0	0	1d2c1143-54c3-4d17-9fca-41c631bb595c	\N	RĂNG	\N	t	t	2026-04-07 15:04:24.398729	2026-04-07 15:04:24.398729
b924e7c4-9204-4032-9d56-107db0df1404	Phẫu thuật ghép xương bột	\N	DV0036	service	service	8000000	0	0	0	1d2c1143-54c3-4d17-9fca-41c631bb595c	\N	ĐƠN VỊ	\N	t	f	2026-04-07 15:04:24.398729	2026-04-07 15:04:24.398729
d7ec513e-6881-4fa3-91ef-f2de2c069ca0	Phẫu thuật lấy trụ Implant cũ	\N	DV0037	service	service	3000000	0	0	0	1d2c1143-54c3-4d17-9fca-41c631bb595c	\N	RĂNG	\N	t	f	2026-04-07 15:04:24.398729	2026-04-07 15:04:24.398729
839dd507-dfea-40dd-b9c9-4742f29a6203	Phẫu thuật nâng xoang hở	\N	DV0038	service	service	15000000	0	0	0	1d2c1143-54c3-4d17-9fca-41c631bb595c	\N	ĐƠN VỊ	\N	t	f	2026-04-07 15:04:24.398729	2026-04-07 15:04:24.398729
f5307782-aacb-4787-954a-0cdcc6e4aff6	Phẫu thuật nâng xoang kín	\N	DV0039	service	service	6000000	0	0	0	1d2c1143-54c3-4d17-9fca-41c631bb595c	\N	ĐƠN VỊ	\N	t	f	2026-04-07 15:04:24.398729	2026-04-07 15:04:24.398729
8c746b4e-1fca-4a7c-888e-65e3eb990dea	MÁY TĂM NƯỚC PROCARE A3	\N	PROCARE A3	service	service	1200000	0	0	0	d09baedb-9fb9-4f4b-abb4-32ed3210054c	\N	CÁI	\N	t	f	2026-04-07 15:04:24.398729	2026-04-07 15:04:24.398729
798f19ff-6f14-44af-8277-c142eaaeba59	Máy tăm nước Prosencor	\N	SP0270	service	service	1300000	0	0	0	d09baedb-9fb9-4f4b-abb4-32ed3210054c	\N	CÁI	\N	t	f	2026-04-07 15:04:24.398729	2026-04-07 15:04:24.398729
ab88511c-fd8c-417a-adc7-1567f95079e6	Chấm thuốc	\N	SP0272	service	service	1	0	0	0	5e1d60ec-69a2-4e73-bcc9-d3b40cb6f8ca	\N	LẦN	\N	t	f	2026-04-07 15:04:24.398729	2026-04-07 15:04:24.398729
6a1d1887-713f-47a6-8a14-3bda3aa3519a	Nhổ chân R26	\N	SP0267	service	service	700000	0	0	0	5e1d60ec-69a2-4e73-bcc9-d3b40cb6f8ca	\N	CÁI	\N	t	f	2026-04-07 15:04:24.398729	2026-04-07 15:04:24.398729
dfeb45f2-1a62-40f9-8410-80a2fb00be7d	Nhổ chân răng số 6	\N	SP0257	service	service	500000	0	0	0	5e1d60ec-69a2-4e73-bcc9-d3b40cb6f8ca	\N	CÁI	\N	t	f	2026-04-07 15:04:24.398729	2026-04-07 15:04:24.398729
13fd450d-4cca-4b86-b2d6-f45522509ccc	Nhổ chân răng Vĩnh viễn	\N	DV0042	service	service	1000000	0	0	0	5e1d60ec-69a2-4e73-bcc9-d3b40cb6f8ca	\N	RĂNG	\N	t	f	2026-04-07 15:04:24.398729	2026-04-07 15:04:24.398729
32c6e929-59b4-4e4c-ba4d-dc9da42ce8c3	nhổ răng dư	\N	SP0214	service	service	1	0	0	0	5e1d60ec-69a2-4e73-bcc9-d3b40cb6f8ca	\N	ĐỒNG	\N	t	f	2026-04-07 15:04:24.398729	2026-04-07 15:04:24.398729
758d922d-c353-4516-89be-ab74d3dc2170	Nhổ răng kẹ	\N	SP0284	service	service	1	0	0	0	5e1d60ec-69a2-4e73-bcc9-d3b40cb6f8ca	\N	CÁI	\N	t	f	2026-04-07 15:04:24.398729	2026-04-07 15:04:24.398729
40b0cc31-4024-41b4-b236-aa028c9b9055	Nhổ răng khôn hàm trên	\N	DV0044	service	service	3500000	0	0	0	5e1d60ec-69a2-4e73-bcc9-d3b40cb6f8ca	\N	RĂNG	\N	t	f	2026-04-07 15:04:24.398729	2026-04-07 15:04:24.398729
5b472eca-5306-42ac-8bb2-7a280badea3d	Nhổ răng ngầm	\N	DV0046	service	service	7000000	0	0	0	5e1d60ec-69a2-4e73-bcc9-d3b40cb6f8ca	\N	RĂNG	\N	t	f	2026-04-07 15:04:24.398729	2026-04-07 15:04:24.398729
58d42702-0300-49b7-a8e5-5c34f0f2885b	Nhổ răng sữa	\N	SP0276	service	service	1	0	0	0	5e1d60ec-69a2-4e73-bcc9-d3b40cb6f8ca	\N	CÁI	\N	t	f	2026-04-07 15:04:24.398729	2026-04-07 15:04:24.398729
7343ea92-8357-4e3c-a992-c8f6a5a68d93	Nhổ răng thừa, lạc chỗ	\N	DV0043	service	service	2200000	0	0	0	5e1d60ec-69a2-4e73-bcc9-d3b40cb6f8ca	\N	RĂNG	\N	t	f	2026-04-07 15:04:24.398729	2026-04-07 15:04:24.398729
0c5c11d0-0bb7-4faa-ac0f-39acf7ef3946	Nhổ răng Vĩnh viễn	\N	DV0041	service	service	2200000	0	0	0	5e1d60ec-69a2-4e73-bcc9-d3b40cb6f8ca	\N	RĂNG	\N	t	f	2026-04-07 15:04:24.398729	2026-04-07 15:04:24.398729
a749579c-1eaa-4f2b-8d49-2de0300dc159	Răng sữa	\N	DV0040	service	service	0	0	0	0	5e1d60ec-69a2-4e73-bcc9-d3b40cb6f8ca	\N	RĂNG	\N	t	f	2026-04-07 15:04:24.398729	2026-04-07 15:04:24.398729
5df23c54-6709-420e-b24b-55b2eb264621	Tiểu phẫu răng	\N	SP0262	service	service	1200000	0	0	0	5e1d60ec-69a2-4e73-bcc9-d3b40cb6f8ca	\N	Đ	\N	t	f	2026-04-07 15:04:24.398729	2026-04-07 15:04:24.398729
f65827ae-4a7d-4f6b-8edb-1a641456ba01	Band	\N	SP0305	service	service	300000	0	0	0	d33a28a7-b432-4c71-b3a4-45e089d9f03c	\N	CÁI	\N	t	f	2026-04-07 15:04:24.398729	2026-04-07 15:04:24.398729
46972887-cbc9-41a4-b94a-8fccceccd56e	Bộ mắc cài kim loại tự đóng	\N	SP0293	service	service	2500000	0	0	0	d33a28a7-b432-4c71-b3a4-45e089d9f03c	\N	BỘ	\N	t	f	2026-04-07 15:04:24.398729	2026-04-07 15:04:24.398729
7a091b70-b2a2-441c-8cd6-aa5ffc57d6e2	Bộ mắc cài sứ tiêu chuẩn	\N	SP0294	service	service	3500000	0	0	0	d33a28a7-b432-4c71-b3a4-45e089d9f03c	\N	BỘ	\N	t	f	2026-04-07 15:04:24.398729	2026-04-07 15:04:24.398729
7ab8369c-0f15-4d74-8af2-bbd1f9b2fe05	Bộ mắc cài sứ tự đóng	\N	SP0295	service	service	4500000	0	0	0	d33a28a7-b432-4c71-b3a4-45e089d9f03c	\N	BỘ	\N	t	f	2026-04-07 15:04:24.398729	2026-04-07 15:04:24.398729
8e5fe5b0-645f-435f-94bf-8167f0e72b20	Cắm 4 vít	\N	SP0258	service	service	2000000	0	0	0	d33a28a7-b432-4c71-b3a4-45e089d9f03c	\N	CÁI	\N	t	f	2026-04-07 15:04:24.398729	2026-04-07 15:04:24.398729
67d5dd94-5e48-4409-a619-3186048bbfef	Cắt dây cung	\N	SP0282	service	service	1	0	0	0	d33a28a7-b432-4c71-b3a4-45e089d9f03c	\N	LẦN	\N	t	f	2026-04-07 15:04:24.398729	2026-04-07 15:04:24.398729
6aeab6c2-5dfd-4f36-afc0-3910636c35a2	Chun chỉnh nha	\N	SP0264	service	service	50000	0	0	0	d33a28a7-b432-4c71-b3a4-45e089d9f03c	\N	TÚI	\N	t	f	2026-04-07 15:04:24.398729	2026-04-07 15:04:24.398729
c2093849-cd2c-4ec8-a750-fbadd3be3733	Gắn Lại Dây Cung	\N	SP0251	service	service	100000	0	0	0	d33a28a7-b432-4c71-b3a4-45e089d9f03c	\N	Đ	\N	t	f	2026-04-07 15:04:24.398729	2026-04-07 15:04:24.398729
a4359b5d-a8c6-485d-bb0a-8e2c1bf9109b	Gói niềng tiền chỉnh nha	\N	SP0271	service	service	15000000	0	0	0	d33a28a7-b432-4c71-b3a4-45e089d9f03c	\N	CA	\N	t	f	2026-04-07 15:04:24.398729	2026-04-07 15:04:24.398729
4a6c2c57-9384-4697-85df-3fe51a61b49c	Hàm cung khẩu cái	\N	SP0280	service	service	1	0	0	0	d33a28a7-b432-4c71-b3a4-45e089d9f03c	\N	HÀM	\N	t	f	2026-04-07 15:04:24.398729	2026-04-07 15:04:24.398729
e3ed1924-9986-4143-ad79-25be5a4774c3	Hàm cung lưỡi	\N	SP0275	service	service	1	0	0	0	d33a28a7-b432-4c71-b3a4-45e089d9f03c	\N	HÀM	\N	t	f	2026-04-07 15:04:24.398729	2026-04-07 15:04:24.398729
0829a82a-24e5-40cb-be78-bba3e842eacb	Hàm duy trì	\N	DV0009	service	service	4000000	0	0	0	d33a28a7-b432-4c71-b3a4-45e089d9f03c	\N	CA	\N	t	t	2026-04-07 15:04:24.398729	2026-04-07 15:04:24.398729
7b216146-dc95-41d0-9e9f-22d614da7abc	Hàm giữ khoảng	\N	SP0301	service	service	1	0	0	0	d33a28a7-b432-4c71-b3a4-45e089d9f03c	\N	HÀM	\N	t	f	2026-04-07 15:04:24.398729	2026-04-07 15:04:24.398729
4785f4b9-9655-4fa0-93cd-139b396e4e3e	KHÍ CỤ ĐỊNH VỊ HÀM	\N	SP0006	service	service	2000000	0	0	0	d33a28a7-b432-4c71-b3a4-45e089d9f03c	\N	HÀM	\N	t	f	2026-04-07 15:04:24.398729	2026-04-07 15:04:24.398729
aa9841fa-d139-4a84-8092-afe30053b7ad	Nhổ răng khôn hàm dưới	\N	DV0045	service	service	4000000	0	0	0	5e1d60ec-69a2-4e73-bcc9-d3b40cb6f8ca	\N	RĂNG	\N	t	f	2026-04-07 15:04:24.398729	2026-04-07 15:04:24.398729
293feac1-b966-4fd9-b090-b2de008118c9	Bộ Mắc Cài Kim Loại Tiêu Chuẩn	\N	SP0292	service	service	1	0	0	0	d33a28a7-b432-4c71-b3a4-45e089d9f03c	\N	BỘ	\N	t	f	2026-04-07 15:04:24.398729	2026-04-07 15:04:24.398729
7a50f31a-5656-4eb4-9f8f-373332f3c2f4	KHÍ CỤ NONG HÀM NHANH	\N	SP0007	service	service	4000000	0	0	0	d33a28a7-b432-4c71-b3a4-45e089d9f03c	\N	HÀM	\N	t	f	2026-04-07 15:04:24.398729	2026-04-07 15:04:24.398729
d1ba9218-1074-4fa0-b615-c3c05625baa4	KHÍ CỤ NONG HÀM THƯỜNG	\N	SP0003	service	service	2500000	0	0	0	d33a28a7-b432-4c71-b3a4-45e089d9f03c	\N	HÀM	\N	t	f	2026-04-07 15:04:24.398729	2026-04-07 15:04:24.398729
99f3b8cb-0d64-4db1-b15d-5b62b2b01919	Khí Cụ Tật Lưỡi	\N	SP0256	service	service	5000000	0	0	0	d33a28a7-b432-4c71-b3a4-45e089d9f03c	\N	CÁI	\N	t	f	2026-04-07 15:04:24.398729	2026-04-07 15:04:24.398729
65b53e8b-08c2-40c3-9c14-cba2312a1b4b	Mắc cài kim loại lẻ	\N	DV0006	service	service	100000	0	0	0	d33a28a7-b432-4c71-b3a4-45e089d9f03c	\N	CA	\N	t	f	2026-04-07 15:04:24.398729	2026-04-07 15:04:24.398729
14391e59-7d3d-4ad1-9f72-88b4feee7c45	Mắc cài sứ lẻ	\N	DV0005	service	service	200000	0	0	0	d33a28a7-b432-4c71-b3a4-45e089d9f03c	\N	CA	\N	t	f	2026-04-07 15:04:24.398729	2026-04-07 15:04:24.398729
b1263775-f2f2-4289-86a4-4492cfff62dd	MẶT PHẲNG NGHIÊNG - CHỈNH NHA	\N	SP0008	service	service	2000000	0	0	0	d33a28a7-b432-4c71-b3a4-45e089d9f03c	\N	HÀM	\N	t	f	2026-04-07 15:04:24.398729	2026-04-07 15:04:24.398729
929ccbef-39e4-4a3c-b8d0-b18dcdf3185b	MẶT PHẲNG NGHIÊNG - TRẺ EM	\N	SP0009	service	service	4000000	0	0	0	d33a28a7-b432-4c71-b3a4-45e089d9f03c	\N	HÀM	\N	t	f	2026-04-07 15:04:24.398729	2026-04-07 15:04:24.398729
a2fde1ed-b730-413c-ad80-57f1e038698f	MCKL số 37	\N	SP0260	service	service	1	0	0	0	d33a28a7-b432-4c71-b3a4-45e089d9f03c	\N	CÁI	\N	t	f	2026-04-07 15:04:24.398729	2026-04-07 15:04:24.398729
0d2f2066-9fce-40d0-9a7f-94608bd575e6	Mini vis	\N	DV0007	service	service	2000000	0	0	0	d33a28a7-b432-4c71-b3a4-45e089d9f03c	\N	CA	\N	t	f	2026-04-07 15:04:24.398729	2026-04-07 15:04:24.398729
a6070451-c238-4ca9-8c2d-81931eeb75ca	Niềng Mắc Cài Cánh Cam	\N	SP0277	service	service	40000000	0	0	0	d33a28a7-b432-4c71-b3a4-45e089d9f03c	\N	CA	\N	t	f	2026-04-07 15:04:24.398729	2026-04-07 15:04:24.398729
e9758b89-0d35-4aee-ad71-2577b3d54325	Niềng mắc cài kim loại mặt lưỡi	\N	SP0263	service	service	30000000	0	0	0	d33a28a7-b432-4c71-b3a4-45e089d9f03c	\N	Đ	\N	t	f	2026-04-07 15:04:24.398729	2026-04-07 15:04:24.398729
b05fa014-b178-4ac3-84ac-c5814228422f	Niềng Mắc Cài Sứ Loại Tự Buộc 3M	\N	DV0004	service	service	45000000	0	0	0	d33a28a7-b432-4c71-b3a4-45e089d9f03c	\N	CA	\N	t	f	2026-04-07 15:04:24.398729	2026-04-07 15:04:24.398729
0f63f272-a5fd-45f4-88ae-5bbf60f519f0	Niềng Mắc Cài Sứ Tiêu Chuẩn	\N	DV0003	service	service	39000000	0	0	0	d33a28a7-b432-4c71-b3a4-45e089d9f03c	\N	CA	\N	t	f	2026-04-07 15:04:24.398729	2026-04-07 15:04:24.398729
86ea4abf-0c00-4370-b34c-3604fa3816a7	Niềng răng phân đoạn	\N	SP0268	service	service	30000000	0	0	0	d33a28a7-b432-4c71-b3a4-45e089d9f03c	\N	CA	\N	t	f	2026-04-07 15:04:24.398729	2026-04-07 15:04:24.398729
bf767521-cebd-4531-86cc-5c50b167eb6b	Niềng răng trong suốt	\N	SP0217	service	service	80000000	0	0	0	d33a28a7-b432-4c71-b3a4-45e089d9f03c	\N	CA	\N	t	f	2026-04-07 15:04:24.398729	2026-04-07 15:04:24.398729
4e538bc9-f375-407b-87e9-6da1ce994f42	Niềng trong suốt Invisalign	\N	DV0008	service	service	140000000	0	0	0	d33a28a7-b432-4c71-b3a4-45e089d9f03c	\N	CA	\N	t	t	2026-04-07 15:04:24.398729	2026-04-07 15:04:24.398729
3e0dabf4-6cfe-49c8-8bf0-b23ce8a70722	Phí chênh lệch cấp độ	\N	SP0304	service	service	5000000	0	0	0	d33a28a7-b432-4c71-b3a4-45e089d9f03c	\N	CA	\N	t	f	2026-04-07 15:04:24.398729	2026-04-07 15:04:24.398729
2f5ffea1-395f-45ad-b24a-f0562ebc93a7	Phí trễ hẹn	\N	SP0250	service	service	112000	0	0	0	d33a28a7-b432-4c71-b3a4-45e089d9f03c	\N	Đ	\N	t	f	2026-04-07 15:04:24.398729	2026-04-07 15:04:24.398729
76ee81c9-d64b-4d5e-8038-e0e8c0a85cf9	Sáp chỉnh nha	\N	SP0002	service	service	20000	0	0	0	d33a28a7-b432-4c71-b3a4-45e089d9f03c	\N	HỘP	\N	t	f	2026-04-07 15:04:24.398729	2026-04-07 15:04:24.398729
114c544a-dd91-45ee-b005-96a24a43dcc1	Tháo mắc cài	\N	SP0289	service	service	1	0	0	0	d33a28a7-b432-4c71-b3a4-45e089d9f03c	\N	HÀM	\N	t	f	2026-04-07 15:04:24.398729	2026-04-07 15:04:24.398729
7e6135a8-dca8-4405-bf06-1fb2942be9c7	THÁO MẮC CÀI CŨ	\N	SP0010	service	service	1500000	0	0	0	d33a28a7-b432-4c71-b3a4-45e089d9f03c	\N	HÀM	\N	t	f	2026-04-07 15:04:24.398729	2026-04-07 15:04:24.398729
dffbf038-023b-42eb-905d-b8798be06217	THAY THUN	\N	SP0219	service	service	100000	0	0	0	d33a28a7-b432-4c71-b3a4-45e089d9f03c	\N	HÀM	\N	t	f	2026-04-07 15:04:24.398729	2026-04-07 15:04:24.398729
45176fbd-c27a-4be3-a8b3-9f3add0235a9	cắt lợi	\N	SP0283	service	service	1	0	0	0	5af92657-0743-4e55-855c-e18b059abb15	\N	RĂNG	\N	t	f	2026-04-07 15:04:24.398729	2026-04-07 15:04:24.398729
49da4621-363f-47fe-8c5f-838b230665e0	Chích áp xe lợi	\N	DV0059	service	service	450000	0	0	0	5af92657-0743-4e55-855c-e18b059abb15	\N	RĂNG	\N	t	f	2026-04-07 15:04:24.398729	2026-04-07 15:04:24.398729
7d820b6e-1159-457d-a666-256f4255be0d	Điều trị áp xe quanh răng mạn	\N	DV0060	service	service	750000	0	0	0	5af92657-0743-4e55-855c-e18b059abb15	\N	RĂNG	\N	t	f	2026-04-07 15:04:24.398729	2026-04-07 15:04:24.398729
92062c0f-040c-4ad6-97fa-e57d715cc24f	Điều trị nhạy cảm ngà bằng máng với thuốc chống ê buốt	\N	DV0061	service	service	300000	0	0	0	5af92657-0743-4e55-855c-e18b059abb15	\N	RĂNG	\N	t	f	2026-04-07 15:04:24.398729	2026-04-07 15:04:24.398729
8110b6d9-2baf-4605-aeee-e3b077cdbc08	Phẫu thuật cắt cuống răng	\N	DV0062	service	service	5800000	0	0	0	5af92657-0743-4e55-855c-e18b059abb15	\N	RĂNG	\N	t	f	2026-04-07 15:04:24.398729	2026-04-07 15:04:24.398729
f4785009-90d8-49af-a8f6-980009688aa5	Phẫu thuật cắt nạo ổ xương	\N	DV0063	service	service	6000000	0	0	0	5af92657-0743-4e55-855c-e18b059abb15	\N	RĂNG	\N	t	f	2026-04-07 15:04:24.398729	2026-04-07 15:04:24.398729
4d9e1a55-ba42-4509-bcc7-a596b555d1e6	Phẫu thuật nạo quanh cuống răng	\N	DV0064	service	service	4300000	0	0	0	5af92657-0743-4e55-855c-e18b059abb15	\N	RĂNG	\N	t	f	2026-04-07 15:04:24.398729	2026-04-07 15:04:24.398729
5f42d6de-67d7-4e79-ba63-dcf53ef313f8	Phẫu thuật nhổ răng có tạo hình xương ổ răng	\N	DV0065	service	service	1800000	0	0	0	5af92657-0743-4e55-855c-e18b059abb15	\N	RĂNG	\N	t	f	2026-04-07 15:04:24.398729	2026-04-07 15:04:24.398729
e3e15adf-54c8-482c-bca3-4a0a4c7a4505	Phẫu thuật tạo hình xương ổ răng	\N	DV0066	service	service	2900000	0	0	0	5af92657-0743-4e55-855c-e18b059abb15	\N	RĂNG	\N	t	f	2026-04-07 15:04:24.398729	2026-04-07 15:04:24.398729
c2996ab0-2c64-4bbe-a2af-05bfde22bd98	Phục hồi thân răng có sử dụng pin ngà	\N	DV0067	service	service	600000	0	0	0	5af92657-0743-4e55-855c-e18b059abb15	\N	RĂNG	\N	t	f	2026-04-07 15:04:24.398729	2026-04-07 15:04:24.398729
e4c46b87-6bd9-4b03-8a50-8d7cd50dccf9	Răng nhựa	\N	SP0273	service	service	1	0	0	0	75a1b6aa-3363-42bd-ba17-7d9333e0ade8	\N	CÁI	\N	t	f	2026-04-07 15:04:24.398729	2026-04-07 15:04:24.398729
aebff68e-5f30-4d0f-adb9-f68c74dd8f36	Răng tháo lắp	\N	SP0001	service	service	2000000	0	0	0	75a1b6aa-3363-42bd-ba17-7d9333e0ade8	\N	CÁI	\N	t	f	2026-04-07 15:04:24.398729	2026-04-07 15:04:24.398729
c2f42776-fac3-4813-bb7a-b05b00a64ec1	Niềng Mắc Cài Kim Loại Tiêu Chuẩn	\N	DV0001	service	service	28000000	0	0	0	d33a28a7-b432-4c71-b3a4-45e089d9f03c	\N	CA	\N	t	f	2026-04-07 15:04:24.398729	2026-04-07 15:04:24.398729
ce6533f9-520d-4dfd-b0d1-b05b00a64ec2	Niềng Mắc Cài Kim Loại Tự Buộc 3M	\N	DV0002	service	service	32000000	0	0	0	d33a28a7-b432-4c71-b3a4-45e089d9f03c	\N	CA	\N	t	f	2026-04-07 15:04:24.398729	2026-04-07 15:04:24.398729
18281a99-d8de-4e06-b2e5-f120e3bc7bdb	Test Abutment	test abutment	ABT-001	service	service	3000000	0	0	0	\N	\N	LẦN	c6b4b453-d260-46d4-4fd9-08db24f7ae8e	t	f	2026-04-09 09:31:07.009	2026-04-09 09:31:07.009
5803c7bd-36e4-45bb-8192-0e22d68431c1	Abutment Test	abutment test	\N	service	service	3000000	0	0	0	\N	\N	LẦN	c6b4b453-d260-46d4-4fd9-08db24f7ae8e	t	f	2026-04-09 09:46:11.99	2026-04-09 09:46:11.99
c7dbf7f6-a47c-4649-b026-cf0e41bb8083	Abutment	abutment	\N	service	service	3500000	0	0	0	\N	\N	LẦN	c6b4b453-d260-46d4-4fd9-08db24f7ae8e	t	f	2026-04-09 09:47:39.317	2026-04-09 14:30:16.877
7bb78128-6931-4fa9-b729-c914cbae67f6	Test Service Audit	test service audit	\N	service	service	500000	0	0	0	\N	\N	LẦN	\N	t	f	2026-04-09 14:30:35.729	2026-04-09 14:30:35.729
\.


--
-- Data for Name: receipt_sequences; Type: TABLE DATA; Schema: dbo; Owner: -
--

COPY dbo.receipt_sequences (id, prefix, year, last_number) FROM stdin;
1	TUKH	2026	3
\.


--
-- Data for Name: saleorderlines; Type: TABLE DATA; Schema: dbo; Owner: -
--

COPY dbo.saleorderlines (id, orderid, productid, productname, pricetotal, isdeleted, datecreated) FROM stdin;
900ddcd8-7498-4164-8bab-466c55077edc	ef950f40-8805-4e9a-bc44-59caa7e7a6e9	571dab82-eee4-456c-bdd9-eabfcae3f03c	Abutment	0	f	2026-04-09 09:22:37.911452
bc0d2576-d27b-4a30-b0f4-fb1a475b5b9c	405f15ce-526d-497a-ad3d-8db9ff352b7a	571dab82-eee4-456c-bdd9-eabfcae3f03c	Abutment	0	f	2026-04-09 10:24:20.666499
c764c090-08cb-4915-87e9-0d531814cdc6	9f9ca777-d24d-4256-a028-3b4ba02d8c1d	571dab82-eee4-456c-bdd9-eabfcae3f03c	Abutment	0	f	2026-04-09 11:21:28.636514
6d0fa4ec-4af2-4062-8ec8-3a2d33170b1d	8d95e33d-2c1d-43ab-be4e-be294c2ef583	c7dbf7f6-a47c-4649-b026-cf0e41bb8083	Abutment	3500000	f	2026-04-10 11:14:37.036358
1c71bb26-da17-44c8-8315-b23200bb7ec5	667ef0aa-5b23-46b2-9d40-b23200bb7ec5	4bc4ade1-3487-4a80-8b33-afe30053b79e	\N	0.00	f	2024-11-24 18:22:38.947
9bc61d25-a0a3-479b-b7ce-b23700becf07	f9ceeff6-6808-4f25-8a7f-b23700becf07	4bc4ade1-3487-4a80-8b33-afe30053b79e	\N	15835000.00	f	2024-11-29 18:34:42.794
1c8d187a-0699-4b19-9085-b2990092f292	f5d74741-c356-42cc-84a8-b2990092f292	c0739e0a-1444-4a07-bd9d-b15500839238	\N	700000.00	f	2025-03-07 15:55:01.179
d2bdca7a-4d6c-4d33-8ccf-b34f008a929a	4f0700ff-da20-4da3-893f-b34f008a929a	157baa3c-7436-4729-b1b1-afe30053b7b2	\N	0.00	f	2025-09-05 15:24:31.659
f9c9d318-beb5-41c3-b95d-6486b644581a	2ae390d9-4c13-430e-afac-5b194cdbf8a3	c7dbf7f6-a47c-4649-b026-cf0e41bb8083	Abutment	3500000	f	2026-04-12 14:02:13.509392
292cf955-449c-4438-ae41-36f43ebd2af1	80e8de88-12d6-440c-a965-47cfcb4d1633	c7dbf7f6-a47c-4649-b026-cf0e41bb8083	Abutment	3500000	f	2026-04-12 14:15:28.910432
3e3c3c5e-5d9b-4cc7-91e4-67c99a9e5446	9b4d5a7a-4437-42f7-b9ac-6d94931e47a2	c7dbf7f6-a47c-4649-b026-cf0e41bb8083	Abutment	3500000	f	2026-04-12 16:42:22.665619
dfa78702-9521-411c-8b77-b279008efdd7	694f3720-62f4-4c62-b688-b279008efdd7	4bc4ade1-3487-4a80-8b33-afe30053b79e	Niềng Mắc Cài Kim Loại Tiêu Chuẩn	3200000.00	f	2025-02-03 15:40:36.98
7a8d06c4-1e79-4146-a050-b279008fc9a5	e72a09ef-69a2-40d3-b574-b279008fc9a5	c2f42776-fac3-4813-bb7a-b05b00a64ec1	Niềng Mắc Cài Kim Loại Tiêu Chuẩn	25070000.00	f	2025-02-03 15:43:30.896
aafe5ac7-acda-4ad3-ba11-b1a60091a0d9	9104d6b7-6ff4-4796-8406-b1a60091a0d9	4bc4ade1-3487-4a80-8b33-afe30053b79e	Niềng Mắc Cài Kim Loại Tiêu Chuẩn	10000000.00	f	2024-07-07 15:50:12.988
513b635d-518b-4078-a482-b1a900bb9ef5	ea27679d-28f6-444d-bfcf-b1a900bb9ef5	4bc4ade1-3487-4a80-8b33-afe30053b79e	Niềng Mắc Cài Kim Loại Tiêu Chuẩn	14000000.00	f	2024-07-10 18:23:06.414
2eb439f5-7e93-4208-8755-b23700bce433	f00aab8b-432d-46b1-bcf5-b23700bce433	3f549708-a12a-4e8a-8c13-afe30053b7af	\N	1200000.00	f	2024-11-29 18:27:43.955
858a5064-5523-4060-9bb4-b2210067866c	35989351-2c3f-46f2-a7c8-b2210067866c	3f549708-a12a-4e8a-8c13-afe30053b7af	Trám răng	300000.00	f	2024-11-07 13:16:55.398
a9991590-5e36-4558-9c23-b1a900bb29cc	e799b8a8-c456-4c05-941d-b1a900bb29cc	3f549708-a12a-4e8a-8c13-afe30053b7af	Trám răng	600000.00	f	2024-07-10 18:21:26.436
d4d0068d-add7-4d12-af4e-b1be00c99fd5	da2c4485-64cd-43c3-a356-b1be00c99fd5	3f549708-a12a-4e8a-8c13-afe30053b7af	Trám răng	200000.00	f	2024-07-31 19:14:05.506
bcc077b0-d584-4b37-809b-b41f00607805	e0f4fc5f-bcd9-4ca5-8070-b41f00607805	aa9841fa-d139-4a84-8092-afe30053b7ad	Nhổ răng khôn hàm dưới	2500000.00	f	\N
70325215-d22a-4723-addc-b41f005f7bdb	31c41bdf-26c1-4708-837e-b41f005f7bda	468fa1df-5ebb-4aa6-82cf-b05b00a64ed3	Trám răng	600000.00	f	\N
aef39eb6-1d2e-4411-9171-b4180058887c	752da0ae-e86d-4b55-b84a-b4180058887c	3f549708-a12a-4e8a-8c13-afe30053b7af	Trám răng	350000.00	f	\N
bdb10018-8ffc-48c1-8c62-b41800585313	08111bac-5633-44b9-81ab-b41800585313	468fa1df-5ebb-4aa6-82cf-b05b00a64ed3	Trám răng	700000.00	f	\N
e1f14513-868e-478f-a42b-b4180056f5d6	3da1b54f-0c09-41eb-9507-b4180056f5d5	2c315f68-2c67-4417-b7e0-b05b00a64eb8	Lấy cao răng	800000.00	f	\N
cf8a1ed7-a318-40a2-b20a-b14c008ca86d	45cc5e35-3482-4c02-93b1-b14c008ca86d	c2f42776-fac3-4813-bb7a-b05b00a64ec1	Niềng Mắc Cài Kim Loại Tiêu Chuẩn	6000000.00	f	2024-04-08 15:32:07.187
8939cec8-6cfd-431d-8503-b14c008ef449	6d851af3-4ad1-4e7d-b3de-b14c008ef449	c2f42776-fac3-4813-bb7a-b05b00a64ec1	Niềng Mắc Cài Kim Loại Tiêu Chuẩn	12000000.00	f	2024-04-08 15:40:28.828
a6924888-e62a-42b8-ab19-b42a00e62f19	52b13ffb-6386-40dd-ba8f-b42a00e62f19	9fb941ea-e1db-4ea9-b15a-b05b00a64eab	Cục cắn	50000.00	f	\N
faf1ab02-76de-4b8c-a6a2-b424007db112	f569c740-4f1f-49fc-930e-b424007db112	293feac1-b966-4fd9-b090-b2de008118c9	Bộ Mắc Cài Kim Loại Tiêu Chuẩn	2000000.00	f	\N
91f44bd2-6357-4afc-9388-b42300729eae	c159f1cf-b18c-449f-a072-b42300729eae	468fa1df-5ebb-4aa6-82cf-b05b00a64ed3	Trám răng	1750000.00	f	\N
d1f298f0-1bb9-44e3-b9b1-b4230058248b	6225c637-dac2-4963-b03c-b4230058248b	ce6533f9-520d-4dfd-b0d1-b05b00a64ec2	Niềng Mắc Cài Kim Loại Tự Buộc 3M	23500000.00	f	\N
f354353a-e483-494e-bf4e-b4230056dd22	b4b1133e-1143-4b95-a248-b4230056dd22	ce6533f9-520d-4dfd-b0d1-b05b00a64ec2	Niềng Mắc Cài Kim Loại Tự Buộc 3M	10100000.00	f	\N
4aeac389-9caa-40bf-87cd-b41c00bd938b	8328a47b-be8c-4aea-9921-b41c00bd6c0e	468fa1df-5ebb-4aa6-82cf-b05b00a64ed3	Trám răng	450000.00	f	\N
9c2ffb57-0daf-4d32-9b2a-b41c00bd6c0f	8328a47b-be8c-4aea-9921-b41c00bd6c0e	468fa1df-5ebb-4aa6-82cf-b05b00a64ed3	Trám răng	700000.00	f	\N
1709dbb0-7f27-4395-b5d2-b41500a462b8	45e69fac-94ea-4eda-945e-b4150033894a	ce6533f9-520d-4dfd-b0d1-b05b00a64ec2	Niềng Mắc Cài Kim Loại Tự Buộc 3M	21315000.00	f	\N
2ce35003-f05c-4759-b4f2-b41500a3e149	45e69fac-94ea-4eda-945e-b4150033894a	ce6533f9-520d-4dfd-b0d1-b05b00a64ec2	Niềng Mắc Cài Kim Loại Tự Buộc 3M	9135000.00	f	\N
96566b1d-8602-4bfb-98fd-b41500702ecc	65fe4c93-22bd-444d-98ca-b415006ee923	468fa1df-5ebb-4aa6-82cf-b05b00a64ed3	Trám răng	0.00	f	\N
60508086-bc60-41ca-8300-b415006ee923	65fe4c93-22bd-444d-98ca-b415006ee923	468fa1df-5ebb-4aa6-82cf-b05b00a64ed3	Trám răng	650000.00	f	\N
\.


--
-- Data for Name: saleorders; Type: TABLE DATA; Schema: dbo; Owner: -
--

COPY dbo.saleorders (id, name, partnerid, companyid, doctorid, amounttotal, residual, totalpaid, state, isdeleted, datecreated, assistantid, quantity, unit, dentalaideid, datestart, dateend, notes, code) FROM stdin;
f5d74741-c356-42cc-84a8-b2990092f292	SO30242	cd985f43-2f12-4d6d-b1b8-b23000efbac3	c6b4b453-d260-46d4-4fd9-08db24f7ae8e	\N	700000.00	0.00	700000.00	sale	f	2025-03-07 15:55:01.178	\N	\N	\N	\N	\N	\N	\N	SO-2026-0011
4f0700ff-da20-4da3-893f-b34f008a929a	SO45696	cd985f43-2f12-4d6d-b1b8-b23000efbac3	c6b4b453-d260-46d4-4fd9-08db24f7ae8e	\N	0.00	0.00	0.00	cancel	f	2025-09-05 15:24:31.659	\N	\N	\N	\N	\N	\N	\N	SO-2026-0012
ea53aae8-6f3d-4fd9-b127-5773f3c7c420	Test Service	00000000-0000-0000-0000-000000000001	00000000-0000-0000-0000-000000000001	\N	3000000	1700000.00	0	sale	f	2026-04-09 09:06:52.455813	\N	1	răng	\N	\N	\N	\N	SO-2026-0013
ef950f40-8805-4e9a-bc44-59caa7e7a6e9	Abutment	9903aa61-2c3d-4750-9531-024cefb97070	c6b4b453-d260-46d4-4fd9-08db24f7ae8e	dbefd061-dbb0-44d7-8eed-afe3007a8017	3000000	3000000	0	sale	f	2026-04-09 09:22:37.908066	\N	1	răng	\N	\N	\N	\N	SO-2026-0014
78278fb1-b5ba-4c17-9b61-e9968974f74e	Trụ răng	1e9d5389-810b-436c-8dbb-b0310021f217	c6b4b453-d260-46d4-4fd9-08db24f7ae8e	dbefd061-dbb0-44d7-8eed-afe3007a8017	3000000	3000000	0	sale	f	2026-04-09 09:29:43.799269	\N	1	răng	\N	\N	\N	\N	SO-2026-0015
405f15ce-526d-497a-ad3d-8db9ff352b7a	Abutment	9903aa61-2c3d-4750-9531-024cefb97070	c6b4b453-d260-46d4-4fd9-08db24f7ae8e	dbefd061-dbb0-44d7-8eed-afe3007a8017	3000000	3000000	0	sale	f	2026-04-09 10:24:20.662879	\N	1	răng	\N	\N	\N	\N	SO-2026-0016
667ef0aa-5b23-46b2-9d40-b23200bb7ec5	SO23817	cd985f43-2f12-4d6d-b1b8-b23000efbac3	c6b4b453-d260-46d4-4fd9-08db24f7ae8e	\N	0.00	0.00	0.00	cancel	f	2024-11-24 18:22:38.947	\N	\N	\N	\N	\N	\N	\N	SO-2026-0006
f00aab8b-432d-46b1-bcf5-b23700bce433	SO24080	cd985f43-2f12-4d6d-b1b8-b23000efbac3	c6b4b453-d260-46d4-4fd9-08db24f7ae8e	\N	1200000.00	0.00	1200000.00	sale	f	2024-11-29 18:27:43.955	\N	\N	\N	\N	\N	\N	\N	SO-2026-0007
f9ceeff6-6808-4f25-8a7f-b23700becf07	SO24081	cd985f43-2f12-4d6d-b1b8-b23000efbac3	c6b4b453-d260-46d4-4fd9-08db24f7ae8e	\N	15835000.00	0.00	15835000.00	sale	f	2024-11-29 18:34:42.794	\N	\N	\N	\N	\N	\N	\N	SO-2026-0008
9f9ca777-d24d-4256-a028-3b4ba02d8c1d	Abutment	9903aa61-2c3d-4750-9531-024cefb97070	c6b4b453-d260-46d4-4fd9-08db24f7ae8e	28e2c9eb-d410-4881-9cf2-efb2494baad7	3000000	1500000.00	0	sale	f	2026-04-09 11:21:28.633154	\N	1	răng	\N	\N	\N	\N	SO-2026-0017
fbb76829-dad6-445f-92cd-25431d216189	Test Service	1e9d5389-810b-436c-8dbb-b0310021f217	\N	\N	3000000	3000000	0	sale	f	2026-04-09 11:27:02.44208	\N	1	răng	\N	\N	\N	\N	SO-2026-0018
4c11311c-7e64-4ce8-8025-945a8300e72c	Abutment	9903aa61-2c3d-4750-9531-024cefb97070	f47ac10b-58cc-4372-a567-0e02b2c3d479	28e2c9eb-d410-4881-9cf2-efb2494baad7	3000000	0	0	sale	f	2026-04-09 12:00:56.291231	\N	1	răng	\N	\N	\N	\N	SO-2026-0019
86c92596-7601-45d2-a851-36d20119612a	Abutment	a7640271-7120-4917-904c-b388003ba146	b178d5ee-d9ac-477e-088e-08db9a4c4cf4	dbefd061-dbb0-44d7-8eed-afe3007a8017	3000000	3000000	0	sale	f	2026-04-09 12:01:17.632802	\N	1	răng	\N	\N	\N	\N	SO-2026-0020
852ebf85-9707-4e0c-bb67-4c6904974b69	Abutment	a7640271-7120-4917-904c-b388003ba146	b178d5ee-d9ac-477e-088e-08db9a4c4cf4	90e19070-f750-415b-ba52-b05f002e9438	3000000	3000000	0	sale	f	2026-04-09 12:01:46.833121	\N	1	răng	\N	\N	\N	\N	SO-2026-0021
05b1c130-b933-406d-8365-3e3225cec591	Abutment	0116df89-e63f-4843-9232-89d7d7f3a9bd	b178d5ee-d9ac-477e-088e-08db9a4c4cf4	90e19070-f750-415b-ba52-b05f002e9438	3000000	3000000	0	sale	f	2026-04-09 14:24:12.91209	\N	1	răng	\N	\N	\N	\N	SO-2026-0022
a20fc89e-fa89-448f-ac16-0de7170e5dae	Abutment	193b2e68-8f98-490a-ae35-e9fb07f1c847	c6b4b453-d260-46d4-4fd9-08db24f7ae8e	90e19070-f750-415b-ba52-b05f002e9438	3500000	3500000	0	sale	f	2026-04-10 05:13:38.10914	\N	1	răng	\N	\N	\N	\N	SO-2026-0024
3fdd5bfc-eca7-4e25-808c-9276e8257224	Abutment	193b2e68-8f98-490a-ae35-e9fb07f1c847	c6b4b453-d260-46d4-4fd9-08db24f7ae8e	28e2c9eb-d410-4881-9cf2-efb2494baad7	100000	100000	0	sale	f	2026-04-10 09:44:40.20365	\N	1	răng	\N	\N	\N	\N	SO-2026-0025
549f7030-0753-4206-8306-82630c7b3647	Abutment Test	193b2e68-8f98-490a-ae35-e9fb07f1c847	c6b4b453-d260-46d4-4fd9-08db24f7ae8e	28e2c9eb-d410-4881-9cf2-efb2494baad7	3000000	3000000	0	sale	f	2026-04-10 09:44:52.788989	\N	1	răng	\N	\N	\N	\N	SO-2026-0026
032095a0-c35e-473b-8053-8a97c1c15605	Abutment	a7640271-7120-4917-904c-b388003ba146	b178d5ee-d9ac-477e-088e-08db9a4c4cf4	dbefd061-dbb0-44d7-8eed-afe3007a8017	3500000	3500000	0	sale	f	2026-04-10 10:43:18.681753	\N	1	răng	\N	\N	\N	\N	SO-2026-0027
906c3c72-4796-44d5-83c7-bfba35b8c7a6	Abutment	a7640271-7120-4917-904c-b388003ba146	b178d5ee-d9ac-477e-088e-08db9a4c4cf4	90e19070-f750-415b-ba52-b05f002e9438	3000000	3000000	0	sale	f	2026-04-10 10:43:47.659664	\N	1	răng	\N	\N	\N	\N	SO-2026-0028
8d95e33d-2c1d-43ab-be4e-be294c2ef583	Abutment	49242e72-c5d4-4ae4-a8b7-b9e1c9256ddf	c6b4b453-d260-46d4-4fd9-08db24f7ae8e	28e2c9eb-d410-4881-9cf2-efb2494baad7	3500000	3500000	0	sale	f	2026-04-10 11:14:37.033494	\N	1	răng	\N	\N	\N	\N	SO-2026-0029
2ae390d9-4c13-430e-afac-5b194cdbf8a3	Abutment	0116df89-e63f-4843-9232-89d7d7f3a9bd	b178d5ee-d9ac-477e-088e-08db9a4c4cf4	90e19070-f750-415b-ba52-b05f002e9438	3500000	3500000	0	cancel	f	2026-04-12 14:02:13.507776	\N	1	răng	\N	\N	\N	\N	SO-2026-0030
80e8de88-12d6-440c-a965-47cfcb4d1633	Abutment	b2262736-c7f4-4072-a67f-b3d00095dcf1	b178d5ee-d9ac-477e-088e-08db9a4c4cf4	dbefd061-dbb0-44d7-8eed-afe3007a8017	3500000	1390000.00	0	sale	f	2026-04-12 14:15:28.907985	\N	1	răng	\N	\N	\N	\N	SO-2026-0031
9b4d5a7a-4437-42f7-b9ac-6d94931e47a2	Abutment	b2262736-c7f4-4072-a67f-b3d00095dcf1	b178d5ee-d9ac-477e-088e-08db9a4c4cf4	dbefd061-dbb0-44d7-8eed-afe3007a8017	3500000	3500000	0	sale	f	2026-04-12 16:42:22.663409	833a81d5-520e-4628-b417-e49dcd9254d1	1	răng	e1f1bc12-edc9-4a92-85cf-82b264c4670f	2026-04-12	2026-04-12	\N	SO-2026-0032
35989351-2c3f-46f2-a7c8-b2210067866c	SO22819	29ce89ed-5b89-479c-9eeb-b1ae00395c5c	b178d5ee-d9ac-477e-088e-08db9a4c4cf4	\N	300000.00	0	300000.00	sale	f	2024-11-07 13:16:55.398	\N	1	răng	\N	2024-11-07	\N	\N	\N
694f3720-62f4-4c62-b688-b279008efdd7	SO27257	29ce89ed-5b89-479c-9eeb-b1ae00395c5c	b178d5ee-d9ac-477e-088e-08db9a4c4cf4	\N	3200000.00	3200000.00	0	sale	f	2025-02-03 15:40:36.98	\N	1	răng	\N	2025-02-03	\N	\N	\N
e72a09ef-69a2-40d3-b574-b279008fc9a5	SO27259	29ce89ed-5b89-479c-9eeb-b1ae00395c5c	b178d5ee-d9ac-477e-088e-08db9a4c4cf4	\N	25070000.00	0	25070000.00	sale	f	2025-02-03 15:43:30.896	\N	1	răng	\N	2025-02-03	\N	\N	\N
a605834d-7963-4482-a86a-5712f0d0a3f8	Test Crown	1e9d5389-810b-436c-8dbb-b0310021f217	c6b4b453-d260-46d4-4fd9-08db24f7ae8e	b41477e0-8eed-4520-a41a-b145008c51b0	1500000	0	0	sale	f	2026-04-10 03:58:55.840678	b41477e0-8eed-4520-a41a-b145008c51b0	3	cái	\N	\N	\N	\N	SO-2026-0023
e0f4fc5f-bcd9-4ca5-8070-b41f00607805	SO60353	d5630c06-5433-46dc-b8ab-b41700f50270	765f6593-2b19-4d06-cc8c-08dc4d479451	4f8e0556-f468-4eb1-8849-b3aa0052aa2d	2500000.00	0	2500000.00	sale	f	\N	607c1ead-a559-4cfd-a364-b14400fbb6a2	1	răng	af86b5bf-5b0d-4da4-877a-b27a006c1543	2026-04-01	\N	\N	\N
752da0ae-e86d-4b55-b84a-b4180058887c	SO59763	d5630c06-5433-46dc-b8ab-b41700f50270	765f6593-2b19-4d06-cc8c-08dc4d479451	6c38becb-7e4f-4eee-b7fc-b14500907604	350000.00	0	350000.00	sale	f	\N	607c1ead-a559-4cfd-a364-b14400fbb6a2	1	răng	af86b5bf-5b0d-4da4-877a-b27a006c1543	2026-03-25	\N	\N	\N
08111bac-5633-44b9-81ab-b41800585313	SO59761	d5630c06-5433-46dc-b8ab-b41700f50270	765f6593-2b19-4d06-cc8c-08dc4d479451	6c38becb-7e4f-4eee-b7fc-b14500907604	700000.00	0	700000.00	sale	f	\N	607c1ead-a559-4cfd-a364-b14400fbb6a2	1	răng	af86b5bf-5b0d-4da4-877a-b27a006c1543	2026-03-25	\N	\N	\N
3da1b54f-0c09-41eb-9507-b4180056f5d5	SO59760	d5630c06-5433-46dc-b8ab-b41700f50270	765f6593-2b19-4d06-cc8c-08dc4d479451	6c38becb-7e4f-4eee-b7fc-b14500907604	800000.00	0	800000.00	sale	f	\N	607c1ead-a559-4cfd-a364-b14400fbb6a2	1	răng	af86b5bf-5b0d-4da4-877a-b27a006c1543	2026-03-25	\N	\N	\N
31c41bdf-26c1-4708-837e-b41f005f7bda	SO60352	d5630c06-5433-46dc-b8ab-b41700f50270	765f6593-2b19-4d06-cc8c-08dc4d479451	6c38becb-7e4f-4eee-b7fc-b14500907604	600000.00	0	600000.00	done	f	\N	607c1ead-a559-4cfd-a364-b14400fbb6a2	1	răng	af86b5bf-5b0d-4da4-877a-b27a006c1543	2026-04-01	\N	\N	\N
45cc5e35-3482-4c02-93b1-b14c008ca86d	SO10279	9aa0b5c4-ac80-4851-9c0b-b14c0088ad79	cad65000-6ff3-47c7-cc8d-08dc4d479451	fd67fda4-42ea-4f85-b100-b14c0090e6e4	6000000.00	6000000.00	0	sale	f	2024-04-08 15:32:07.187	ffbc5688-aca6-4152-94d1-b06800339131	1	răng	18ca9cb7-1868-4291-9468-b14c00912e2b	2024-04-08	\N	\N	\N
9104d6b7-6ff4-4796-8406-b1a60091a0d9	SO15431	90edb637-1d32-4280-8088-b1a400ff0073	c6b4b453-d260-46d4-4fd9-08db24f7ae8e	eade2d78-8ff1-491b-bdd3-afe30077c406	10000000.00	0	10000000.00	sale	f	2024-07-07 15:50:12.988	ffbc5688-aca6-4152-94d1-b06800339131	1	răng	e0a2fd9f-4714-42e0-8687-afe30078dd2f	2024-07-07	\N	\N	\N
e799b8a8-c456-4c05-941d-b1a900bb29cc	SO15618	90edb637-1d32-4280-8088-b1a400ff0073	c6b4b453-d260-46d4-4fd9-08db24f7ae8e	5f1f96ff-d873-4ab6-b553-afe300771bc4	600000.00	0	600000.00	sale	f	2024-07-10 18:21:26.436	\N	1	răng	e0a2fd9f-4714-42e0-8687-afe30078dd2f	2024-07-10	\N	\N	\N
ea27679d-28f6-444d-bfcf-b1a900bb9ef5	SO15619	90edb637-1d32-4280-8088-b1a400ff0073	c6b4b453-d260-46d4-4fd9-08db24f7ae8e	\N	14000000.00	0	14000000.00	sale	f	2024-07-10 18:23:06.414	ffbc5688-aca6-4152-94d1-b06800339131	1	răng	e0a2fd9f-4714-42e0-8687-afe30078dd2f	2024-07-10	\N	\N	\N
da2c4485-64cd-43c3-a356-b1be00c99fd5	SO16866	90edb637-1d32-4280-8088-b1a400ff0073	c6b4b453-d260-46d4-4fd9-08db24f7ae8e	9cb15416-dadd-4136-a10b-afe30076c3a3	200000.00	0	200000.00	sale	f	2024-07-31 19:14:05.505	\N	1	răng	e0a2fd9f-4714-42e0-8687-afe30078dd2f	2024-07-31	\N	\N	\N
6d851af3-4ad1-4e7d-b3de-b14c008ef449	SO10280	9aa0b5c4-ac80-4851-9c0b-b14c0088ad79	cad65000-6ff3-47c7-cc8d-08dc4d479451	\N	12000000.00	8000000.00	4000000.00	sale	f	2024-04-08 15:40:28.827	ffbc5688-aca6-4152-94d1-b06800339131	1	răng	18ca9cb7-1868-4291-9468-b14c00912e2b	2024-04-08	\N	\N	\N
52b13ffb-6386-40dd-ba8f-b42a00e62f19	SO61275	9aa0b5c4-ac80-4851-9c0b-b14c0088ad79	b178d5ee-d9ac-477e-088e-08db9a4c4cf4	\N	50000.00	50000.00	0	sale	f	\N	\N	1	răng	\N	2026-04-12	\N	\N	\N
f569c740-4f1f-49fc-930e-b424007db112	SO60737	9aa0b5c4-ac80-4851-9c0b-b14c0088ad79	c6b4b453-d260-46d4-4fd9-08db24f7ae8e	4832f444-89c0-4ac3-bf94-b2df0056ff9d	2000000.00	2000000.00	0	sale	f	\N	d0acb096-a2fd-44a6-aecc-b365002c6498	1	răng	7735a6ac-1697-49e2-bfd9-b365002ffbd8	2026-04-06	\N	\N	\N
8328a47b-be8c-4aea-9921-b41c00bd6c0e	SO60154	f74a7480-e23c-410a-bb2c-b413005a27a4	f0f6361e-b99d-4ac7-4108-08dd8159c64a	58a26a1d-d02c-4358-b326-b30100a8268a	1150000.00	0	1150000.00	sale	f	\N	c9d15304-6931-46fe-8839-b32e00c65b60	1	răng	\N	2026-03-29	\N	\N	\N
65fe4c93-22bd-444d-98ca-b415006ee923	SO59569	f74a7480-e23c-410a-bb2c-b413005a27a4	f0f6361e-b99d-4ac7-4108-08dd8159c64a	\N	650000.00	0	650000.00	sale	f	\N	c9d15304-6931-46fe-8839-b32e00c65b60	1	răng	\N	2026-03-22	\N	\N	\N
45e69fac-94ea-4eda-945e-b4150033894a	SO59537	f74a7480-e23c-410a-bb2c-b413005a27a4	f0f6361e-b99d-4ac7-4108-08dd8159c64a	cab2a199-ae6f-4746-8d8f-b3690092e93c	30450000.00	21315000.00	9135000.00	sale	f	\N	c9d15304-6931-46fe-8839-b32e00c65b60	1	răng	\N	2026-03-22	\N	\N	\N
c159f1cf-b18c-449f-a072-b42300729eae	SO60638	ff1d55c3-f9c1-4269-a3a9-b413006b4289	765f6593-2b19-4d06-cc8c-08dc4d479451	4f8e0556-f468-4eb1-8849-b3aa0052aa2d	1750000.00	1750000.00	0	draft	f	\N	0d8c04ec-8da8-4229-8229-b298004bfb1f	1	răng	1a721f2f-36d5-42e9-9f44-b231009d920c	2026-04-05	\N	\N	\N
6225c637-dac2-4963-b03c-b4230058248b	SO60631	ff1d55c3-f9c1-4269-a3a9-b413006b4289	765f6593-2b19-4d06-cc8c-08dc4d479451	4f8e0556-f468-4eb1-8849-b3aa0052aa2d	23500000.00	23500000.00	0	sale	f	\N	1b16f3d5-f34e-48a7-93a1-b2a1003f5c4a	1	răng	af86b5bf-5b0d-4da4-877a-b27a006c1543	2026-04-05	\N	\N	\N
b4b1133e-1143-4b95-a248-b4230056dd22	SO60630	ff1d55c3-f9c1-4269-a3a9-b413006b4289	765f6593-2b19-4d06-cc8c-08dc4d479451	4f8e0556-f468-4eb1-8849-b3aa0052aa2d	10100000.00	0	10100000.00	sale	f	\N	1b16f3d5-f34e-48a7-93a1-b2a1003f5c4a	1	răng	1a721f2f-36d5-42e9-9f44-b231009d920c	2026-04-05	\N	\N	\N
\.


--
-- Data for Name: systempreferences; Type: TABLE DATA; Schema: dbo; Owner: -
--

COPY dbo.systempreferences (id, key, value, type, category, description, is_public, created_at, updated_at) FROM stdin;
540b15f2-6d99-4455-b619-ebd4105562da	clinic_name	TDental Clinic	string	General	Clinic name	t	2026-04-09 07:50:40.236985	2026-04-09 07:50:40.236985
\.


--
-- Data for Name: websitepages; Type: TABLE DATA; Schema: dbo; Owner: -
--

COPY dbo.websitepages (id, company_id, title, slug, status, content, template, author, seo, views, created_at, updated_at) FROM stdin;
1b4d9498-a017-4d90-a061-c84bb31c4d07	\N	About Us	about-us	published	\N	default	\N	{"title": "", "ogImage": "", "keywords": [], "description": "", "canonicalUrl": ""}	0	2026-04-09 07:50:40.254301	2026-04-09 07:50:40.254301
\.


--
-- Data for Name: company_bank_settings; Type: TABLE DATA; Schema: public; Owner: -
--

COPY public.company_bank_settings (id, bank_bin, bank_number, bank_account_name, updated_at) FROM stdin;
1	970436	1234567890	TG Clinic Test	2026-04-10 10:43:24.195724
\.


--
-- Data for Name: payment_proofs; Type: TABLE DATA; Schema: public; Owner: -
--

COPY public.payment_proofs (id, payment_id, proof_image, qr_description, qr_generated_at, created_at) FROM stdin;
\.


--
-- Data for Name: receipt_sequences; Type: TABLE DATA; Schema: public; Owner: -
--

COPY public.receipt_sequences (id, prefix, year, last_number) FROM stdin;
\.


--
-- Name: company_bank_settings_id_seq; Type: SEQUENCE SET; Schema: dbo; Owner: -
--

SELECT pg_catalog.setval('dbo.company_bank_settings_id_seq', 1, true);


--
-- Name: payment_proofs_id_seq; Type: SEQUENCE SET; Schema: dbo; Owner: -
--

SELECT pg_catalog.setval('dbo.payment_proofs_id_seq', 1, false);


--
-- Name: receipt_sequences_id_seq; Type: SEQUENCE SET; Schema: dbo; Owner: -
--

SELECT pg_catalog.setval('dbo.receipt_sequences_id_seq', 3, true);


--
-- Name: saleorder_code_seq; Type: SEQUENCE SET; Schema: dbo; Owner: -
--

SELECT pg_catalog.setval('dbo.saleorder_code_seq', 32, true);


--
-- Name: company_bank_settings_id_seq; Type: SEQUENCE SET; Schema: public; Owner: -
--

SELECT pg_catalog.setval('public.company_bank_settings_id_seq', 1, true);


--
-- Name: payment_proofs_id_seq; Type: SEQUENCE SET; Schema: public; Owner: -
--

SELECT pg_catalog.setval('public.payment_proofs_id_seq', 1, false);


--
-- Name: receipt_sequences_id_seq; Type: SEQUENCE SET; Schema: public; Owner: -
--

SELECT pg_catalog.setval('public.receipt_sequences_id_seq', 1, false);


--
-- Name: appointments appointments_pkey; Type: CONSTRAINT; Schema: dbo; Owner: -
--

ALTER TABLE ONLY dbo.appointments
    ADD CONSTRAINT appointments_pkey PRIMARY KEY (id);


--
-- Name: companies companies_pkey; Type: CONSTRAINT; Schema: dbo; Owner: -
--

ALTER TABLE ONLY dbo.companies
    ADD CONSTRAINT companies_pkey PRIMARY KEY (id);


--
-- Name: company_bank_settings company_bank_settings_pkey; Type: CONSTRAINT; Schema: dbo; Owner: -
--

ALTER TABLE ONLY dbo.company_bank_settings
    ADD CONSTRAINT company_bank_settings_pkey PRIMARY KEY (id);


--
-- Name: customersources customersources_pkey; Type: CONSTRAINT; Schema: dbo; Owner: -
--

ALTER TABLE ONLY dbo.customersources
    ADD CONSTRAINT customersources_pkey PRIMARY KEY (id);


--
-- Name: dotkhams dotkhams_pkey; Type: CONSTRAINT; Schema: dbo; Owner: -
--

ALTER TABLE ONLY dbo.dotkhams
    ADD CONSTRAINT dotkhams_pkey PRIMARY KEY (id);


--
-- Name: dotkhamsteps dotkhamsteps_pkey; Type: CONSTRAINT; Schema: dbo; Owner: -
--

ALTER TABLE ONLY dbo.dotkhamsteps
    ADD CONSTRAINT dotkhamsteps_pkey PRIMARY KEY (id);


--
-- Name: employee_location_scope employee_location_scope_employee_id_company_id_key; Type: CONSTRAINT; Schema: dbo; Owner: -
--

ALTER TABLE ONLY dbo.employee_location_scope
    ADD CONSTRAINT employee_location_scope_employee_id_company_id_key UNIQUE (employee_id, company_id);


--
-- Name: employee_location_scope employee_location_scope_pkey; Type: CONSTRAINT; Schema: dbo; Owner: -
--

ALTER TABLE ONLY dbo.employee_location_scope
    ADD CONSTRAINT employee_location_scope_pkey PRIMARY KEY (id);


--
-- Name: employee_permissions employee_permissions_employee_id_key; Type: CONSTRAINT; Schema: dbo; Owner: -
--

ALTER TABLE ONLY dbo.employee_permissions
    ADD CONSTRAINT employee_permissions_employee_id_key UNIQUE (employee_id);


--
-- Name: employee_permissions employee_permissions_pkey; Type: CONSTRAINT; Schema: dbo; Owner: -
--

ALTER TABLE ONLY dbo.employee_permissions
    ADD CONSTRAINT employee_permissions_pkey PRIMARY KEY (id);


--
-- Name: feedback_attachments feedback_attachments_pkey; Type: CONSTRAINT; Schema: dbo; Owner: -
--

ALTER TABLE ONLY dbo.feedback_attachments
    ADD CONSTRAINT feedback_attachments_pkey PRIMARY KEY (id);


--
-- Name: feedback_messages feedback_messages_pkey; Type: CONSTRAINT; Schema: dbo; Owner: -
--

ALTER TABLE ONLY dbo.feedback_messages
    ADD CONSTRAINT feedback_messages_pkey PRIMARY KEY (id);


--
-- Name: feedback_threads feedback_threads_pkey; Type: CONSTRAINT; Schema: dbo; Owner: -
--

ALTER TABLE ONLY dbo.feedback_threads
    ADD CONSTRAINT feedback_threads_pkey PRIMARY KEY (id);


--
-- Name: group_permissions group_permissions_group_id_permission_key; Type: CONSTRAINT; Schema: dbo; Owner: -
--

ALTER TABLE ONLY dbo.group_permissions
    ADD CONSTRAINT group_permissions_group_id_permission_key UNIQUE (group_id, permission);


--
-- Name: group_permissions group_permissions_pkey; Type: CONSTRAINT; Schema: dbo; Owner: -
--

ALTER TABLE ONLY dbo.group_permissions
    ADD CONSTRAINT group_permissions_pkey PRIMARY KEY (id);


--
-- Name: monthlyplan_items monthlyplan_items_pkey; Type: CONSTRAINT; Schema: dbo; Owner: -
--

ALTER TABLE ONLY dbo.monthlyplan_items
    ADD CONSTRAINT monthlyplan_items_pkey PRIMARY KEY (id);


--
-- Name: monthlyplan_items monthlyplan_items_plan_id_invoice_id_key; Type: CONSTRAINT; Schema: dbo; Owner: -
--

ALTER TABLE ONLY dbo.monthlyplan_items
    ADD CONSTRAINT monthlyplan_items_plan_id_invoice_id_key UNIQUE (plan_id, invoice_id);


--
-- Name: monthlyplans monthlyplans_pkey; Type: CONSTRAINT; Schema: dbo; Owner: -
--

ALTER TABLE ONLY dbo.monthlyplans
    ADD CONSTRAINT monthlyplans_pkey PRIMARY KEY (id);


--
-- Name: partners partners_face_subject_id_key; Type: CONSTRAINT; Schema: dbo; Owner: -
--

ALTER TABLE ONLY dbo.partners
    ADD CONSTRAINT partners_face_subject_id_key UNIQUE (face_subject_id);


--
-- Name: partners partners_pkey; Type: CONSTRAINT; Schema: dbo; Owner: -
--

ALTER TABLE ONLY dbo.partners
    ADD CONSTRAINT partners_pkey PRIMARY KEY (id);


--
-- Name: payment_allocations payment_allocations_pkey; Type: CONSTRAINT; Schema: dbo; Owner: -
--

ALTER TABLE ONLY dbo.payment_allocations
    ADD CONSTRAINT payment_allocations_pkey PRIMARY KEY (id);


--
-- Name: payment_proofs payment_proofs_pkey; Type: CONSTRAINT; Schema: dbo; Owner: -
--

ALTER TABLE ONLY dbo.payment_proofs
    ADD CONSTRAINT payment_proofs_pkey PRIMARY KEY (id);


--
-- Name: payments payments_pkey; Type: CONSTRAINT; Schema: dbo; Owner: -
--

ALTER TABLE ONLY dbo.payments
    ADD CONSTRAINT payments_pkey PRIMARY KEY (id);


--
-- Name: permission_groups permission_groups_name_key; Type: CONSTRAINT; Schema: dbo; Owner: -
--

ALTER TABLE ONLY dbo.permission_groups
    ADD CONSTRAINT permission_groups_name_key UNIQUE (name);


--
-- Name: permission_groups permission_groups_pkey; Type: CONSTRAINT; Schema: dbo; Owner: -
--

ALTER TABLE ONLY dbo.permission_groups
    ADD CONSTRAINT permission_groups_pkey PRIMARY KEY (id);


--
-- Name: permission_overrides permission_overrides_employee_id_permission_key; Type: CONSTRAINT; Schema: dbo; Owner: -
--

ALTER TABLE ONLY dbo.permission_overrides
    ADD CONSTRAINT permission_overrides_employee_id_permission_key UNIQUE (employee_id, permission);


--
-- Name: permission_overrides permission_overrides_pkey; Type: CONSTRAINT; Schema: dbo; Owner: -
--

ALTER TABLE ONLY dbo.permission_overrides
    ADD CONSTRAINT permission_overrides_pkey PRIMARY KEY (id);


--
-- Name: planinstallments planinstallments_pkey; Type: CONSTRAINT; Schema: dbo; Owner: -
--

ALTER TABLE ONLY dbo.planinstallments
    ADD CONSTRAINT planinstallments_pkey PRIMARY KEY (id);


--
-- Name: productcategories productcategories_pkey; Type: CONSTRAINT; Schema: dbo; Owner: -
--

ALTER TABLE ONLY dbo.productcategories
    ADD CONSTRAINT productcategories_pkey PRIMARY KEY (id);


--
-- Name: products products_pkey; Type: CONSTRAINT; Schema: dbo; Owner: -
--

ALTER TABLE ONLY dbo.products
    ADD CONSTRAINT products_pkey PRIMARY KEY (id);


--
-- Name: receipt_sequences receipt_sequences_pkey; Type: CONSTRAINT; Schema: dbo; Owner: -
--

ALTER TABLE ONLY dbo.receipt_sequences
    ADD CONSTRAINT receipt_sequences_pkey PRIMARY KEY (id);


--
-- Name: receipt_sequences receipt_sequences_prefix_year_key; Type: CONSTRAINT; Schema: dbo; Owner: -
--

ALTER TABLE ONLY dbo.receipt_sequences
    ADD CONSTRAINT receipt_sequences_prefix_year_key UNIQUE (prefix, year);


--
-- Name: saleorderlines saleorderlines_pkey; Type: CONSTRAINT; Schema: dbo; Owner: -
--

ALTER TABLE ONLY dbo.saleorderlines
    ADD CONSTRAINT saleorderlines_pkey PRIMARY KEY (id);


--
-- Name: saleorders saleorders_pkey; Type: CONSTRAINT; Schema: dbo; Owner: -
--

ALTER TABLE ONLY dbo.saleorders
    ADD CONSTRAINT saleorders_pkey PRIMARY KEY (id);


--
-- Name: systempreferences systempreferences_key_key; Type: CONSTRAINT; Schema: dbo; Owner: -
--

ALTER TABLE ONLY dbo.systempreferences
    ADD CONSTRAINT systempreferences_key_key UNIQUE (key);


--
-- Name: systempreferences systempreferences_pkey; Type: CONSTRAINT; Schema: dbo; Owner: -
--

ALTER TABLE ONLY dbo.systempreferences
    ADD CONSTRAINT systempreferences_pkey PRIMARY KEY (id);


--
-- Name: websitepages websitepages_pkey; Type: CONSTRAINT; Schema: dbo; Owner: -
--

ALTER TABLE ONLY dbo.websitepages
    ADD CONSTRAINT websitepages_pkey PRIMARY KEY (id);


--
-- Name: websitepages websitepages_slug_key; Type: CONSTRAINT; Schema: dbo; Owner: -
--

ALTER TABLE ONLY dbo.websitepages
    ADD CONSTRAINT websitepages_slug_key UNIQUE (slug);


--
-- Name: company_bank_settings company_bank_settings_pkey; Type: CONSTRAINT; Schema: public; Owner: -
--

ALTER TABLE ONLY public.company_bank_settings
    ADD CONSTRAINT company_bank_settings_pkey PRIMARY KEY (id);


--
-- Name: payment_proofs payment_proofs_pkey; Type: CONSTRAINT; Schema: public; Owner: -
--

ALTER TABLE ONLY public.payment_proofs
    ADD CONSTRAINT payment_proofs_pkey PRIMARY KEY (id);


--
-- Name: receipt_sequences receipt_sequences_pkey; Type: CONSTRAINT; Schema: public; Owner: -
--

ALTER TABLE ONLY public.receipt_sequences
    ADD CONSTRAINT receipt_sequences_pkey PRIMARY KEY (id);


--
-- Name: receipt_sequences receipt_sequences_prefix_year_key; Type: CONSTRAINT; Schema: public; Owner: -
--

ALTER TABLE ONLY public.receipt_sequences
    ADD CONSTRAINT receipt_sequences_prefix_year_key UNIQUE (prefix, year);


--
-- Name: idx_appointments_companyid; Type: INDEX; Schema: dbo; Owner: -
--

CREATE INDEX idx_appointments_companyid ON dbo.appointments USING btree (companyid);


--
-- Name: idx_appointments_date; Type: INDEX; Schema: dbo; Owner: -
--

CREATE INDEX idx_appointments_date ON dbo.appointments USING btree (date);


--
-- Name: idx_appointments_partnerid; Type: INDEX; Schema: dbo; Owner: -
--

CREATE INDEX idx_appointments_partnerid ON dbo.appointments USING btree (partnerid);


--
-- Name: idx_customersources_active; Type: INDEX; Schema: dbo; Owner: -
--

CREATE INDEX idx_customersources_active ON dbo.customersources USING btree (is_active);


--
-- Name: idx_customersources_type; Type: INDEX; Schema: dbo; Owner: -
--

CREATE INDEX idx_customersources_type ON dbo.customersources USING btree (type);


--
-- Name: idx_employee_location_scope_company_id; Type: INDEX; Schema: dbo; Owner: -
--

CREATE INDEX idx_employee_location_scope_company_id ON dbo.employee_location_scope USING btree (company_id);


--
-- Name: idx_employee_location_scope_employee_id; Type: INDEX; Schema: dbo; Owner: -
--

CREATE INDEX idx_employee_location_scope_employee_id ON dbo.employee_location_scope USING btree (employee_id);


--
-- Name: idx_feedback_attachments_message_id; Type: INDEX; Schema: dbo; Owner: -
--

CREATE INDEX idx_feedback_attachments_message_id ON dbo.feedback_attachments USING btree (message_id);


--
-- Name: idx_feedback_messages_thread_created; Type: INDEX; Schema: dbo; Owner: -
--

CREATE INDEX idx_feedback_messages_thread_created ON dbo.feedback_messages USING btree (thread_id, created_at);


--
-- Name: idx_feedback_threads_employee_updated; Type: INDEX; Schema: dbo; Owner: -
--

CREATE INDEX idx_feedback_threads_employee_updated ON dbo.feedback_threads USING btree (employee_id, updated_at DESC);


--
-- Name: idx_feedback_threads_status_updated; Type: INDEX; Schema: dbo; Owner: -
--

CREATE INDEX idx_feedback_threads_status_updated ON dbo.feedback_threads USING btree (status, updated_at DESC);


--
-- Name: idx_monthlyplan_items_invoice_id; Type: INDEX; Schema: dbo; Owner: -
--

CREATE INDEX idx_monthlyplan_items_invoice_id ON dbo.monthlyplan_items USING btree (invoice_id);


--
-- Name: idx_monthlyplan_items_plan_id; Type: INDEX; Schema: dbo; Owner: -
--

CREATE INDEX idx_monthlyplan_items_plan_id ON dbo.monthlyplan_items USING btree (plan_id);


--
-- Name: idx_partners_companyid; Type: INDEX; Schema: dbo; Owner: -
--

CREATE INDEX idx_partners_companyid ON dbo.partners USING btree (companyid);


--
-- Name: idx_partners_cskhid; Type: INDEX; Schema: dbo; Owner: -
--

CREATE INDEX idx_partners_cskhid ON dbo.partners USING btree (cskhid) WHERE (cskhid IS NOT NULL);


--
-- Name: idx_partners_face_subject_id; Type: INDEX; Schema: dbo; Owner: -
--

CREATE INDEX idx_partners_face_subject_id ON dbo.partners USING btree (face_subject_id);


--
-- Name: idx_partners_salestaffid; Type: INDEX; Schema: dbo; Owner: -
--

CREATE INDEX idx_partners_salestaffid ON dbo.partners USING btree (salestaffid) WHERE (salestaffid IS NOT NULL);


--
-- Name: idx_payment_allocations_dotkham_id; Type: INDEX; Schema: dbo; Owner: -
--

CREATE INDEX idx_payment_allocations_dotkham_id ON dbo.payment_allocations USING btree (dotkham_id);


--
-- Name: idx_payment_allocations_invoice_id; Type: INDEX; Schema: dbo; Owner: -
--

CREATE INDEX idx_payment_allocations_invoice_id ON dbo.payment_allocations USING btree (invoice_id);


--
-- Name: idx_payment_allocations_payment_id; Type: INDEX; Schema: dbo; Owner: -
--

CREATE INDEX idx_payment_allocations_payment_id ON dbo.payment_allocations USING btree (payment_id);


--
-- Name: idx_payments_deposit_type; Type: INDEX; Schema: dbo; Owner: -
--

CREATE INDEX idx_payments_deposit_type ON dbo.payments USING btree (deposit_type);


--
-- Name: idx_payments_receipt_number; Type: INDEX; Schema: dbo; Owner: -
--

CREATE INDEX idx_payments_receipt_number ON dbo.payments USING btree (receipt_number);


--
-- Name: idx_planinstallments_plan_id; Type: INDEX; Schema: dbo; Owner: -
--

CREATE INDEX idx_planinstallments_plan_id ON dbo.planinstallments USING btree (plan_id);


--
-- Name: idx_planinstallments_status; Type: INDEX; Schema: dbo; Owner: -
--

CREATE INDEX idx_planinstallments_status ON dbo.planinstallments USING btree (status);


--
-- Name: idx_websitepages_company; Type: INDEX; Schema: dbo; Owner: -
--

CREATE INDEX idx_websitepages_company ON dbo.websitepages USING btree (company_id);


--
-- Name: idx_websitepages_status; Type: INDEX; Schema: dbo; Owner: -
--

CREATE INDEX idx_websitepages_status ON dbo.websitepages USING btree (status);


--
-- Name: uniq_saleorders_code; Type: INDEX; Schema: dbo; Owner: -
--

CREATE UNIQUE INDEX uniq_saleorders_code ON dbo.saleorders USING btree (code) WHERE ((code IS NOT NULL) AND (isdeleted = false));


--
-- Name: employee_location_scope employee_location_scope_company_id_fkey; Type: FK CONSTRAINT; Schema: dbo; Owner: -
--

ALTER TABLE ONLY dbo.employee_location_scope
    ADD CONSTRAINT employee_location_scope_company_id_fkey FOREIGN KEY (company_id) REFERENCES dbo.companies(id) ON DELETE CASCADE;


--
-- Name: employee_location_scope employee_location_scope_employee_id_fkey; Type: FK CONSTRAINT; Schema: dbo; Owner: -
--

ALTER TABLE ONLY dbo.employee_location_scope
    ADD CONSTRAINT employee_location_scope_employee_id_fkey FOREIGN KEY (employee_id) REFERENCES dbo.partners(id) ON DELETE CASCADE;


--
-- Name: employee_permissions employee_permissions_employee_id_fkey; Type: FK CONSTRAINT; Schema: dbo; Owner: -
--

ALTER TABLE ONLY dbo.employee_permissions
    ADD CONSTRAINT employee_permissions_employee_id_fkey FOREIGN KEY (employee_id) REFERENCES dbo.partners(id) ON DELETE CASCADE;


--
-- Name: employee_permissions employee_permissions_group_id_fkey; Type: FK CONSTRAINT; Schema: dbo; Owner: -
--

ALTER TABLE ONLY dbo.employee_permissions
    ADD CONSTRAINT employee_permissions_group_id_fkey FOREIGN KEY (group_id) REFERENCES dbo.permission_groups(id);


--
-- Name: feedback_attachments feedback_attachments_message_id_fkey; Type: FK CONSTRAINT; Schema: dbo; Owner: -
--

ALTER TABLE ONLY dbo.feedback_attachments
    ADD CONSTRAINT feedback_attachments_message_id_fkey FOREIGN KEY (message_id) REFERENCES dbo.feedback_messages(id) ON DELETE CASCADE;


--
-- Name: feedback_messages feedback_messages_author_id_fkey; Type: FK CONSTRAINT; Schema: dbo; Owner: -
--

ALTER TABLE ONLY dbo.feedback_messages
    ADD CONSTRAINT feedback_messages_author_id_fkey FOREIGN KEY (author_id) REFERENCES dbo.partners(id) ON DELETE SET NULL;


--
-- Name: feedback_messages feedback_messages_thread_id_fkey; Type: FK CONSTRAINT; Schema: dbo; Owner: -
--

ALTER TABLE ONLY dbo.feedback_messages
    ADD CONSTRAINT feedback_messages_thread_id_fkey FOREIGN KEY (thread_id) REFERENCES dbo.feedback_threads(id) ON DELETE CASCADE;


--
-- Name: feedback_threads feedback_threads_employee_id_fkey; Type: FK CONSTRAINT; Schema: dbo; Owner: -
--

ALTER TABLE ONLY dbo.feedback_threads
    ADD CONSTRAINT feedback_threads_employee_id_fkey FOREIGN KEY (employee_id) REFERENCES dbo.partners(id) ON DELETE CASCADE;


--
-- Name: appointments fk_appointments_company; Type: FK CONSTRAINT; Schema: dbo; Owner: -
--

ALTER TABLE ONLY dbo.appointments
    ADD CONSTRAINT fk_appointments_company FOREIGN KEY (companyid) REFERENCES dbo.companies(id) ON DELETE CASCADE;


--
-- Name: appointments fk_appointments_partner; Type: FK CONSTRAINT; Schema: dbo; Owner: -
--

ALTER TABLE ONLY dbo.appointments
    ADD CONSTRAINT fk_appointments_partner FOREIGN KEY (partnerid) REFERENCES dbo.partners(id) ON DELETE CASCADE;


--
-- Name: partners fk_partners_company; Type: FK CONSTRAINT; Schema: dbo; Owner: -
--

ALTER TABLE ONLY dbo.partners
    ADD CONSTRAINT fk_partners_company FOREIGN KEY (companyid) REFERENCES dbo.companies(id) ON DELETE SET NULL;


--
-- Name: group_permissions group_permissions_group_id_fkey; Type: FK CONSTRAINT; Schema: dbo; Owner: -
--

ALTER TABLE ONLY dbo.group_permissions
    ADD CONSTRAINT group_permissions_group_id_fkey FOREIGN KEY (group_id) REFERENCES dbo.permission_groups(id) ON DELETE CASCADE;


--
-- Name: monthlyplan_items monthlyplan_items_invoice_id_fkey; Type: FK CONSTRAINT; Schema: dbo; Owner: -
--

ALTER TABLE ONLY dbo.monthlyplan_items
    ADD CONSTRAINT monthlyplan_items_invoice_id_fkey FOREIGN KEY (invoice_id) REFERENCES dbo.saleorders(id) ON DELETE CASCADE;


--
-- Name: monthlyplan_items monthlyplan_items_plan_id_fkey; Type: FK CONSTRAINT; Schema: dbo; Owner: -
--

ALTER TABLE ONLY dbo.monthlyplan_items
    ADD CONSTRAINT monthlyplan_items_plan_id_fkey FOREIGN KEY (plan_id) REFERENCES dbo.monthlyplans(id) ON DELETE CASCADE;


--
-- Name: monthlyplans monthlyplans_company_id_fkey; Type: FK CONSTRAINT; Schema: dbo; Owner: -
--

ALTER TABLE ONLY dbo.monthlyplans
    ADD CONSTRAINT monthlyplans_company_id_fkey FOREIGN KEY (company_id) REFERENCES dbo.companies(id);


--
-- Name: monthlyplans monthlyplans_customer_id_fkey; Type: FK CONSTRAINT; Schema: dbo; Owner: -
--

ALTER TABLE ONLY dbo.monthlyplans
    ADD CONSTRAINT monthlyplans_customer_id_fkey FOREIGN KEY (customer_id) REFERENCES dbo.partners(id);


--
-- Name: payment_allocations payment_allocations_invoice_id_fkey; Type: FK CONSTRAINT; Schema: dbo; Owner: -
--

ALTER TABLE ONLY dbo.payment_allocations
    ADD CONSTRAINT payment_allocations_invoice_id_fkey FOREIGN KEY (invoice_id) REFERENCES dbo.saleorders(id) ON DELETE RESTRICT;


--
-- Name: payment_allocations payment_allocations_payment_id_fkey; Type: FK CONSTRAINT; Schema: dbo; Owner: -
--

ALTER TABLE ONLY dbo.payment_allocations
    ADD CONSTRAINT payment_allocations_payment_id_fkey FOREIGN KEY (payment_id) REFERENCES dbo.payments(id) ON DELETE CASCADE;


--
-- Name: payments payments_customer_id_fkey; Type: FK CONSTRAINT; Schema: dbo; Owner: -
--

ALTER TABLE ONLY dbo.payments
    ADD CONSTRAINT payments_customer_id_fkey FOREIGN KEY (customer_id) REFERENCES dbo.partners(id);


--
-- Name: permission_overrides permission_overrides_employee_id_fkey; Type: FK CONSTRAINT; Schema: dbo; Owner: -
--

ALTER TABLE ONLY dbo.permission_overrides
    ADD CONSTRAINT permission_overrides_employee_id_fkey FOREIGN KEY (employee_id) REFERENCES dbo.partners(id) ON DELETE CASCADE;


--
-- Name: planinstallments planinstallments_plan_id_fkey; Type: FK CONSTRAINT; Schema: dbo; Owner: -
--

ALTER TABLE ONLY dbo.planinstallments
    ADD CONSTRAINT planinstallments_plan_id_fkey FOREIGN KEY (plan_id) REFERENCES dbo.monthlyplans(id) ON DELETE CASCADE;


--
-- Name: productcategories productcategories_parentid_fkey; Type: FK CONSTRAINT; Schema: dbo; Owner: -
--

ALTER TABLE ONLY dbo.productcategories
    ADD CONSTRAINT productcategories_parentid_fkey FOREIGN KEY (parentid) REFERENCES dbo.productcategories(id);


--
-- Name: products products_categid_fkey; Type: FK CONSTRAINT; Schema: dbo; Owner: -
--

ALTER TABLE ONLY dbo.products
    ADD CONSTRAINT products_categid_fkey FOREIGN KEY (categid) REFERENCES dbo.productcategories(id);


--
-- Name: products products_companyid_fkey; Type: FK CONSTRAINT; Schema: dbo; Owner: -
--

ALTER TABLE ONLY dbo.products
    ADD CONSTRAINT products_companyid_fkey FOREIGN KEY (companyid) REFERENCES dbo.companies(id);


--
-- Name: websitepages websitepages_company_id_fkey; Type: FK CONSTRAINT; Schema: dbo; Owner: -
--

ALTER TABLE ONLY dbo.websitepages
    ADD CONSTRAINT websitepages_company_id_fkey FOREIGN KEY (company_id) REFERENCES dbo.companies(id);


--
-- PostgreSQL database dump complete
--

\unrestrict qCvvEfOypBAoryGchAL1NvmLq0mt0h6htVMEEiRkvcYqO0GVcZ9j0T1w1HaWci1

